date,stock_id,rank,turnover,per,yield,pbr
2015-01-05,2330,1,4459516134,15.82,2.14,3.78
2015-01-05,3481,2,3596163159,17.88,0.85,0.77
2015-01-05,3474,3,3586625885,7.56,0.0,3.48
2015-01-05,2409,4,2279454915,13.21,0.87,0.95
2015-01-05,3673,5,2233076546,,2.56,1.48
2015-01-05,2317,6,2210737580,11.08,3.44,1.5
2015-01-05,3008,7,1979137910,20.45,1.21,8.15
2015-01-05,2303,8,1755229886,22.76,3.28,0.9
2015-01-05,2408,9,1427536792,8.82,0.0,6.46
2015-01-05,1314,10,1207800377,,0.0,0.92
2015-01-05,2454,11,1148998364,16.19,3.25,3.13
2015-01-05,2498,12,1138295962,88.27,0.0,1.49
2015-01-05,2344,13,1122592165,20.09,0.0,1.12
2015-01-05,0061,14,1009315283,,,
2015-01-05,3034,15,844725986,16.97,3.41,4.09
2015-01-05,2474,16,838724113,12.84,1.96,2.25
2015-01-05,2882,17,720762769,12.47,4.31,1.47
2015-01-05,2618,18,692543088,,0.0,2.06
2015-01-05,2311,19,582181121,13.9,3.41,2.22
2015-01-05,2881,20,575835611,8.67,2.98,1.39
2015-01-05,6116,21,571476906,20.1,15.78,0.75
2015-01-05,3045,22,546514480,18.06,5.38,5.17
2015-01-05,2325,23,546182560,13.69,3.73,2.2
2015-01-05,4938,24,544412905,14.41,3.73,1.54
2015-01-05,2891,25,529709410,7.65,3.64,1.39
2015-01-05,2352,26,517125718,10.53,0.0,1.18
2015-01-05,2609,27,506277287,34.39,0.0,1.47
2015-01-05,2357,28,499972405,12.39,5.66,1.74
2015-01-05,2603,29,494854679,77.41,0.0,1.33
2015-01-05,1477,30,475950941,20.69,4.44,4.31
2015-01-05,2610,31,459923545,,0.0,1.61
2015-01-05,2412,32,459617744,18.13,4.86,2.03
2015-01-05,1303,33,448543220,14.42,2.97,1.65
2015-01-05,2002,34,423480546,21.72,3.4,1.39
2015-01-05,0050,35,417637764,,,
2015-01-05,1216,36,395523625,24.65,4.24,3.08
2015-01-05,2448,37,379269141,34.01,0.69,1.24
2015-01-05,4733,38,371118779,19.95,2.79,5.18
2015-01-05,2301,39,361252904,11.46,7.41,1.2
2015-01-05,4904,40,360775907,18.98,5.31,3.26
2015-01-05,8454,41,350903430,74.6,1.07,16.13
2015-01-05,2387,42,350265215,15.18,0.71,0.99
2015-01-05,2308,43,344497601,22.7,3.05,4.86
2015-01-05,2382,44,329280079,15.96,4.84,2.44
2015-01-05,2886,45,322511017,10.66,4.61,1.19
2015-01-05,1301,46,322023763,18.87,2.66,1.66
2015-01-05,2395,47,317927990,31.53,2.66,7.25
2015-01-05,6285,48,317692828,17.62,4.64,2.12
2015-01-05,3406,49,312477194,,0.0,1.36
2015-01-05,3189,50,282066746,12.32,3.33,1.76
2015-01-05,3576,51,277657776,25.43,0.99,1.17
2015-01-05,2312,52,276952017,10.56,0.0,1.31
2015-01-05,1326,53,275670460,19.47,3.79,1.42
2015-01-05,2354,54,268462452,16.34,1.75,1.6
2015-01-05,2912,55,268241513,27.31,2.51,9.92
2015-01-05,2324,56,265819108,18.99,4.38,1.04
2015-01-05,2887,57,259908694,8.08,10.97,0.98
2015-01-05,2105,58,258328796,14.44,4.04,2.96
2015-01-05,2368,59,257817934,,0.0,1.54
2015-01-05,3311,60,251314950,,4.8,0.91
2015-01-05,3231,61,240804907,17.97,6.96,1.06
2015-01-05,6214,62,231182824,21.42,4.85,1.17
2015-01-05,6505,63,230513664,22.32,3.71,2.63
2015-01-05,2883,64,225801240,15.0,3.98,0.91
2015-01-05,2356,65,219945123,11.0,7.46,1.41
2015-01-05,3545,66,213542091,36.04,5.24,1.87
2015-01-05,2439,67,209268160,14.73,3.73,3.68
2015-01-05,2888,68,204561879,14.77,6.66,0.87
2015-01-05,2390,69,204056780,,1.31,3.29
2015-01-05,2393,70,203774736,15.14,4.24,1.84
2015-01-05,2449,71,202746901,12.95,4.97,1.4
2015-01-05,9914,72,201757453,20.53,3.08,5.84
2015-01-05,8213,73,201110597,9.35,5.64,1.45
2015-01-05,2913,74,199361528,15.25,2.69,0.91
2015-01-05,2353,75,199171641,,0.0,1.0
2015-01-05,2499,76,198092775,19.16,1.21,1.6
2015-01-05,2402,77,190715819,10.95,1.86,1.47
2015-01-05,3514,78,186693902,131.39,0.0,0.75
2015-01-05,3533,79,182972960,12.61,2.36,1.91
2015-01-05,1476,80,172457401,28.82,2.33,9.76
2015-01-05,4915,81,172028030,14.18,2.05,2.0
2015-01-05,9921,82,169666070,26.24,2.18,5.7
2015-01-05,3057,83,169619649,15.95,4.22,2.62
2015-01-05,1319,84,165830856,18.78,2.93,1.33
2015-01-05,2207,85,165748786,27.94,2.71,7.6
2015-01-05,8215,86,165358170,8.71,0.87,2.53
2015-01-05,2436,87,162712870,35.58,0.53,2.53
2015-01-05,3006,88,158834128,14.27,3.86,2.12
2015-01-05,2049,89,158784118,29.11,1.14,5.69
2015-01-05,1711,90,158118372,18.89,3.58,1.88
2015-01-05,3698,91,153395873,29.95,3.99,1.38
2015-01-05,9802,92,150274437,19.43,3.94,1.24
2015-01-05,5871,93,147548726,12.7,3.85,2.68
2015-01-05,2483,94,145757901,14.94,5.84,1.27
2015-01-05,2890,95,145743472,8.35,8.8,0.98
2015-01-05,4960,96,145033198,8.46,2.94,1.43
2015-01-05,2885,97,144865599,9.68,5.88,0.94
2015-01-05,6271,98,142830760,11.29,6.36,1.86
2015-01-05,2231,99,139324718,34.18,2.52,12.87
2015-01-05,1447,100,139034078,17.43,7.97,0.98
2015-01-05,2379,101,138799684,13.27,4.72,2.59
2015-01-05,5264,102,135138003,11.76,5.01,2.38
2015-01-05,1522,103,135106742,30.56,0.0,1.3
2015-01-05,1304,104,134871788,25.36,3.38,1.08
2015-01-05,2892,105,134749221,12.92,6.45,1.15
2015-01-05,2497,106,134714030,15.49,3.15,3.78
2015-01-05,8105,107,133735300,73.06,0.0,0.81
2015-01-05,2801,108,133722446,13.01,4.46,1.21
2015-01-05,1402,109,133303449,15.07,4.15,0.84
2015-01-05,2059,110,133157854,24.77,1.84,6.1
2015-01-05,2332,111,130989381,37.06,6.35,0.93
2015-01-05,3017,112,130325967,13.48,1.64,1.1
2015-01-05,2823,113,130022004,13.71,3.07,1.54
2015-01-05,3450,114,129263363,11.63,4.21,3.7
2015-01-05,2458,115,128190273,12.82,7.38,2.66
2015-01-05,6202,116,124871191,17.31,5.69,3.46
2015-01-05,2880,117,124432815,13.44,5.68,1.17
2015-01-05,6239,118,124229806,,3.68,1.36
2015-01-05,2634,119,123820760,29.44,0.0,3.51
2015-01-05,4958,120,123382423,11.15,3.5,2.25
2015-01-05,1101,121,122244519,14.88,5.35,1.42
2015-01-05,5305,122,121986994,18.65,1.23,0.94
2015-01-05,2884,123,121457602,13.34,5.99,1.31
2015-01-05,1102,124,113776012,13.91,5.23,0.96
2015-01-05,2327,125,113627428,9.46,0.2,1.36
2015-01-05,9904,126,112092299,12.84,2.59,1.79
2015-01-05,3598,127,111250096,14.9,2.9,1.61
2015-01-05,9945,128,110430978,1.92,8.78,1.36
2015-01-05,2313,129,110367766,11.56,2.75,1.22
2015-01-05,2415,130,105754008,9.47,3.7,1.29
2015-01-05,9938,131,105147180,14.51,3.48,2.05
2015-01-05,2337,132,104545777,,0.0,1.0
2015-01-05,1704,133,103082019,,2.96,1.02
2015-01-05,2302,134,103078466,56.69,1.1,0.9
2015-01-05,1507,135,100824640,14.46,3.27,2.86
2015-01-05,2607,136,100454241,34.0,1.6,1.0
2015-01-05,3035,137,98961204,21.16,5.44,2.24
2015-01-05,3060,138,97868509,42.29,1.28,5.93
2015-01-05,3037,139,97299117,64.08,2.46,0.83
2015-01-05,1722,140,96780625,204.81,3.62,1.1
2015-01-05,1710,141,96480066,38.19,4.36,1.46
2015-01-05,2227,142,95537577,15.94,5.93,4.22
2015-01-05,8016,143,94863615,16.18,3.59,2.68
2015-01-05,6269,144,93338598,11.8,3.48,1.93
2015-01-05,2915,145,92875353,1.39,7.47,1.08
2015-01-05,1723,146,91354900,15.26,5.39,5.06
2015-01-05,2323,147,90813671,,0.0,0.43
2015-01-05,2615,148,89772390,13.06,2.84,1.89
2015-01-05,5388,149,89369149,17.76,3.8,2.89
2015-01-05,2369,150,87567250,22.13,4.72,0.89
2015-04-01,2330,1,5643680541,14.15,3.13,3.57
2015-04-01,2317,2,3794649871,10.39,3.27,1.46
2015-04-01,2474,3,2351074724,14.52,1.45,2.71
2015-04-01,2454,4,2272335420,14.14,3.58,2.65
2015-04-01,3008,5,2155123650,18.87,1.04,7.94
2015-04-01,2448,6,1824529505,28.42,1.77,0.88
2015-04-01,3673,7,1760554725,251.19,2.36,1.54
2015-04-01,2325,8,1403893930,13.43,5.94,2.18
2015-04-01,2311,9,1343627013,13.71,4.77,2.15
2015-04-01,2409,10,1243012182,8.61,3.17,0.84
2015-04-01,3474,11,1110858296,5.02,0.0,2.28
2015-04-01,1589,12,1055229305,20.37,3.27,2.57
2015-04-01,2308,13,889211762,22.97,3.08,4.62
2015-04-01,1476,14,888116162,35.93,1.93,11.39
2015-04-01,2498,15,853387147,75.98,0.0,1.4
2015-04-01,2881,16,820603473,9.42,2.7,1.39
2015-04-01,2382,17,804272337,15.1,5.41,2.15
2015-04-01,9904,18,793326900,15.39,2.22,1.88
2015-04-01,4938,19,777871425,15.25,4.89,1.67
2015-04-01,2618,20,737408062,,0.0,2.2
2015-04-01,3060,21,731040681,28.49,2.28,4.1
2015-04-01,2049,22,651057769,24.46,1.56,4.55
2015-04-01,2354,23,650586748,12.37,1.78,1.42
2015-04-01,3017,24,624612240,13.83,3.51,1.22
2015-04-01,4733,25,611586376,27.95,2.87,7.7
2015-04-01,2882,26,595473830,12.5,4.06,1.43
2015-04-01,3481,27,577607618,7.13,0.9,0.68
2015-04-01,6605,28,576414060,13.9,2.86,2.24
2015-04-01,0050,29,565367472,,,
2015-04-01,6269,30,558642576,13.32,2.74,2.2
2015-04-01,0061,31,538892203,,,
2015-04-01,1101,32,514093162,15.07,5.72,1.36
2015-04-01,2105,33,508633491,14.37,4.23,2.62
2015-04-01,9910,34,497245972,35.27,2.13,10.03
2015-04-01,1216,35,480863377,25.29,3.49,3.06
2015-04-01,3034,36,463925292,13.63,3.72,3.48
2015-04-01,2395,37,463517225,30.17,2.67,6.63
2015-04-01,3311,38,426612831,,4.43,1.08
2015-04-01,2412,39,421940279,19.82,4.92,2.1
2015-04-01,3450,40,417852998,13.66,4.87,4.23
2015-04-01,4915,41,417486139,12.29,4.15,2.07
2015-04-01,6176,42,410246415,11.8,7.41,1.8
2015-04-01,2357,43,406885971,11.94,5.43,1.42
2015-04-01,2912,44,398235894,26.54,3.02,9.09
2015-04-01,2313,45,388114010,11.86,3.03,1.25
2015-04-01,2891,46,378677416,8.0,3.58,1.37
2015-04-01,3576,47,375352640,108.08,0.71,1.13
2015-04-01,1303,48,354783126,17.08,3.36,1.7
2015-04-01,2303,49,353381753,15.72,3.61,0.86
2015-04-01,8454,50,343376495,33.68,3.06,6.25
2015-04-01,2603,51,340131345,68.09,0.86,1.32
2015-04-01,9938,52,324827848,23.31,2.61,3.39
2015-04-01,3019,53,324194302,,0.0,1.03
2015-04-01,2356,54,321480173,11.21,7.21,1.38
2015-04-01,3231,55,318938074,18.41,7.49,0.94
2015-04-01,2883,56,316570257,14.59,3.76,0.93
2015-04-01,2002,57,310962992,17.87,3.91,1.3
2015-04-01,3406,58,301279512,,0.0,1.36
2015-04-01,2406,59,294257596,2790.0,0.0,1.57
2015-04-01,6505,60,285801214,71.16,1.26,2.69
2015-04-01,1301,61,284897701,26.33,2.28,1.66
2015-04-01,2890,62,276027100,9.45,9.58,0.98
2015-04-01,2886,63,271810166,10.62,4.3,1.23
2015-04-01,3045,64,271677274,19.78,5.14,4.92
2015-04-01,2610,65,266457129,,0.0,1.72
2015-04-01,2885,66,264860439,9.6,5.85,0.93
2015-04-01,2393,67,263609144,13.85,5.71,1.72
2015-04-01,4904,68,263248230,21.28,5.01,3.36
2015-04-01,2884,69,261784690,12.89,7.03,1.27
2015-04-01,3054,70,259452897,175.36,0.41,2.12
2015-04-01,2542,71,256377358,6.49,9.43,2.15
2015-04-01,1477,72,255164744,25.36,3.39,5.27
2015-04-01,4426,73,254765147,24.79,2.87,4.63
2015-04-01,2324,74,253557735,15.8,5.86,1.1
2015-04-01,2316,75,245483865,15.78,8.26,0.9
2015-04-01,2609,76,241013011,127.14,0.0,1.51
2015-04-01,5264,77,237124720,11.39,5.45,1.98
2015-04-01,3035,78,227622701,27.71,4.38,2.71
2015-04-01,3698,79,225753006,26.73,3.93,1.13
2015-04-01,5871,80,225225718,12.5,4.11,2.48
2015-04-01,1326,81,223816448,38.67,1.72,1.46
2015-04-01,3005,82,221380662,12.72,5.21,0.84
2015-04-01,2892,83,211870339,12.27,6.43,1.12
2015-04-01,4958,84,211068414,10.87,4.04,2.29
2015-04-01,5880,85,208282877,13.98,5.7,0.92
2015-04-01,2455,86,206134313,20.05,5.25,2.68
2015-04-01,3665,87,205613702,18.03,4.3,2.69
2015-04-01,6153,88,203022858,24.8,2.03,1.23
2015-04-01,1702,89,199751066,18.04,3.05,3.36
2015-04-01,9939,90,197634366,15.81,4.25,1.44
2015-04-01,2887,91,196623175,77.94,10.64,1.11
2015-04-01,1558,92,196338713,13.43,4.89,2.76
2015-04-01,2301,93,194933580,14.37,5.04,1.24
2015-04-01,1707,94,194579638,19.06,3.84,5.85
2015-04-01,2353,95,192116210,31.15,0.0,0.92
2015-04-01,2327,96,190373232,11.31,0.15,1.71
2015-04-01,2615,97,188203291,16.1,2.1,2.38
2015-04-01,8150,98,186695826,11.6,4.98,2.11
2015-04-01,1590,99,185689230,23.39,2.18,4.18
2015-04-01,3022,100,184900902,12.26,4.52,2.51
2015-04-01,2841,101,183786172,1.92,4.26,0.65
2015-04-01,2929,102,182075774,10.55,4.01,2.54
2015-04-01,6230,103,176289070,15.76,3.85,2.8
2015-04-01,2833,104,175560674,14.2,0.0,1.61
2015-04-01,8429,105,175390000,8.64,5.47,1.74
2015-04-01,6415,106,175311505,24.64,1.57,5.62
2015-04-01,6452,107,174068318,11.57,0.0,2.82
2015-04-01,1909,108,172248528,12.48,6.87,0.73
2015-04-01,3014,109,171857206,16.52,5.19,1.64
2015-04-01,2355,110,166731505,14.04,3.52,1.75
2015-04-01,3702,111,166581830,11.35,5.77,1.46
2015-04-01,5269,112,166516500,51.98,1.43,9.52
2015-04-01,9914,113,165160042,21.59,2.69,6.02
2015-04-01,2331,114,165004404,12.89,15.58,1.11
2015-04-01,2312,115,162123718,8.19,0.0,1.16
2015-04-01,1102,116,157450194,14.1,5.61,0.93
2015-04-01,3593,117,156540853,,0.0,1.7
2015-04-01,8341,118,156129112,22.37,3.24,4.64
2015-04-01,2903,119,153130186,24.02,3.89,1.16
2015-04-01,2231,120,151887890,35.28,2.07,13.41
2015-04-01,5522,121,151658419,6.04,10.5,0.76
2015-04-01,3682,122,151384850,,3.27,1.48
2015-04-01,1537,123,147273730,14.22,5.65,3.09
2015-04-01,2449,124,144286810,13.0,6.44,1.45
2015-04-01,2383,125,139586817,11.17,4.6,2.11
2015-04-01,8046,126,137711579,20.8,2.5,0.87
2015-04-01,3686,127,135835178,,0.0,0.78
2015-04-01,9945,128,135312095,8.6,9.23,1.09
2015-04-01,1340,129,133934508,10.55,4.48,1.95
2015-04-01,2385,130,131491376,13.97,5.43,2.58
2015-04-01,2379,131,126273677,12.81,5.06,2.26
2015-04-01,2458,132,125980039,14.78,6.81,2.8
2015-04-01,9802,133,125637712,24.62,3.4,1.71
2015-04-01,6239,134,125312454,12.73,5.59,1.31
2015-04-01,8213,135,125199289,9.19,5.61,1.36
2015-04-01,1210,136,124254140,15.12,3.89,1.27
2015-04-01,2059,137,121108809,25.29,1.56,6.53
2015-04-01,8422,138,119571368,18.72,4.53,4.19
2015-04-01,3533,139,119084980,11.8,4.04,1.64
2015-04-01,6197,140,118869073,22.2,5.45,1.8
2015-04-01,2436,141,118483062,35.64,2.69,2.47
2015-04-01,1227,142,117526001,26.79,3.22,4.65
2015-04-01,1452,143,116998982,17.98,4.25,1.43
2015-04-01,6504,144,115643413,28.67,1.69,5.14
2015-04-01,8016,145,114667251,18.34,4.11,3.29
2015-04-01,2337,146,113702448,,0.0,1.18
2015-04-01,3006,147,112786181,11.34,5.39,1.93
2015-04-01,4952,148,112564438,15.28,5.72,2.3
2015-04-01,2420,149,111327216,13.13,6.94,2.86
2015-04-01,6206,150,111265820,17.94,4.63,4.22
2015-07-01,2330,1,4704327416,12.39,3.19,3.25
2015-07-01,2474,2,3646330116,15.45,1.53,3.04
2015-07-01,6269,3,3032752765,14.85,1.82,3.02
2015-07-01,2354,4,2956845645,13.56,2.19,1.94
2015-07-01,3008,5,2655104675,23.68,1.39,9.76
2015-07-01,2317,6,2484753850,10.25,4.39,1.53
2015-07-01,2454,7,1724941442,15.38,5.15,2.64
2015-07-01,3673,8,1313811841,,0.27,1.4
2015-07-01,3474,9,1214105950,3.33,0.0,1.31
2015-07-01,2882,10,1138256160,11.96,3.81,1.45
2015-07-01,4958,11,1130203192,11.94,3.57,2.4
2015-07-01,5269,12,1095090682,69.0,1.15,11.47
2015-07-01,3665,13,856565077,22.41,3.11,3.68
2015-07-01,2498,14,770131806,16.71,0.51,0.78
2015-07-01,2881,15,767890009,9.42,4.9,1.42
2015-07-01,2311,16,746120991,13.03,4.75,2.16
2015-07-01,3706,17,731612200,19.33,2.21,0.74
2015-07-01,9910,18,689873802,30.97,2.29,8.75
2015-07-01,3481,19,670026884,5.31,4.35,0.68
2015-07-01,9802,20,648917278,25.22,2.89,1.98
2015-07-01,2308,21,635317438,19.15,4.27,3.63
2015-07-01,2455,22,605876715,22.83,4.09,3.31
2015-07-01,2409,23,604893355,5.92,3.61,0.72
2015-07-01,2412,24,594908900,19.6,4.96,2.03
2015-07-01,6214,25,591868375,24.7,7.07,1.27
2015-07-01,5264,26,590386487,13.97,3.72,2.28
2015-07-01,1536,27,567910601,32.25,2.01,7.12
2015-07-01,2891,28,547695670,8.91,6.71,1.54
2015-07-01,4938,29,516535925,13.0,4.51,1.67
2015-07-01,2303,30,509755593,11.13,4.15,0.74
2015-07-01,2383,31,502220440,10.36,4.17,2.19
2015-07-01,2883,32,498818248,16.37,5.02,1.03
2015-07-01,2886,33,486505570,11.43,5.02,1.3
2015-07-01,0061,34,453886098,,,
2015-07-01,6285,35,447847466,18.9,3.17,2.58
2015-07-01,4733,36,446801459,30.98,2.18,9.43
2015-07-01,1227,37,428108149,26.67,2.85,5.09
2015-07-01,3034,38,427922316,12.02,6.62,3.06
2015-07-01,0050,39,424660570,,,
2015-07-01,2357,40,422261290,12.06,5.57,1.31
2015-07-01,6197,41,421423840,23.41,5.43,1.8
2015-07-01,5871,42,378354306,12.01,4.18,2.34
2015-07-01,6505,43,377318006,532.0,1.07,3.15
2015-07-01,1589,44,377143280,22.55,2.74,2.83
2015-07-01,1216,45,373173447,26.36,3.31,3.1
2015-07-01,1303,46,365698220,19.01,3.16,1.79
2015-07-01,2885,47,365293368,10.06,5.42,0.98
2015-07-01,3029,48,364658575,17.39,3.76,1.74
2015-07-01,3045,49,360584330,19.41,5.33,4.48
2015-07-01,2325,50,352067182,12.07,6.32,1.97
2015-07-01,3231,51,351057198,14.94,6.28,0.85
2015-07-01,6176,52,349620959,16.09,4.76,2.2
2015-07-01,6456,53,347365004,28.37,1.51,5.55
2015-07-01,2448,54,342848984,13.06,2.02,0.77
2015-07-01,2439,55,340788145,13.13,6.54,2.2
2015-07-01,2379,56,319804105,10.98,7.24,1.85
2015-07-01,1707,57,292522848,25.83,2.71,7.7
2015-07-01,2603,58,291014395,13.17,1.2,0.92
2015-07-01,4904,59,290777786,21.29,5.05,3.2
2015-07-01,1301,60,282467338,32.07,2.34,1.59
2015-07-01,1326,61,276527219,68.52,1.62,1.54
2015-07-01,1476,62,270295095,43.05,1.59,12.91
2015-07-01,2002,63,269331094,15.58,4.12,1.21
2015-07-01,3450,64,268434998,15.91,4.01,4.77
2015-07-01,2324,65,268423488,9.11,6.38,1.0
2015-07-01,1464,66,265583713,6.78,4.99,1.94
2015-07-01,6414,67,260081108,38.3,1.64,9.68
2015-07-01,6239,68,260059308,14.95,4.52,1.58
2015-07-01,3406,69,259564003,,0.0,0.96
2015-07-01,9945,70,258714689,8.05,8.15,2.07
2015-07-01,2618,71,258559989,49.76,0.0,1.73
2015-07-01,2395,72,255365980,27.48,2.78,5.86
2015-07-01,2353,73,250742655,24.0,0.0,0.74
2015-07-01,2823,74,249847149,11.65,2.21,1.17
2015-07-01,2405,75,249769790,,0.0,0.91
2015-07-01,2485,76,240068833,22.06,4.3,1.54
2015-07-01,2105,77,239727123,13.86,4.49,2.4
2015-07-01,9938,78,235971058,25.34,2.33,3.69
2015-07-01,3030,79,235753028,11.58,6.04,2.81
2015-07-01,6415,80,235234896,29.58,1.17,7.13
2015-07-01,1101,81,228628422,15.04,6.23,1.25
2015-07-01,1539,82,217835037,18.15,2.1,3.16
2015-07-01,6166,83,217373140,29.59,2.59,5.28
2015-07-01,8016,84,216474609,16.77,4.19,3.08
2015-07-01,2049,85,216444705,22.51,1.7,4.04
2015-07-01,2892,86,215673514,12.04,7.14,1.11
2015-07-01,9904,87,207972941,13.29,3.44,1.73
2015-07-01,2382,88,206632249,15.54,5.55,2.05
2015-07-01,2316,89,203665443,14.95,5.12,1.39
2015-07-01,2610,90,199786443,18.73,0.0,1.36
2015-07-01,3005,91,195878958,11.07,5.46,1.01
2015-07-01,3023,92,194306862,14.73,4.75,2.35
2015-07-01,2301,93,186768435,12.35,5.66,1.09
2015-07-01,3037,94,183516207,,3.06,0.56
2015-07-01,4426,95,182328971,35.02,1.54,7.89
2015-07-01,2390,96,180487957,,0.0,2.22
2015-07-01,4934,97,180185894,53.23,3.03,1.02
2015-07-01,2393,98,177514556,11.27,6.62,1.46
2015-07-01,3060,99,177238354,19.25,3.02,3.08
2015-07-01,3533,100,171526012,9.78,5.39,1.21
2015-07-01,2887,101,170257386,92.14,0.78,1.04
2015-07-01,3694,102,168070758,,0.0,1.89
2015-07-01,2458,103,167620661,13.06,8.11,2.29
2015-07-01,2408,104,164307204,4.4,3.88,2.59
2015-07-01,2915,105,161773920,8.38,8.52,2.28
2015-07-01,6452,106,161536170,15.11,4.49,2.24
2015-07-01,3376,107,159613422,13.4,4.2,1.52
2015-07-01,2820,108,159230841,11.46,6.1,0.72
2015-07-01,2609,109,159176292,14.67,0.0,0.94
2015-07-01,9921,110,158345388,24.91,2.49,5.03
2015-07-01,2228,111,158225174,20.69,2.43,3.86
2015-07-01,4137,112,157363350,22.03,3.37,4.74
2015-07-01,6286,113,154473224,17.7,4.1,3.58
2015-07-01,6282,114,152704924,13.21,6.27,1.47
2015-07-01,2313,115,148155974,10.48,3.23,1.15
2015-07-01,3576,116,147249855,,0.81,1.02
2015-07-01,2402,117,146312043,11.31,7.72,1.13
2015-07-01,1312,118,144190236,40.31,1.52,1.14
2015-07-01,2385,119,142907641,14.11,5.47,2.53
2015-07-01,9914,120,142454477,18.24,3.35,4.93
2015-07-01,2231,121,140137176,32.8,1.92,12.75
2015-07-01,1102,122,138313136,13.03,6.05,0.83
2015-07-01,6451,123,137104050,20.09,4.26,3.03
2015-07-01,2059,124,134623680,22.8,2.17,5.35
2015-07-01,1477,125,134414169,27.58,2.88,5.83
2015-07-01,5388,126,134022662,15.59,4.75,2.25
2015-07-01,5305,127,133664271,16.34,4.11,0.92
2015-07-01,6153,128,133138912,33.35,2.39,1.06
2015-07-01,2401,129,129972581,10.45,3.48,1.03
2015-07-01,3035,130,126090087,22.57,3.93,2.22
2015-07-01,2912,131,125787204,27.18,3.26,7.83
2015-07-01,3514,132,123875403,,0.0,0.66
2015-07-01,9943,133,120828575,11.4,6.54,2.41
2015-07-01,1339,134,119934300,21.87,2.38,2.22
2015-07-01,3545,135,119564370,,0.89,1.18
2015-07-01,1455,136,119329096,,1.39,1.19
2015-07-01,2497,137,118661324,14.54,5.01,3.12
2015-07-01,2723,138,118518540,42.59,0.75,3.31
2015-07-01,2542,139,118085754,5.42,9.4,1.98
2015-07-01,4119,140,116604969,18.29,4.27,2.32
2015-07-01,2107,141,116310878,4.47,9.52,1.1
2015-07-01,2884,142,115905902,13.89,6.28,1.34
2015-07-01,2456,143,115495769,19.32,3.67,2.45
2015-07-01,2377,144,114059716,8.81,9.62,1.04
2015-07-01,2392,145,112990921,16.06,3.61,1.1
2015-07-01,2615,146,112149651,8.09,8.21,1.44
2015-07-01,2890,147,111346950,9.48,9.08,1.01
2015-07-01,3017,148,111258463,11.51,3.75,1.13
2015-07-01,8404,149,110990600,16.05,4.02,1.55
2015-07-01,1537,150,110868140,18.6,4.28,3.91
2015-10-01,2330,1,7046980737,11.0,3.37,3.25
2015-10-01,3008,2,5382435455,15.1,2.06,6.84
2015-10-01,2891,3,3248235206,9.24,9.47,1.14
2015-10-01,2454,4,2705994204,10.51,8.78,1.74
2015-10-01,2474,5,2599917971,12.88,1.7,2.75
2015-10-01,2317,6,2387878433,8.86,5.01,1.42
2015-10-01,2882,7,1341496754,9.49,4.42,1.33
2015-10-01,3474,8,1305380130,3.26,0.0,1.09
2015-10-01,2881,9,1296335788,7.17,5.71,1.4
2015-10-01,2308,10,1238047633,20.86,4.23,4.24
2015-10-01,2498,11,1081666092,,0.6,0.74
2015-10-01,3673,12,1066017560,,0.58,0.6
2015-10-01,6269,13,877466937,10.0,2.17,1.99
2015-10-01,3665,14,876797178,19.36,3.56,3.42
2015-10-01,2311,15,823725918,11.84,5.56,1.93
2015-10-01,2412,16,792938628,19.47,4.92,2.2
2015-10-01,1216,17,787141040,25.0,3.13,3.45
2015-10-01,9904,18,780432767,13.42,2.94,2.14
2015-10-01,2325,19,779378448,10.14,7.34,1.87
2015-10-01,2618,20,759431688,24.38,0.0,1.55
2015-10-01,0050,21,756664703,,,
2015-10-01,4733,22,688052154,19.5,3.64,6.43
2015-10-01,4938,23,673441663,9.99,4.91,1.58
2015-10-01,1464,24,628847804,7.88,4.14,2.32
2015-10-01,4426,25,628701984,28.85,1.4,8.15
2015-10-01,2354,26,572457756,9.58,2.75,1.56
2015-10-01,2357,27,567668286,11.46,5.9,1.31
2015-10-01,1476,28,560604413,39.11,1.54,15.09
2015-10-01,3034,29,546159720,8.85,9.35,2.56
2015-10-01,9910,30,542295065,32.93,1.94,11.61
2015-10-01,2382,31,535955471,12.78,7.02,1.8
2015-10-01,4915,32,534951582,12.03,4.17,2.09
2015-10-01,1536,33,510510650,29.72,1.96,7.87
2015-10-01,1303,34,508007495,13.57,4.09,1.47
2015-10-01,3481,35,491553692,3.18,6.73,0.44
2015-10-01,6176,36,474158307,17.41,5.42,2.18
2015-10-01,2884,37,466985041,12.03,6.75,1.24
2015-10-01,5388,38,441927646,18.58,3.75,3.14
2015-10-01,1457,39,431448152,8.65,2.04,0.97
2015-10-01,1301,40,426099994,20.86,2.41,1.6
2015-10-01,1460,41,420812865,18.49,4.07,1.63
2015-10-01,2409,42,414410815,4.13,5.07,0.51
2015-10-01,2303,43,413690484,8.58,5.05,0.62
2015-10-01,3045,44,411077144,18.73,5.6,5.22
2015-10-01,2886,45,403639233,9.5,6.19,1.1
2015-10-01,2892,46,401833654,10.03,8.91,0.91
2015-10-01,2448,47,391379869,10.97,3.2,0.49
2015-10-01,2379,48,385528416,9.22,10.38,1.48
2015-10-01,6285,49,372801590,14.23,4.14,2.06
2015-10-01,2610,50,365797966,10.87,0.0,1.17
2015-10-01,5269,51,363298650,58.12,1.9,7.81
2015-10-01,2231,52,353036626,30.75,2.36,14.4
2015-10-01,1326,53,349346523,26.71,1.74,1.47
2015-10-01,1319,54,344890805,26.12,2.11,1.22
2015-10-01,2002,55,342720128,13.72,5.17,1.01
2015-10-01,6286,56,342393744,18.43,3.91,4.18
2015-10-01,4958,57,332014344,10.07,3.78,2.1
2015-10-01,2885,58,326829436,10.47,7.13,0.73
2015-10-01,2823,59,325760893,7.96,2.74,0.99
2015-10-01,3450,60,315874780,11.77,4.96,4.0
2015-10-01,2497,61,314084228,13.9,5.93,3.08
2015-10-01,2883,62,308983165,12.0,6.67,0.82
2015-10-01,5871,63,308965699,8.27,6.04,1.7
2015-10-01,9938,64,295586822,25.5,2.25,4.05
2015-10-01,6239,65,294650047,13.44,5.02,1.48
2015-10-01,5264,66,294307680,10.61,4.97,1.82
2015-10-01,2383,67,292059277,11.54,3.4,2.82
2015-10-01,9802,68,291226698,34.36,4.61,1.35
2015-10-01,2049,69,282884803,18.87,1.95,3.64
2015-10-01,6452,70,267249020,16.4,4.15,2.73
2015-10-01,1590,71,266777404,19.83,3.04,3.23
2015-10-01,2912,72,263945990,26.68,3.33,9.38
2015-10-01,1707,73,257553990,21.71,3.12,7.75
2015-10-01,3706,74,255761843,11.35,3.22,0.51
2015-10-01,2385,75,254351991,12.71,6.03,2.7
2015-10-01,2890,76,251246318,8.12,11.75,0.79
2015-10-01,1589,77,244246413,19.47,3.31,2.37
2015-10-01,2313,78,243084702,12.2,2.55,1.49
2015-10-01,6282,79,241703689,14.17,7.44,1.35
2015-10-01,3231,80,238679767,15.04,8.83,0.66
2015-10-01,6505,81,236010455,38.11,1.08,3.02
2015-10-01,6414,82,235918148,29.55,1.9,9.09
2015-10-01,3533,83,234414700,11.67,5.05,1.38
2015-10-01,2395,84,233187652,27.92,2.67,6.84
2015-10-01,1101,85,229183870,14.21,7.3,1.15
2015-10-01,6443,86,227908000,,0.0,1.47
2015-10-01,2929,87,225816930,9.16,5.2,2.39
2015-10-01,1307,88,225458741,17.71,4.13,2.29
2015-10-01,3060,89,223799840,12.71,3.88,1.94
2015-10-01,1477,90,222160802,26.65,2.85,6.69
2015-10-01,9914,91,219720184,16.76,3.78,4.99
2015-10-01,2105,92,216854867,11.49,5.47,2.15
2015-10-01,2408,93,210787565,3.4,5.38,1.9
2015-10-01,1455,94,206548946,26.79,1.78,0.91
2015-10-01,4904,95,200421799,20.74,5.33,3.43
2015-10-01,2888,96,200189126,7.45,6.46,0.68
2015-10-01,3576,97,199780690,,1.05,0.83
2015-10-01,2316,98,198413414,1.65,6.0,0.77
2015-10-01,5880,99,197346729,12.98,6.67,0.8
2015-10-01,2401,100,196968562,9.25,4.41,0.85
2015-10-01,6456,101,196588500,29.0,1.6,4.23
2015-10-01,9924,102,194767585,14.66,3.9,2.14
2015-10-01,8341,103,193601556,26.4,2.34,5.37
2015-10-01,2324,104,187365773,7.97,7.87,0.86
2015-10-01,2887,105,186972427,116.0,0.86,0.92
2015-10-01,2228,106,182243898,22.52,2.17,4.55
2015-10-01,6271,107,181540480,11.34,7.03,1.48
2015-10-01,2880,108,178844593,10.13,7.95,1.0
2015-10-01,1452,109,174978418,11.48,3.4,1.65
2015-10-01,2542,110,171071364,4.23,15.07,1.4
2015-10-01,2439,111,168132132,9.71,11.79,1.43
2015-10-01,6166,112,166540713,26.2,3.1,4.66
2015-10-01,3376,113,163514737,12.76,4.15,1.61
2015-10-01,4108,114,159416486,,0.0,2.27
2015-10-01,1704,115,158317445,45.2,0.0,1.32
2015-10-01,3189,116,158166433,10.22,6.21,1.07
2015-10-01,2059,117,156952770,24.1,2.01,6.23
2015-10-01,2355,118,156129248,11.16,4.77,1.33
2015-10-01,4137,119,155845722,23.28,2.95,6.05
2015-10-01,2634,120,155406576,19.14,2.3,3.52
2015-10-01,2485,121,152088753,19.62,4.16,1.69
2015-10-01,2207,122,151986791,20.07,2.88,5.68
2015-10-01,2327,123,151227981,9.7,7.69,1.45
2015-10-01,3059,124,149825457,76.32,3.45,0.85
2015-10-01,1402,125,148481851,14.02,4.07,0.78
2015-10-01,2903,126,148078299,22.95,5.59,0.85
2015-10-01,3005,127,144399844,9.28,6.15,0.93
2015-10-01,2455,128,142020671,15.77,5.12,2.9
2015-10-01,3023,129,140031232,13.49,4.9,2.35
2015-10-01,1504,130,139541747,15.85,4.06,1.14
2015-10-01,3037,131,138646717,,3.75,0.47
2015-10-01,1338,132,137968541,11.65,3.74,1.39
2015-10-01,3019,133,134458922,,0.0,0.83
2015-10-01,4934,134,133664775,,2.91,0.96
2015-10-01,3017,135,132806485,10.86,3.95,1.12
2015-10-01,5288,136,132106726,12.69,4.88,2.24
2015-10-01,1227,137,129942690,21.03,3.54,4.39
2015-10-01,3561,138,129557760,,0.61,0.82
2015-10-01,1541,139,129161418,21.05,3.41,4.04
2015-10-01,2353,140,127551239,26.43,0.0,0.62
2015-10-01,6409,141,123122962,25.12,2.69,9.15
2015-10-01,2615,142,121652052,7.54,8.81,1.49
2015-10-01,9921,143,118275315,23.02,2.7,5.03
2015-10-01,4164,144,117517900,34.08,3.74,1.58
2015-10-01,9945,145,116071745,5.09,11.08,2.03
2015-10-01,2456,146,115720843,11.44,5.53,1.68
2015-10-01,1533,147,114489434,32.3,1.02,2.16
2015-10-01,2833,148,113119597,10.58,2.94,1.64
2015-10-01,8016,149,113095230,14.84,4.66,3.12
2015-10-01,9939,150,112753494,13.62,4.54,1.18
2016-01-04,2330,1,6137797502,11.53,3.23,3.14
2016-01-04,2317,2,2804319760,8.39,5.44,1.3
2016-01-04,3008,3,1504074375,11.73,2.34,5.13
2016-01-04,2474,4,1347929562,8.57,2.2,1.9
2016-01-04,2454,5,1343002807,12.0,8.98,1.62
2016-01-04,2882,6,1341449908,8.88,4.76,1.21
2016-01-04,2412,7,1215840671,18.39,4.95,2.12
2016-01-04,0050,8,1009176452,,,
2016-01-04,2308,9,966711650,19.55,4.5,3.8
2016-01-04,3514,10,960241762,,0.0,1.13
2016-01-04,2881,11,931434604,6.88,6.89,1.25
2016-01-04,3474,12,897411467,4.97,0.0,1.37
2016-01-04,2498,13,840814721,,0.48,0.95
2016-01-04,3665,14,766454591,19.04,3.68,3.2
2016-01-04,8464,15,715740828,25.42,0.69,10.27
2016-01-04,4938,16,665726841,8.13,5.71,1.27
2016-01-04,2311,17,651078565,12.49,5.46,1.82
2016-01-04,1301,18,633474021,18.81,2.35,1.69
2016-01-04,3673,19,600615658,,0.58,0.93
2016-01-04,1476,20,579883977,29.12,1.84,10.85
2016-01-04,2891,21,579139079,10.0,9.88,1.13
2016-01-04,2303,22,529990078,9.83,4.66,0.66
2016-01-04,1303,23,521789579,13.54,4.01,1.45
2016-01-04,1326,24,502301260,25.83,1.76,1.49
2016-01-04,2325,25,490521042,13.4,5.81,2.32
2016-01-04,2409,26,471210556,4.75,5.29,0.48
2016-01-04,2357,27,447242890,11.41,6.49,1.16
2016-01-04,4904,28,442762962,18.91,5.66,3.09
2016-01-04,2354,29,439756914,6.84,3.82,1.08
2016-01-04,3045,30,438215939,17.82,5.71,4.79
2016-01-04,2002,31,436006812,16.99,5.71,0.92
2016-01-04,3596,32,434455196,13.89,5.31,1.05
2016-01-04,2356,33,433689315,11.72,8.29,1.35
2016-01-04,2886,34,432399455,9.29,6.67,1.0
2016-01-04,2448,35,428878035,,3.44,0.46
2016-01-04,2618,36,427857096,13.27,0.0,1.39
2016-01-04,3481,37,423778164,3.33,7.29,0.4
2016-01-04,6505,38,417166651,33.58,1.11,2.95
2016-01-04,2379,39,401337990,17.1,7.83,1.79
2016-01-04,1216,40,401162364,21.14,3.34,3.16
2016-01-04,2884,41,399545989,11.94,6.93,1.26
2016-01-04,1737,42,376107638,22.76,3.03,1.13
2016-01-04,2615,43,360859972,6.52,11.49,1.08
2016-01-04,2419,44,344936633,28.73,3.01,1.27
2016-01-04,2485,45,330531863,20.82,2.94,2.25
2016-01-04,6176,46,326530456,10.71,7.72,1.4
2016-01-04,6456,47,323291498,23.67,1.96,3.0
2016-01-04,4137,48,312311022,28.35,2.04,7.62
2016-01-04,2408,49,311328445,4.57,4.46,2.08
2016-01-04,3034,50,309364467,11.04,7.91,2.85
2016-01-04,2324,51,305893763,7.32,8.33,0.77
2016-01-04,4733,52,304976640,13.76,4.33,4.51
2016-01-04,6285,53,304044197,15.6,3.35,2.42
2016-01-04,2610,54,300757232,9.02,0.0,1.08
2016-01-04,2456,55,297206445,15.89,3.69,2.32
2016-01-04,2382,56,289585883,10.68,7.91,1.52
2016-01-04,2823,57,286642053,7.31,2.78,1.16
2016-01-04,4958,58,284670876,7.43,4.78,1.52
2016-01-04,5871,59,281534719,8.92,5.97,1.66
2016-01-04,1101,60,275489048,14.69,9.52,0.88
2016-01-04,2892,61,269601354,11.9,9.0,0.93
2016-01-04,2377,62,267599731,12.06,6.58,1.55
2016-01-04,2885,63,257226577,9.79,7.43,0.7
2016-01-04,1589,64,256993315,17.65,3.23,2.22
2016-01-04,2406,65,253941978,,0.0,2.0
2016-01-04,4952,66,247917889,12.1,6.71,2.18
2016-01-04,2313,67,242652582,9.62,2.78,1.28
2016-01-04,9910,68,237557981,24.26,2.45,8.03
2016-01-04,2105,69,234289320,12.08,5.8,1.91
2016-01-04,0061,70,233108699,,,
2016-01-04,2458,71,231260932,19.52,8.12,2.74
2016-01-04,3231,72,229677600,21.61,8.48,0.64
2016-01-04,6414,73,223796250,29.17,1.69,9.1
2016-01-04,3017,74,218190603,14.3,3.62,1.12
2016-01-04,5388,75,217097824,17.09,3.53,3.04
2016-01-04,2883,76,215454288,13.28,7.53,0.72
2016-01-04,3454,77,214464188,13.45,5.03,2.47
2016-01-04,2542,78,214177865,11.34,19.42,1.41
2016-01-04,2207,79,213608200,20.48,2.88,5.32
2016-01-04,6269,80,213592981,7.3,2.64,1.49
2016-01-04,6452,81,211856808,29.92,2.27,4.55
2016-01-04,2912,82,211035794,25.45,3.5,8.03
2016-01-04,5269,83,210878000,61.79,1.45,9.39
2016-01-04,2890,84,210105446,8.68,13.61,0.71
2016-01-04,2880,85,205754225,10.6,8.29,0.99
2016-01-04,4426,86,202025088,24.36,1.64,7.5
2016-01-04,3376,87,200587234,14.83,3.09,2.03
2016-01-04,1477,88,198703784,21.03,3.45,5.16
2016-01-04,9904,89,197309610,11.36,3.6,1.78
2016-01-04,1338,90,197129758,13.7,3.05,1.59
2016-01-04,1536,91,195092162,27.49,1.77,7.83
2016-01-04,6239,92,193869865,14.23,4.55,1.58
2016-01-04,6415,93,189886328,28.46,1.06,7.01
2016-01-04,3057,94,187565806,14.69,10.59,1.32
2016-01-04,2887,95,187251603,371.67,0.9,0.86
2016-01-04,2049,96,186139163,14.5,2.8,2.47
2016-01-04,1467,97,183908494,70.58,2.72,1.64
2016-01-04,1402,98,182496569,14.97,4.8,0.66
2016-01-04,6230,99,181572252,18.57,3.19,3.24
2016-01-04,2301,100,179979537,11.44,6.61,0.94
2016-01-04,1102,101,179618513,13.39,8.38,0.62
2016-01-04,2888,102,178772430,17.08,7.47,0.68
2016-01-04,1707,103,173748322,22.64,2.94,7.38
2016-01-04,2915,104,172119966,5.62,9.97,3.79
2016-01-04,2345,105,161680570,17.95,3.38,2.18
2016-01-04,2383,106,160661192,7.92,4.3,1.98
2016-01-04,9945,107,159889016,6.33,9.55,2.35
2016-01-04,8341,108,153011348,30.9,1.79,6.53
2016-01-04,2455,109,152236107,18.05,4.36,3.27
2016-01-04,3519,110,151275267,,0.0,1.52
2016-01-04,1789,111,149501745,84.92,1.16,3.9
2016-01-04,6451,112,149335006,10.45,6.73,1.97
2016-01-04,3450,113,148391750,12.33,5.0,4.18
2016-01-04,9914,114,146997950,15.17,4.02,4.06
2016-01-04,9933,115,145548855,13.1,6.17,1.65
2016-01-04,4915,116,145480842,11.34,4.37,1.85
2016-01-04,1704,117,143885857,3.36,0.0,1.18
2016-01-04,2395,118,139411584,25.98,2.92,5.86
2016-01-04,3561,119,137219289,,0.48,1.06
2016-01-04,3576,120,136545158,,0.84,1.03
2016-01-04,1312,121,135607348,11.34,1.97,0.84
2016-01-04,2385,122,132837903,12.09,6.72,2.21
2016-01-04,2347,123,130153281,11.84,10.68,1.16
2016-01-04,8163,124,129763410,9.21,1.55,0.63
2016-01-04,1319,125,129683503,22.11,1.88,1.32
2016-01-04,1227,126,128174584,24.26,3.19,4.98
2016-01-04,3682,127,127485608,,0.0,1.25
2016-01-04,4119,128,126037000,18.64,3.44,2.59
2016-01-04,3702,129,125693123,9.25,8.12,1.09
2016-01-04,4934,130,125468817,53.13,2.07,1.3
2016-01-04,2431,131,122988588,28.75,1.12,1.06
2016-01-04,5880,132,122375082,12.62,6.67,0.82
2016-01-04,9921,133,120933404,19.36,3.17,3.9
2016-01-04,8105,134,120474326,25.55,0.0,1.08
2016-01-04,5264,135,119663500,9.22,5.33,1.56
2016-01-04,2929,136,119344100,9.4,4.92,2.31
2016-01-04,2353,137,116720510,34.12,0.0,0.53
2016-01-04,1722,138,112148322,9.94,5.21,0.8
2016-01-04,2801,139,111460570,11.77,5.88,1.02
2016-01-04,4935,140,110466800,11.78,2.82,1.52
2016-01-04,3533,141,110041650,12.7,4.62,1.41
2016-01-04,2231,142,108981324,25.52,2.48,12.38
2016-01-04,3380,143,98199148,247.86,6.92,0.87
2016-01-04,2707,144,98052288,24.33,4.2,8.38
2016-01-04,2609,145,97599819,,0.0,0.8
2016-01-04,6243,146,96877583,,0.0,1.49
2016-01-04,2393,147,96187917,11.16,8.47,1.2
2016-01-04,2449,148,88160588,10.52,8.47,1.12
2016-01-04,2344,149,85063221,7.83,0.0,0.72
2016-01-04,9938,150,84898465,19.15,2.78,3.02
2016-04-01,2330,1,5490320944,13.41,3.79,3.36
2016-04-01,2317,2,2754116470,8.84,5.18,1.29
2016-04-01,2498,3,2265571855,,0.43,1.13
2016-04-01,2454,4,1428001067,14.52,9.13,1.57
2016-04-01,3008,5,1276356800,13.94,2.03,5.31
2016-04-01,2474,6,1268284809,7.94,2.32,1.72
2016-04-01,2881,7,1203319874,6.51,7.43,1.12
2016-04-01,3665,8,1031142414,21.38,3.39,3.71
2016-04-01,1319,9,939366070,17.46,2.79,1.64
2016-04-01,1536,10,890935100,30.3,2.29,8.62
2016-04-01,2412,11,803933189,19.84,5.01,2.3
2016-04-01,1326,12,788264179,17.18,4.32,1.68
2016-04-01,2882,13,748628355,8.24,5.3,1.04
2016-04-01,2325,14,698279708,18.22,7.42,2.26
2016-04-01,2912,15,692351031,29.8,3.05,9.05
2016-04-01,3450,16,692122644,14.61,4.67,5.25
2016-04-01,2542,17,633934036,6.7,12.58,1.55
2016-04-01,1301,18,621756862,16.39,4.53,1.76
2016-04-01,4938,19,621363853,8.02,6.81,1.27
2016-04-01,1216,20,621069652,22.5,3.58,3.29
2016-04-01,4108,21,616753692,,0.0,3.62
2016-04-01,2377,22,582720975,11.21,6.1,1.61
2016-04-01,2891,23,567507669,8.55,9.67,1.09
2016-04-01,2311,24,550645452,14.25,5.5,1.77
2016-04-01,2228,25,543577580,26.06,2.09,4.85
2016-04-01,3034,26,530110363,11.89,8.0,2.67
2016-04-01,6452,27,514175255,24.61,2.36,4.68
2016-04-01,2002,28,463397649,44.8,2.28,1.15
2016-04-01,2354,29,463393042,8.28,3.59,1.11
2016-04-01,2308,30,456083840,19.44,3.57,2.92
2016-04-01,3673,31,455523640,,0.67,0.78
2016-04-01,3481,32,442926894,10.28,6.25,0.48
2016-04-01,4733,33,438192000,12.59,2.39,3.92
2016-04-01,2409,34,436037106,18.65,3.68,0.5
2016-04-01,2382,35,427736333,12.1,7.14,1.63
2016-04-01,1476,36,420603260,26.11,2.51,9.26
2016-04-01,6505,37,415145099,18.69,4.31,3.32
2016-04-01,9945,38,408710613,6.91,0.0,1.92
2016-04-01,2357,39,396240756,12.32,5.29,1.26
2016-04-01,2405,40,394365288,,0.0,0.93
2016-04-01,2886,41,394265107,10.49,6.62,1.05
2016-04-01,1303,42,372053438,14.87,4.93,1.64
2016-04-01,6414,43,359315368,31.59,2.3,8.63
2016-04-01,4137,44,346001860,18.94,3.6,5.6
2016-04-01,6285,45,342026428,14.8,4.6,2.35
2016-04-01,9904,46,340513814,12.4,3.75,1.7
2016-04-01,9921,47,329253228,17.66,3.43,3.33
2016-04-01,3413,48,322975308,13.01,1.02,3.14
2016-04-01,2823,49,312620980,8.98,4.05,1.0
2016-04-01,4904,50,310328570,20.17,5.27,3.23
2016-04-01,2303,51,305141871,12.18,4.18,0.72
2016-04-01,5264,52,298762384,10.25,4.24,1.86
2016-04-01,0050,53,297564556,,,
2016-04-01,6456,54,295117236,14.97,2.8,2.89
2016-04-01,2105,55,285376785,16.24,4.69,2.33
2016-04-01,2379,56,278216763,18.17,6.86,1.98
2016-04-01,3045,57,277995569,18.14,5.36,4.78
2016-04-01,9914,58,276147422,13.67,4.89,3.24
2016-04-01,1541,59,273046238,16.57,5.39,3.93
2016-04-01,3231,60,270387223,35.82,7.61,0.69
2016-04-01,1402,61,270018074,17.07,3.91,0.69
2016-04-01,6230,62,266090175,17.12,4.14,3.29
2016-04-01,3003,63,260138814,17.43,2.36,1.62
2016-04-01,2356,64,252942876,13.19,8.56,1.3
2016-04-01,2449,65,248944356,14.08,4.35,1.44
2016-04-01,2383,66,243001715,8.09,7.06,2.0
2016-04-01,3514,67,238662587,,0.0,0.85
2016-04-01,4958,68,230986398,7.48,6.26,1.37
2016-04-01,3474,69,229856635,10.6,0.0,1.42
2016-04-01,2892,70,228094104,11.36,8.49,0.97
2016-04-01,6239,71,223383722,14.0,4.85,1.66
2016-04-01,1310,72,220091957,13.51,5.65,1.51
2016-04-01,1527,73,219428240,9.72,4.27,2.74
2016-04-01,1477,74,214298887,17.59,4.98,4.19
2016-04-01,1722,75,213259693,18.69,4.53,0.86
2016-04-01,1533,76,210780320,32.27,0.9,2.3
2016-04-01,2345,77,209327268,16.1,5.58,2.3
2016-04-01,2887,78,203436864,8.19,0.88,0.87
2016-04-01,4916,79,194497077,,3.74,2.54
2016-04-01,2890,80,194476875,9.15,9.5,0.76
2016-04-01,6269,81,192857112,8.11,2.53,1.47
2016-04-01,8105,82,191721684,21.24,0.47,1.23
2016-04-01,2301,83,190266996,12.33,5.8,1.17
2016-04-01,2915,84,190263573,6.08,3.09,2.3
2016-04-01,2884,85,189859621,11.21,7.92,1.19
2016-04-01,1590,86,188714508,25.59,2.05,3.41
2016-04-01,2885,87,185607233,11.24,3.17,0.67
2016-04-01,1101,88,183333216,19.74,4.32,1.05
2016-04-01,2883,89,182242568,14.6,5.9,0.76
2016-04-01,2419,90,180077888,21.15,3.55,1.53
2016-04-01,2324,91,178466136,10.18,7.44,0.85
2016-04-01,1704,92,173120734,2.89,4.43,1.18
2016-04-01,2618,93,163910717,10.69,4.48,1.41
2016-04-01,8464,94,160970932,25.08,3.58,6.09
2016-04-01,1227,95,160804235,22.77,3.29,4.67
2016-04-01,2347,96,159410640,16.54,6.02,1.23
2016-04-01,4414,97,158765680,,1.76,2.74
2016-04-01,2049,98,158141335,23.11,1.63,2.78
2016-04-01,2387,99,157451334,6.41,2.31,0.64
2016-04-01,1312,100,157372567,11.0,4.55,0.97
2016-04-01,6409,101,156635056,27.56,2.95,9.6
2016-04-01,2723,102,156394321,32.84,1.13,4.9
2016-04-01,2385,103,151448457,13.99,5.39,2.41
2016-04-01,1102,104,147733556,19.79,3.83,0.71
2016-04-01,5522,105,147317756,4.94,9.16,0.73
2016-04-01,6176,106,146234904,9.46,8.8,1.2
2016-04-01,2395,107,146219652,29.08,2.55,6.37
2016-04-01,2610,108,140047306,10.81,4.05,1.06
2016-04-01,3016,109,136143480,,0.38,2.41
2016-04-01,2408,110,135302095,5.65,7.02,1.77
2016-04-01,4915,111,134640750,9.28,5.65,1.58
2016-04-01,3702,112,132971121,10.29,7.43,1.17
2016-04-01,1525,113,131200208,18.07,1.23,2.33
2016-04-01,2880,114,129930592,11.06,7.9,1.02
2016-04-01,6139,115,129832008,33.33,2.94,0.94
2016-04-01,2313,116,127664186,8.55,4.85,1.18
2016-04-01,2888,117,123653513,10.98,8.01,0.59
2016-04-01,2455,118,123579447,22.83,3.92,3.76
2016-04-01,1337,119,122286661,13.0,2.56,0.49
2016-04-01,4551,120,121465173,24.66,3.66,2.73
2016-04-01,2316,121,119254030,1.94,15.05,0.9
2016-04-01,2615,122,118921265,10.31,6.54,1.14
2016-04-01,5871,123,118046731,9.19,5.6,1.67
2016-04-01,0061,124,113032796,,,
2016-04-01,2448,125,111035619,,3.58,0.47
2016-04-01,6282,126,110159422,20.31,5.73,1.57
2016-04-01,3576,127,109249154,,0.98,0.89
2016-04-01,2207,128,108820549,19.33,3.03,4.8
2016-04-01,8404,129,108750514,16.67,3.43,1.95
2016-04-01,3376,130,108645371,12.58,3.52,1.74
2016-04-01,3042,131,108546158,14.36,5.75,1.25
2016-04-01,9933,132,108511663,15.5,5.76,1.86
2016-04-01,2492,133,108467125,11.52,1.2,1.01
2016-04-01,5388,134,107505122,15.07,4.91,2.83
2016-04-01,5243,135,107037820,21.02,3.23,1.04
2016-04-01,5880,136,106654350,12.16,6.97,0.85
2016-04-01,9938,137,105280535,25.22,2.07,3.95
2016-04-01,2406,138,101243278,2700.0,0.0,1.5
2016-04-01,3017,139,100859115,13.14,3.62,1.13
2016-04-01,2101,140,98572222,31.86,0.65,2.16
2016-04-01,2801,141,97527873,12.07,5.41,1.09
2016-04-01,1532,142,95439228,10.97,6.74,0.98
2016-04-01,2489,143,94101397,8.73,9.55,1.05
2016-04-01,2485,144,92967572,23.42,3.21,2.66
2016-04-01,3023,145,92294362,14.6,4.72,2.54
2016-04-01,2231,146,91751863,28.74,2.59,12.85
2016-04-01,2634,147,90780399,19.01,3.21,3.34
2016-04-01,2436,148,90685861,43.18,2.11,1.89
2016-04-01,3189,149,90674100,10.84,4.95,1.11
2016-04-01,9910,150,90388403,23.98,3.64,7.76
2016-07-01,2330,1,6042239175,14.73,3.61,3.36
2016-07-01,2454,2,3623483591,16.59,4.49,1.58
2016-07-01,2498,3,3494264264,,0.0,1.42
2016-07-01,2317,4,2124301204,8.98,6.05,1.26
2016-07-01,0050,5,2028998931,,,
2016-07-01,3474,6,1915073367,17.11,0.0,1.18
2016-07-01,2412,7,1852441559,20.77,4.65,2.4
2016-07-01,2409,8,1781746401,,3.18,0.6
2016-07-01,3008,9,1462587025,17.02,2.14,5.98
2016-07-01,3673,10,1264308868,,0.0,0.71
2016-07-01,1301,11,1172458634,15.21,4.57,1.7
2016-07-01,2308,12,1150320591,21.84,3.17,3.25
2016-07-01,3481,13,1143500449,,1.86,0.48
2016-07-01,2474,14,1011148200,7.48,4.18,1.56
2016-07-01,1326,15,924296674,14.63,4.26,1.64
2016-07-01,2448,16,882182016,,0.0,0.47
2016-07-01,6452,17,881091778,25.36,2.25,4.74
2016-07-01,4938,18,854869713,8.38,7.12,1.2
2016-07-01,2311,19,849428091,14.52,4.39,1.77
2016-07-01,6505,20,757078454,15.15,4.44,3.1
2016-07-01,2882,21,738715577,9.22,5.71,0.95
2016-07-01,2881,22,708666166,7.36,5.32,0.97
2016-07-01,1216,23,679151861,26.06,3.08,3.68
2016-07-01,4137,24,671205846,10.79,5.6,3.35
2016-07-01,3034,25,653556660,12.33,7.5,2.46
2016-07-01,2439,26,650226224,20.24,4.71,2.14
2016-07-01,3514,27,579225191,16.22,0.0,0.84
2016-07-01,2891,28,571650756,9.44,9.53,1.06
2016-07-01,1476,29,554131540,20.16,3.39,5.58
2016-07-01,6271,30,547986548,18.26,5.06,1.87
2016-07-01,3045,31,539799852,19.57,4.98,4.8
2016-07-01,1303,32,534417270,14.62,5.4,1.47
2016-07-01,1536,33,519446285,30.45,2.16,8.48
2016-07-01,2301,34,499907973,14.35,4.94,1.36
2016-07-01,4904,35,484575298,22.72,4.68,3.49
2016-07-01,2382,36,465001712,13.47,6.12,1.76
2016-07-01,2357,37,455878141,11.34,5.59,1.16
2016-07-01,2105,38,452252285,16.27,4.41,2.38
2016-07-01,2915,39,445599955,5.37,3.17,1.99
2016-07-01,1590,40,386790490,28.24,1.63,4.14
2016-07-01,6176,41,384369569,7.63,8.81,0.98
2016-07-01,2886,42,380485400,11.46,6.17,1.1
2016-07-01,2325,43,357912338,19.44,7.85,2.08
2016-07-01,2542,44,352774927,7.34,11.3,1.6
2016-07-01,3665,45,349062732,23.99,3.05,3.85
2016-07-01,3231,46,347995332,54.63,6.7,0.8
2016-07-01,1101,47,343182474,23.16,4.07,1.12
2016-07-01,2353,48,339396090,92.5,3.38,0.69
2016-07-01,2002,49,330762799,121.47,2.42,1.08
2016-07-01,2049,50,330541298,30.93,1.58,2.86
2016-07-01,9904,51,324490190,12.32,3.44,1.73
2016-07-01,2892,52,322451448,11.9,8.28,1.01
2016-07-01,4915,53,309364366,10.56,4.86,1.77
2016-07-01,3596,54,309142613,14.13,2.72,1.4
2016-07-01,2408,55,299097360,8.39,7.23,1.56
2016-07-01,2393,56,297340796,13.32,5.71,1.29
2016-07-01,5388,57,297249369,12.5,5.27,2.49
2016-07-01,2356,58,296184814,15.67,6.0,1.46
2016-07-01,9910,59,293393130,18.67,4.59,5.85
2016-07-01,2912,60,292886403,30.91,2.82,8.97
2016-07-01,8081,61,292380448,15.13,6.94,1.53
2016-07-01,1532,62,287253047,14.63,5.28,1.23
2016-07-01,1527,63,283249281,11.11,3.67,3.45
2016-07-01,2377,64,279381262,12.53,6.03,1.83
2016-07-01,4958,65,273965746,7.11,7.64,1.13
2016-07-01,3450,66,272820250,10.86,5.7,3.94
2016-07-01,2303,67,263676615,16.09,4.54,0.69
2016-07-01,1340,68,262245144,8.07,1.61,1.23
2016-07-01,2379,69,254627526,22.11,4.01,2.24
2016-07-01,2316,70,241998373,1.84,15.68,0.86
2016-07-01,2884,71,235233190,11.31,7.53,1.22
2016-07-01,1704,72,232051307,3.28,3.71,1.38
2016-07-01,2345,73,231372963,15.9,4.53,2.73
2016-07-01,2489,74,218225960,6.27,8.59,1.1
2016-07-01,2354,75,214932225,8.95,4.13,1.14
2016-07-01,1215,76,210117962,13.5,5.16,1.83
2016-07-01,2324,77,202966791,10.69,5.94,0.84
2016-07-01,2801,78,198512589,11.6,5.69,1.06
2016-07-01,5264,79,196777270,6.97,6.9,1.25
2016-07-01,2464,80,195374903,14.0,5.55,2.15
2016-07-01,2383,81,194786269,9.87,5.77,2.32
2016-07-01,1102,82,192011781,26.64,3.86,0.75
2016-07-01,2887,83,190037297,9.15,9.72,0.94
2016-07-01,2610,84,184187418,9.82,4.78,0.88
2016-07-01,4119,85,183324287,16.67,4.18,2.5
2016-07-01,2485,86,176871810,12.7,5.06,1.64
2016-07-01,3519,87,176208857,,0.0,1.39
2016-07-01,2883,88,172174217,16.6,6.41,0.69
2016-07-01,9945,89,171173168,6.08,0.0,1.62
2016-07-01,2823,90,170899200,9.8,3.98,0.91
2016-07-01,6414,91,169116192,33.3,2.03,8.6
2016-07-01,2885,92,168897273,12.38,3.46,0.62
2016-07-01,2313,93,168361240,7.58,5.87,0.97
2016-07-01,1402,94,167371615,21.08,4.09,0.67
2016-07-01,1707,95,159364330,25.06,2.65,7.3
2016-07-01,0056,96,158017977,,,
2016-07-01,3702,97,157873410,11.1,6.42,1.29
2016-07-01,2890,98,155915366,9.84,9.65,0.73
2016-07-01,4108,99,155485228,,0.0,2.97
2016-07-01,1539,100,150975620,9.33,3.59,2.08
2016-07-01,1338,101,150920819,13.01,3.8,1.51
2016-07-01,3535,102,149137443,44.85,0.0,1.27
2016-07-01,6282,103,148736946,18.69,5.99,1.48
2016-07-01,2228,104,146745530,25.2,2.05,4.7
2016-07-01,6230,105,146324994,14.65,4.28,3.0
2016-07-01,5871,106,144732223,8.76,5.95,1.51
2016-07-01,1477,107,141070804,13.64,6.43,3.06
2016-07-01,2347,108,140134190,16.84,5.82,1.25
2016-07-01,6239,109,139250557,13.15,4.96,1.59
2016-07-01,9921,110,138071413,20.45,3.03,3.61
2016-07-01,8271,111,133055169,16.37,7.18,1.43
2016-07-01,1210,112,132732123,21.99,2.34,1.45
2016-07-01,2395,113,132671089,29.43,2.47,6.18
2016-07-01,2545,114,132646488,26.16,3.12,1.22
2016-07-01,6269,115,130804608,8.57,5.39,1.5
2016-07-01,2449,116,126911220,14.31,4.26,1.43
2016-07-01,8422,117,124088925,14.39,5.73,3.56
2016-07-01,4952,118,124013452,11.33,7.36,2.14
2016-07-01,9938,119,123158083,19.93,2.35,3.35
2016-07-01,3576,120,121838067,,0.0,0.77
2016-07-01,4746,121,119558391,27.28,1.86,2.54
2016-07-01,3189,122,118685848,11.3,4.92,1.1
2016-07-01,2880,123,118467134,11.83,7.44,1.06
2016-07-01,2404,124,117916029,8.21,9.46,1.74
2016-07-01,6285,125,116514955,13.59,4.87,2.14
2016-07-01,2548,126,114189206,10.31,10.2,1.06
2016-07-01,8016,127,113163936,14.26,4.78,2.82
2016-07-01,2406,128,112875687,24.31,0.0,1.25
2016-07-01,4733,129,111307994,12.74,3.94,3.38
2016-07-01,8464,130,110616097,32.08,2.8,7.48
2016-07-01,3376,131,109848895,13.19,3.81,1.58
2016-07-01,2419,132,108459935,14.97,3.48,1.52
2016-07-01,5880,133,106535928,11.76,6.97,0.83
2016-07-01,2929,134,105737000,8.89,5.56,2.11
2016-07-01,6116,135,105605597,,0.0,0.51
2016-07-01,9943,136,104663465,9.36,7.34,2.07
2016-07-01,3406,137,101033997,,0.0,0.83
2016-07-01,2499,138,100599564,37.5,1.82,0.82
2016-07-01,2888,139,100509323,,0.0,0.6
2016-07-01,1504,140,100444579,17.47,2.9,1.1
2016-07-01,2344,141,100327171,10.35,1.12,0.79
2016-07-01,2603,142,99379762,,0.0,0.79
2016-07-01,1319,143,98682523,15.09,2.89,1.54
2016-07-01,4968,144,98379494,24.64,2.04,4.27
2016-07-01,5534,145,97695287,13.36,4.81,1.65
2016-07-01,1227,146,97362123,23.25,3.4,4.45
2016-07-01,1312,147,96991800,8.2,5.08,0.85
2016-07-01,2455,148,96854506,19.4,4.48,3.21
2016-07-01,2488,149,96814154,15.11,4.14,2.27
2016-07-01,2207,150,94502044,18.37,3.76,4.16
2016-10-03,2330,1,3525971989,16.89,3.23,4.03
2016-10-03,2317,2,1900379841,9.1,6.31,1.27
2016-10-03,2439,3,1873953500,27.22,2.4,4.49
2016-10-03,2409,4,1805858889,,2.88,0.68
2016-10-03,3008,5,1523753590,23.16,1.65,8.35
2016-10-03,2454,6,1083313536,16.22,4.56,1.69
2016-10-03,2498,7,1026318963,,0.0,1.24
2016-10-03,2328,8,929498912,13.07,1.13,1.55
2016-10-03,2474,9,919981344,8.47,3.91,1.75
2016-10-03,2412,10,873341119,19.58,4.95,2.47
2016-10-03,6116,11,826313846,,0.0,0.81
2016-10-03,3481,12,788578744,,1.83,0.51
2016-10-03,4938,13,712394094,10.06,6.16,1.5
2016-10-03,2379,14,633862861,18.62,3.7,2.55
2016-10-03,1216,15,629853119,23.73,3.31,3.75
2016-10-03,2377,16,621035862,15.9,4.34,2.77
2016-10-03,3032,17,534920407,14.81,4.19,2.78
2016-10-03,2881,18,502971586,11.02,4.34,1.14
2016-10-03,6269,19,476190143,10.66,4.82,1.81
2016-10-03,2308,20,454187919,22.54,2.99,3.74
2016-10-03,3006,21,419320503,18.66,3.2,1.43
2016-10-03,4958,22,413412280,10.29,6.45,1.49
2016-10-03,2354,23,400741121,11.2,3.4,1.42
2016-10-03,3005,24,376075218,16.65,5.29,1.69
2016-10-03,4915,25,375821400,10.82,4.62,1.99
2016-10-03,2882,26,373531240,16.48,4.99,1.12
2016-10-03,9938,27,372164520,24.07,1.82,4.51
2016-10-03,6451,28,354814760,11.39,4.53,2.4
2016-10-03,3673,29,354774082,,0.0,0.61
2016-10-03,2449,30,349607700,13.53,4.2,1.49
2016-10-03,6271,31,338054858,17.91,4.8,2.11
2016-10-03,1568,32,334100845,24.11,2.47,2.83
2016-10-03,2891,33,331222808,10.19,8.77,1.18
2016-10-03,2311,34,325292182,14.41,4.2,1.95
2016-10-03,2886,35,323810565,12.76,6.83,1.05
2016-10-03,6456,36,320565744,10.98,3.57,2.49
2016-10-03,1476,37,316369264,25.72,2.79,7.85
2016-10-03,5269,38,293661347,57.17,1.08,12.19
2016-10-03,6452,39,284040420,29.67,1.94,6.07
2016-10-03,2357,40,279687948,12.35,5.29,1.28
2016-10-03,0050,41,277328688,,,
2016-10-03,3045,42,275707532,19.54,4.93,5.88
2016-10-03,1326,43,273687452,14.66,4.11,1.78
2016-10-03,2049,44,260614145,35.65,1.4,3.29
2016-10-03,2823,45,260117160,10.23,3.48,1.04
2016-10-03,6239,46,260077358,14.74,4.22,1.96
2016-10-03,1536,47,258792104,30.35,2.05,10.03
2016-10-03,2382,48,257115304,14.25,5.75,2.04
2016-10-03,3474,49,254606234,66.07,0.0,1.39
2016-10-03,2002,50,253977643,69.69,2.24,1.18
2016-10-03,6285,51,252523400,16.69,3.98,2.8
2016-10-03,3665,52,252049612,19.72,3.51,3.48
2016-10-03,2884,53,249511907,10.77,7.9,1.16
2016-10-03,2456,54,240012305,16.78,4.15,2.82
2016-10-03,2105,55,238059399,15.06,4.52,2.52
2016-10-03,2383,56,236038191,10.67,5.08,2.9
2016-10-03,8464,57,233433505,37.73,1.98,12.17
2016-10-03,2464,58,232477019,14.24,5.33,2.46
2016-10-03,3034,59,229808928,11.88,8.04,2.67
2016-10-03,2371,60,226156834,,0.0,0.61
2016-10-03,4904,61,220642925,21.18,5.09,3.66
2016-10-03,2408,62,214310900,12.25,7.1,1.79
2016-10-03,6505,63,212178962,15.82,4.17,3.48
2016-10-03,1319,64,209515574,19.33,1.88,2.43
2016-10-03,5243,65,207235712,22.73,2.75,1.26
2016-10-03,2448,66,206829068,,0.0,0.51
2016-10-03,3231,67,204301208,35.94,6.52,0.85
2016-10-03,1301,68,202630957,15.39,4.6,1.8
2016-10-03,1590,69,199362959,31.09,1.43,4.88
2016-10-03,1303,70,172308075,16.85,5.37,1.59
2016-10-03,2915,71,167093736,6.41,3.11,2.07
2016-10-03,2231,72,160314952,25.23,2.85,12.55
2016-10-03,2345,73,159115919,14.98,4.1,3.26
2016-10-03,6412,74,155177893,13.7,5.44,2.5
2016-10-03,2301,75,154270586,13.49,4.91,1.45
2016-10-03,2324,76,148009923,10.1,6.12,0.85
2016-10-03,1262,77,147154920,14.18,3.15,2.4
2016-10-03,9945,78,146528389,6.99,0.0,1.63
2016-10-03,2892,79,145748728,11.48,8.41,1.03
2016-10-03,1218,80,145443884,21.3,0.0,1.66
2016-10-03,3059,81,141530419,34.26,4.29,0.7
2016-10-03,2356,82,140634639,16.51,5.44,1.74
2016-10-03,8070,83,138077916,13.56,5.11,1.97
2016-10-03,6414,84,137355320,37.2,1.71,10.59
2016-10-03,5264,85,137048737,7.75,6.84,1.39
2016-10-03,3545,86,135227278,55.44,1.94,0.98
2016-10-03,2395,87,129120670,31.91,2.22,7.65
2016-10-03,6176,88,125482422,6.58,8.69,1.09
2016-10-03,2349,89,124210595,,0.0,1.12
2016-10-03,2912,90,122516760,28.96,2.87,10.64
2016-10-03,3706,91,121242160,15.46,6.19,0.75
2016-10-03,4532,92,120809788,14.82,4.35,2.32
2016-10-03,1707,93,120611160,29.23,2.17,10.07
2016-10-03,2436,94,120322292,47.02,2.04,1.99
2016-10-03,2303,95,118834347,18.41,4.91,0.65
2016-10-03,5288,96,117778499,14.11,4.43,3.14
2016-10-03,4763,97,116174720,19.66,4.12,4.5
2016-10-03,1305,98,116127565,10.43,5.78,1.48
2016-10-03,2059,99,114776608,21.9,2.43,5.15
2016-10-03,3514,100,113372042,8.62,0.0,0.7
2016-10-03,4746,101,110859949,17.66,2.07,2.27
2016-10-03,6214,102,110339681,27.1,9.23,1.12
2016-10-03,6230,103,109568610,15.12,3.35,4.11
2016-10-03,2492,104,108040494,13.13,1.92,1.57
2016-10-03,2929,105,107316875,9.56,4.64,2.61
2016-10-03,2723,106,105095076,29.78,0.94,5.72
2016-10-03,2458,107,104987636,22.78,5.57,2.37
2016-10-03,3042,108,102876405,14.02,5.64,1.41
2016-10-03,2603,109,102196808,,0.0,0.79
2016-10-03,4137,110,101558922,10.19,6.33,3.58
2016-10-03,2355,111,100129490,10.97,3.71,1.82
2016-10-03,9933,112,100031740,16.85,5.22,2.16
2016-10-03,6531,113,97624838,12.62,4.76,2.86
2016-10-03,3376,114,97356356,14.49,3.79,1.68
2016-10-03,1527,115,93898280,9.35,3.37,3.84
2016-10-03,2385,116,93874532,14.87,5.48,2.57
2016-10-03,3450,117,93178393,7.8,7.52,3.13
2016-10-03,1101,118,93133920,26.68,3.72,1.29
2016-10-03,1907,119,93011261,106.22,3.14,0.47
2016-10-03,6139,120,91562142,12.27,3.1,0.82
2016-10-03,3596,121,91154658,9.6,2.48,1.49
2016-10-03,2887,122,89809898,9.32,10.39,0.9
2016-10-03,9904,123,86216375,13.15,3.39,1.8
2016-10-03,4935,124,85742000,9.71,4.76,1.58
2016-10-03,8114,125,85006291,20.65,4.11,8.48
2016-10-03,8081,126,84049949,14.02,7.17,1.62
2016-10-03,1605,127,82890982,11.59,1.96,0.57
2016-10-03,2325,128,80788841,21.36,8.05,2.34
2016-10-03,2314,129,80757653,43.06,0.0,5.21
2016-10-03,2888,130,78878217,,0.0,0.64
2016-10-03,2885,131,77656804,14.06,3.2,0.67
2016-10-03,4551,132,76731496,31.24,2.22,4.77
2016-10-03,1477,133,74915800,14.82,6.34,3.73
2016-10-03,8341,134,74388871,25.82,2.62,6.96
2016-10-03,1227,135,72434309,23.03,3.38,4.81
2016-10-03,2393,136,72164806,12.08,5.86,1.34
2016-10-03,4552,137,71269250,11.15,1.66,3.16
2016-10-03,9910,138,70398460,17.63,4.43,6.9
2016-10-03,3044,139,70156699,11.86,4.59,1.31
2016-10-03,1909,140,69394054,10.51,6.47,0.87
2016-10-03,2360,141,68871719,21.72,2.76,3.5
2016-10-03,8016,142,68496419,13.21,4.81,3.05
2016-10-03,9914,143,68193755,16.46,3.78,3.67
2016-10-03,1589,144,67807696,14.45,4.84,2.11
2016-10-03,6415,145,67505581,28.55,0.43,7.26
2016-10-03,5388,146,66984800,12.5,5.21,2.73
2016-10-03,3189,147,66465053,11.51,4.83,1.16
2016-10-03,4426,148,66185400,18.84,2.21,5.45
2016-10-03,2344,149,65964600,12.47,0.99,0.88
2016-10-03,2489,150,65709556,6.56,7.56,1.35
2017-01-03,2330,1,4300648272,15.47,3.28,3.7
2017-01-03,3481,2,1575945833,,1.65,0.56
2017-01-03,1707,3,1440109749,18.52,3.32,5.34
2017-01-03,2317,4,1294730044,10.99,5.93,1.47
2017-01-03,3008,5,814498750,24.25,1.67,7.51
2017-01-03,2454,6,740467501,14.87,5.05,1.5
2017-01-03,2409,7,657219128,,2.92,0.67
2017-01-03,2408,8,607864003,23.51,5.93,2.09
2017-01-03,1326,9,495845424,13.84,3.6,1.94
2017-01-03,3406,10,486007039,,0.0,1.82
2017-01-03,6116,11,478400792,,0.0,0.77
2017-01-03,3673,12,451735860,,0.0,0.71
2017-01-03,2412,13,431226915,19.05,5.36,2.22
2017-01-03,1301,14,427671040,17.29,4.0,2.01
2017-01-03,6139,15,415249125,18.03,2.4,1.07
2017-01-03,4938,16,399446227,9.95,6.42,1.41
2017-01-03,2311,17,374099190,13.44,4.88,1.68
2017-01-03,3231,18,368813483,45.45,6.0,0.97
2017-01-03,2002,19,365462923,34.44,2.04,1.27
2017-01-03,2439,20,344722896,14.29,2.64,3.57
2017-01-03,1303,21,321323934,20.64,4.63,1.8
2017-01-03,2603,22,319448305,,0.0,0.79
2017-01-03,8112,23,302281607,10.18,3.65,1.42
2017-01-03,2308,24,301830753,21.65,3.15,3.48
2017-01-03,2882,25,293195638,14.41,4.17,1.22
2017-01-03,1909,26,285608478,12.61,5.83,0.99
2017-01-03,4960,27,277538818,,3.64,0.65
2017-01-03,2881,28,269699895,12.15,3.89,1.2
2017-01-03,6505,29,259012610,15.92,3.65,3.74
2017-01-03,3450,30,252239317,11.56,6.49,4.08
2017-01-03,2357,31,251048566,10.55,5.62,1.12
2017-01-03,2474,32,247300161,8.88,4.43,1.54
2017-01-03,1536,33,243044391,27.49,2.52,7.71
2017-01-03,2891,34,242909170,9.47,9.1,1.1
2017-01-03,2356,35,240927977,16.3,6.36,1.48
2017-01-03,2498,36,236791982,,0.0,1.19
2017-01-03,2345,37,236012192,15.48,3.79,3.38
2017-01-03,1477,38,234631924,14.9,7.43,3.17
2017-01-03,4904,39,224916630,20.6,5.23,3.39
2017-01-03,8464,40,224374809,27.27,2.52,8.91
2017-01-03,6414,41,217645556,32.43,2.07,5.81
2017-01-03,5269,42,214260500,52.18,1.09,10.99
2017-01-03,2382,43,207766720,14.42,6.33,1.81
2017-01-03,2886,44,207157507,12.42,6.49,1.08
2017-01-03,2449,45,201595267,11.03,4.55,1.33
2017-01-03,2105,46,189219879,13.99,4.89,2.31
2017-01-03,6145,47,188427458,1055.0,2.84,0.75
2017-01-03,2377,48,186805227,13.23,4.7,2.43
2017-01-03,1560,49,182973049,19.07,5.81,2.47
2017-01-03,2049,50,180552304,42.05,1.55,2.97
2017-01-03,1710,51,170094996,,2.07,1.56
2017-01-03,4725,52,170014090,,0.0,2.03
2017-01-03,6239,53,169897028,14.6,4.04,1.97
2017-01-03,3005,54,168884552,14.77,5.11,1.72
2017-01-03,0050,55,167301490,,,
2017-01-03,3045,56,166095676,18.17,5.36,5.0
2017-01-03,3665,57,164987100,20.42,3.5,3.35
2017-01-03,4977,58,164562256,16.36,5.31,3.56
2017-01-03,6269,59,161225065,11.34,5.25,1.66
2017-01-03,5434,60,157822420,12.59,4.76,2.34
2017-01-03,1314,61,155893700,,0.0,0.46
2017-01-03,2464,62,152535794,15.32,5.96,2.18
2017-01-03,2457,63,151234071,,0.0,0.75
2017-01-03,6452,64,151129646,27.28,2.19,5.3
2017-01-03,4956,65,149299140,,0.0,1.11
2017-01-03,2352,66,148777406,10.13,3.57,1.09
2017-01-03,1216,67,146961901,20.5,3.75,3.22
2017-01-03,2885,68,145354475,13.13,3.01,0.7
2017-01-03,2231,69,144046028,19.84,3.87,8.38
2017-01-03,2406,70,143314862,25.05,0.0,1.26
2017-01-03,3044,71,140637519,12.09,4.46,1.35
2017-01-03,2328,72,139752053,13.21,1.39,1.29
2017-01-03,3533,73,139602460,15.27,4.66,1.19
2017-01-03,2823,74,138027766,13.81,3.13,1.15
2017-01-03,9914,75,137052600,21.39,3.79,3.62
2017-01-03,3545,76,136710166,111.88,2.04,0.94
2017-01-03,1215,77,135872903,11.62,4.32,2.03
2017-01-03,4984,78,123027634,8.24,5.68,1.55
2017-01-03,8374,79,122365880,,0.0,1.31
2017-01-03,2301,80,122053419,11.95,4.66,1.51
2017-01-03,2312,81,121903018,12.45,2.51,0.99
2017-01-03,2303,82,115653736,15.62,5.0,0.64
2017-01-03,2609,83,114275869,,0.0,0.86
2017-01-03,1476,84,109856628,25.96,3.11,6.66
2017-01-03,1319,85,108967305,15.83,2.22,2.01
2017-01-03,6176,86,106916493,7.56,8.04,1.17
2017-01-03,1605,87,106152075,10.22,1.8,0.63
2017-01-03,8150,88,105647238,15.83,8.46,1.24
2017-01-03,2492,89,105254838,9.39,2.16,1.29
2017-01-03,4557,90,105188935,12.12,7.56,2.1
2017-01-03,3596,91,104835070,8.06,2.8,1.27
2017-01-03,3346,92,104051919,39.47,0.83,3.65
2017-01-03,2228,93,102822245,18.44,2.66,3.6
2017-01-03,4915,94,102617300,10.07,4.82,1.82
2017-01-03,4137,95,101709994,11.58,6.62,3.41
2017-01-03,1101,96,101450502,20.56,3.78,1.23
2017-01-03,2354,97,98496613,10.26,3.63,1.25
2017-01-03,2103,98,98260742,28.17,3.14,1.82
2017-01-03,2888,99,96774618,24.53,0.0,0.67
2017-01-03,6415,100,93410440,27.27,0.44,5.78
2017-01-03,1312,101,91611265,11.62,3.85,1.11
2017-01-03,3034,102,90511469,12.37,8.41,2.44
2017-01-03,2059,103,89391950,29.16,2.45,4.92
2017-01-03,2633,104,88870527,4.47,3.45,1.77
2017-01-03,6451,105,88679168,10.21,5.97,1.84
2017-01-03,1704,106,87603253,8.95,3.44,1.48
2017-01-03,3702,107,86093789,10.26,6.36,1.36
2017-01-03,2912,108,85470043,25.89,3.09,9.02
2017-01-03,1590,109,82631871,23.72,1.59,4.29
2017-01-03,2458,110,82166493,21.57,5.81,2.17
2017-01-03,2404,111,82114804,8.99,9.0,1.92
2017-01-03,2467,112,81098413,,0.0,1.6
2017-01-03,2892,113,80489200,11.83,8.16,1.08
2017-01-03,2402,114,79527854,,0.0,0.79
2017-01-03,2371,115,79254683,,0.0,0.73
2017-01-03,2915,116,77661254,7.16,2.98,2.07
2017-01-03,8016,117,76620935,12.26,4.9,2.83
2017-01-03,8341,118,75419997,22.1,3.02,5.7
2017-01-03,2448,119,75263716,,0.0,0.5
2017-01-03,2313,120,74894321,10.68,6.41,0.95
2017-01-03,6230,121,72230750,12.9,4.17,3.22
2017-01-03,1527,122,72016479,15.51,3.56,3.8
2017-01-03,4906,123,70873608,17.45,2.51,0.86
2017-01-03,2461,124,69230276,17.02,2.58,1.06
2017-01-03,2887,125,68921876,10.17,10.25,0.94
2017-01-03,6285,126,68869248,14.69,4.59,2.39
2017-01-03,3419,127,68249169,155.91,0.0,1.25
2017-01-03,1463,128,67755122,26.1,3.27,1.81
2017-01-03,2884,129,67556402,12.27,7.77,1.27
2017-01-03,2455,130,67332621,16.96,4.49,3.29
2017-01-03,6235,131,67109035,21.77,0.0,2.46
2017-01-03,2489,132,66257477,6.79,8.04,1.26
2017-01-03,6283,133,65224380,40.66,0.0,2.6
2017-01-03,1210,134,64713984,12.56,2.4,1.38
2017-01-03,2324,135,64390802,10.48,6.43,0.8
2017-01-03,3682,136,64289129,,0.0,1.23
2017-01-03,4746,137,64270256,19.09,2.01,2.22
2017-01-03,6456,138,63314562,11.74,3.3,2.53
2017-01-03,2376,139,63196051,12.81,5.84,1.2
2017-01-03,3060,140,63173231,18.61,12.38,1.16
2017-01-03,1723,141,62963199,30.33,3.72,4.52
2017-01-03,9904,142,61992769,11.8,3.72,1.62
2017-01-03,2383,143,61966211,11.05,4.81,2.89
2017-01-03,3017,144,61926183,10.83,3.94,1.09
2017-01-03,1310,145,61762810,9.36,5.06,1.58
2017-01-03,9945,146,61627577,7.92,0.0,1.46
2017-01-03,2615,147,61512421,555.0,7.21,1.12
2017-01-03,4532,148,61370078,13.02,4.95,2.0
2017-01-03,4935,149,61117937,9.72,5.12,1.44
2017-01-03,2331,150,60672546,,12.66,0.76
2017-04-05,2317,1,16816271593,11.42,5.1,1.57
2017-04-05,2330,2,8656195632,14.97,3.63,3.6
2017-04-05,3406,3,4761454138,,0.0,4.87
2017-04-05,2344,4,2836114843,21.6,3.43,1.42
2017-04-05,3008,5,2359012920,28.44,1.32,8.41
2017-04-05,2881,6,2354838894,10.96,4.08,1.24
2017-04-05,2474,7,2119522960,10.46,3.34,1.88
2017-04-05,2454,8,2044270640,14.62,5.0,1.41
2017-04-05,2308,9,1851646955,22.86,3.02,3.46
2017-04-05,6414,10,1535175916,26.72,2.79,4.58
2017-04-05,2412,11,1400927692,20.06,4.77,2.2
2017-04-05,3673,12,1312272810,,0.0,1.24
2017-04-05,3019,13,1239142970,47.5,1.75,1.43
2017-04-05,2891,14,1064853716,13.18,8.54,1.3
2017-04-05,2311,15,1049786469,13.94,3.56,1.92
2017-04-05,1216,16,1031536623,22.73,3.61,3.5
2017-04-05,2354,17,985359417,12.37,3.3,1.24
2017-04-05,1301,18,944414216,14.98,4.96,1.88
2017-04-05,2882,19,900821139,13.8,4.08,1.25
2017-04-05,2485,20,863316263,21.41,3.92,1.57
2017-04-05,3231,21,862294249,24.36,5.26,1.07
2017-04-05,4938,22,849427172,12.12,5.49,1.58
2017-04-05,2357,23,845757987,11.86,5.55,1.25
2017-04-05,2448,24,831418326,,0.0,0.68
2017-04-05,2884,25,825842294,12.37,7.17,1.27
2017-04-05,2371,26,791088519,,0.0,0.91
2017-04-05,1303,27,788858188,11.69,6.25,1.69
2017-04-05,2002,28,786574915,24.95,3.28,1.33
2017-04-05,1476,29,784186322,22.1,3.56,5.35
2017-04-05,2886,30,776718882,14.82,5.81,1.14
2017-04-05,2498,31,772335645,,0.0,1.25
2017-04-05,2912,32,758123611,27.43,3.08,9.43
2017-04-05,2439,33,756083975,15.12,5.76,4.38
2017-04-05,3045,34,750328943,20.07,4.96,5.09
2017-04-05,2328,35,739622857,14.55,1.13,1.56
2017-04-05,3481,36,727332525,66.58,1.58,0.56
2017-04-05,6269,37,722978715,12.9,4.28,1.89
2017-04-05,2345,38,684816234,20.35,4.39,4.35
2017-04-05,1536,39,657098925,27.41,2.67,7.41
2017-04-05,3006,40,613933525,16.94,3.8,1.45
2017-04-05,2409,41,605421214,14.63,4.73,0.63
2017-04-05,2337,42,596151659,,0.0,2.49
2017-04-05,1326,43,546936913,12.67,5.89,1.73
2017-04-05,2408,44,541244778,5.55,3.13,1.54
2017-04-05,2610,45,536891736,99.3,0.0,0.97
2017-04-05,3665,46,531371834,20.19,3.92,3.45
2017-04-05,5871,47,529413050,11.34,4.72,2.09
2017-04-05,2377,48,523006643,12.23,4.94,2.22
2017-04-05,2382,49,517395523,16.03,5.56,1.83
2017-04-05,2303,50,484333495,18.01,4.08,0.69
2017-04-05,6116,51,478299706,6.83,5.85,0.74
2017-04-05,2885,52,477580059,11.55,3.45,0.77
2017-04-05,2823,53,468585940,10.99,5.67,1.29
2017-04-05,2618,54,464804939,17.67,3.29,1.16
2017-04-05,4904,55,462107500,21.49,4.99,3.45
2017-04-05,2313,56,460356495,16.58,2.66,1.33
2017-04-05,6456,57,449554482,15.57,2.72,3.67
2017-04-05,2887,58,443440909,11.41,9.64,0.88
2017-04-05,2049,59,418583696,39.96,0.93,3.76
2017-04-05,3413,60,416567457,13.73,3.83,3.12
2017-04-05,6505,61,408558034,13.58,5.56,3.33
2017-04-05,6239,62,400454394,14.03,4.59,1.89
2017-04-05,2356,63,398801800,14.08,6.33,1.45
2017-04-05,3034,64,398370312,14.11,7.76,2.52
2017-04-05,2892,65,395510818,12.9,7.49,1.17
2017-04-05,2301,66,390102416,13.14,5.49,1.63
2017-04-05,6209,67,377823791,1497.5,1.67,1.28
2017-04-05,2379,68,375159477,18.77,3.54,2.5
2017-04-05,3037,69,374296164,1725.0,1.74,0.61
2017-04-05,8150,70,366825771,15.2,3.68,1.43
2017-04-05,6531,71,355435930,15.48,5.04,2.46
2017-04-05,9904,72,353214569,9.76,3.47,1.68
2017-04-05,2324,73,344597200,10.81,5.97,0.83
2017-04-05,2340,74,343309734,11.78,6.49,1.27
2017-04-05,4943,75,342426826,97.43,1.13,5.89
2017-04-05,4958,76,340117626,16.35,3.13,1.48
2017-04-05,2888,77,333419996,18.46,0.0,0.73
2017-04-05,1707,78,323994613,20.39,3.27,5.5
2017-04-05,3450,79,310965800,13.97,5.65,4.34
2017-04-05,9938,80,299490013,22.4,2.68,4.26
2017-04-05,2457,81,292285156,,0.0,0.86
2017-04-05,1102,82,276327500,26.92,2.86,0.86
2017-04-05,2890,83,274658103,12.14,7.29,0.76
2017-04-05,1402,84,273770603,22.29,3.04,0.74
2017-04-05,1101,85,272791615,21.54,3.91,1.28
2017-04-05,1310,86,270988095,9.29,8.87,1.82
2017-04-05,1305,87,269816060,10.0,6.62,1.96
2017-04-05,3661,88,269687030,,0.0,1.15
2017-04-05,0050,89,267911149,,,
2017-04-05,2542,90,267286463,9.44,9.51,1.73
2017-04-05,3532,91,259021246,124.47,0.57,4.54
2017-04-05,5880,92,254385964,13.15,6.89,0.93
2017-04-05,2883,93,249358180,20.93,5.97,0.75
2017-04-05,2383,94,248230560,13.81,3.92,3.64
2017-04-05,1504,95,246892209,17.81,2.81,1.25
2017-04-05,3706,96,240737975,9.81,7.45,0.77
2017-04-05,3189,97,240183118,16.23,3.69,1.25
2017-04-05,2325,98,236120755,15.6,3.52,2.34
2017-04-05,1312,99,233433082,8.2,4.67,1.08
2017-04-05,2402,100,231612102,235.0,0.0,1.14
2017-04-05,2801,101,230311539,13.78,5.11,1.21
2017-04-05,2915,102,228661180,5.82,0.0,2.24
2017-04-05,2880,103,223407505,12.72,7.33,1.13
2017-04-05,4968,104,223259516,32.04,1.91,5.1
2017-04-05,8473,105,223058228,17.32,4.69,1.52
2017-04-05,2331,106,213814093,,0.0,1.1
2017-04-05,2327,107,209756855,11.08,3.57,1.77
2017-04-05,1909,108,206002393,10.77,5.83,1.39
2017-04-05,2404,109,205152710,10.37,8.88,2.43
2017-04-05,1590,110,203481268,28.45,1.8,5.13
2017-04-05,6230,111,202701065,12.56,5.45,3.14
2017-04-05,2395,112,198932976,27.93,2.92,6.28
2017-04-05,8070,113,197925612,13.25,6.13,1.99
2017-04-05,5243,114,196846918,22.52,3.05,1.43
2017-04-05,6176,115,195847384,9.4,7.03,1.3
2017-04-05,4956,116,195368310,356.43,0.0,1.25
2017-04-05,2105,117,192784704,15.55,4.72,2.36
2017-04-05,5264,118,190760962,11.96,4.05,1.17
2017-04-05,3596,119,187212482,8.47,2.63,1.32
2017-04-05,1319,120,186237991,12.94,4.02,1.63
2017-04-05,1314,121,183638995,,0.0,0.53
2017-04-05,2489,122,181602582,10.79,7.8,1.23
2017-04-05,1339,123,181002378,11.94,4.06,1.21
2017-04-05,2385,124,180664560,15.31,5.35,2.24
2017-04-05,3044,125,179191940,12.5,3.82,1.51
2017-04-05,3545,126,178103581,57.36,1.55,1.06
2017-04-05,1452,127,177403647,15.33,5.22,1.26
2017-04-05,3346,128,174360439,41.18,2.38,6.45
2017-04-05,6415,129,173931976,32.13,0.89,5.76
2017-04-05,1229,130,170638766,11.14,7.95,1.09
2017-04-05,3653,131,166472726,30.13,2.9,1.69
2017-04-05,3017,132,165499070,10.97,4.5,1.12
2017-04-05,3005,133,165015970,11.61,7.0,1.76
2017-04-05,1262,134,164323964,13.55,3.0,2.39
2017-04-05,9945,135,162562041,6.42,5.44,1.58
2017-04-05,6283,136,161905152,66.57,0.0,4.2
2017-04-05,2352,137,160813042,8.12,7.35,1.2
2017-04-05,9921,138,160185570,22.09,2.77,3.39
2017-04-05,2355,139,159119742,9.78,5.23,1.51
2017-04-05,6142,140,157936404,16.55,5.64,0.82
2017-04-05,8464,141,156735263,22.16,3.58,7.08
2017-04-05,1463,142,155126389,6.53,12.79,1.7
2017-04-05,9910,143,152198784,18.37,4.24,5.91
2017-04-05,2609,144,152154586,,0.0,1.34
2017-04-05,3702,145,151250177,12.53,6.22,1.34
2017-04-05,2393,146,149900798,11.87,6.15,1.24
2017-04-05,2059,147,148325921,26.05,2.35,4.73
2017-04-05,2603,148,147507776,,0.0,0.96
2017-04-05,3016,149,145653302,350.0,0.0,2.53
2017-04-05,2633,150,144986399,28.92,2.8,1.97
2017-07-03,2317,1,5650701918,13.53,3.86,1.81
2017-07-03,2330,2,4382736445,15.18,3.35,3.72
2017-07-03,2454,3,2673899791,16.17,3.55,1.67
2017-07-03,3481,4,2252059568,7.28,0.61,0.69
2017-07-03,2303,5,2187918756,16.94,3.47,0.81
2017-07-03,2409,6,2036418576,5.72,4.13,0.69
2017-07-03,3008,7,1772128300,26.61,1.33,7.97
2017-07-03,2337,8,1552310122,73.04,0.0,3.31
2017-07-03,2881,9,1522047440,10.25,4.27,1.16
2017-07-03,3406,10,1314171277,180.41,0.0,5.03
2017-07-03,5264,11,1191220044,16.51,3.7,1.33
2017-07-03,1476,12,1190404711,32.22,2.73,6.98
2017-07-03,1216,13,1186318625,23.68,3.44,3.63
2017-07-03,6456,14,993612668,20.19,1.75,5.59
2017-07-03,2882,15,988075608,12.99,4.12,1.21
2017-07-03,9910,16,943842387,22.78,3.55,7.15
2017-07-03,6116,17,780836398,4.42,5.39,0.77
2017-07-03,2412,18,742941577,22.24,4.53,2.26
2017-07-03,2474,19,710669398,14.09,2.74,2.38
2017-07-03,2603,20,693497290,,0.0,1.14
2017-07-03,2308,21,646771343,22.48,3.07,3.45
2017-07-03,2049,22,635688408,37.57,0.9,3.89
2017-07-03,1326,23,631629892,11.52,5.82,1.71
2017-07-03,2002,24,617224400,20.32,3.35,1.29
2017-07-03,2311,25,577650862,15.56,3.59,1.9
2017-07-03,3045,26,568184870,20.18,4.87,4.85
2017-07-03,8112,27,530009706,8.9,7.45,1.74
2017-07-03,2408,28,510225326,5.93,2.76,1.54
2017-07-03,2356,29,508310165,17.89,5.71,1.68
2017-07-03,4938,30,508096144,13.15,5.12,1.71
2017-07-03,2884,31,492632149,12.5,6.56,1.24
2017-07-03,3545,32,490650618,35.97,1.73,0.98
2017-07-03,2891,33,488383479,12.35,5.0,1.34
2017-07-03,2354,34,479419028,14.02,4.13,1.01
2017-07-03,1477,35,469924971,25.95,4.47,3.57
2017-07-03,1314,36,468452300,170.0,0.0,0.53
2017-07-03,1303,37,460622819,11.02,5.96,1.74
2017-07-03,2344,38,430006967,22.97,3.31,1.41
2017-07-03,2351,39,418178475,15.98,3.91,2.25
2017-07-03,2886,40,413562964,15.71,5.55,1.16
2017-07-03,2439,41,411424815,15.58,4.76,4.05
2017-07-03,1301,42,407774199,13.58,4.95,1.86
2017-07-03,6165,43,386061692,,0.0,7.23
2017-07-03,2883,44,375803861,19.49,5.7,0.78
2017-07-03,2357,45,362208845,11.4,5.92,1.14
2017-07-03,2890,46,349115625,12.64,7.38,0.74
2017-07-03,1319,47,348167941,14.73,3.68,1.76
2017-07-03,2912,48,344324137,27.98,2.94,9.11
2017-07-03,2105,49,340239795,18.98,4.59,2.46
2017-07-03,3060,50,330922765,26.32,4.29,1.38
2017-07-03,3673,51,329138294,,0.0,1.12
2017-07-03,4904,52,324998867,22.78,4.77,3.47
2017-07-03,2887,53,322588036,13.29,6.88,0.96
2017-07-03,2892,54,317591980,14.17,6.86,1.25
2017-07-03,2383,55,317552766,15.6,3.28,4.22
2017-07-03,2382,56,316354055,19.35,4.87,2.06
2017-07-03,9904,57,315239974,10.92,3.47,1.7
2017-07-03,3665,58,308980943,23.73,3.33,3.88
2017-07-03,1536,59,294427420,33.71,2.36,5.81
2017-07-03,2618,60,286906077,37.56,3.25,1.19
2017-07-03,2498,61,285175318,,0.0,1.23
2017-07-03,2345,62,278574276,19.85,3.97,4.6
2017-07-03,1909,63,268011539,11.13,4.32,1.57
2017-07-03,2377,64,267190910,11.67,6.38,2.14
2017-07-03,2456,65,264609226,15.78,5.0,2.68
2017-07-03,5871,66,259576642,12.62,3.94,2.43
2017-07-03,9938,67,249845150,22.35,2.63,4.29
2017-07-03,2449,68,248568664,12.35,5.81,1.5
2017-07-03,1215,69,243648348,13.76,4.12,2.93
2017-07-03,4426,70,242726419,20.62,3.23,3.89
2017-07-03,6505,71,231486306,11.48,5.66,3.06
2017-07-03,2548,72,225727548,7.86,7.8,1.33
2017-07-03,4958,73,219825760,16.74,3.02,1.6
2017-07-03,1455,74,218921099,14.78,3.03,0.78
2017-07-03,1262,75,211776050,9.69,0.89,1.82
2017-07-03,2014,76,209897609,5.71,0.0,1.46
2017-07-03,6269,77,209811872,15.4,3.98,2.02
2017-07-03,1229,78,207795987,11.65,7.24,1.17
2017-07-03,2885,79,205313552,12.03,3.37,0.78
2017-07-03,6230,80,203782635,13.57,5.68,3.01
2017-07-03,2609,81,202735722,,0.0,1.27
2017-07-03,2360,82,199542900,22.78,3.47,3.27
2017-07-03,1101,83,192916838,18.76,4.09,1.21
2017-07-03,2404,84,192899700,12.02,8.42,2.51
2017-07-03,3413,85,191126188,15.54,2.85,3.96
2017-07-03,2615,86,188785378,44.75,2.23,1.22
2017-07-03,1210,87,188267387,10.83,4.59,1.48
2017-07-03,2023,88,186989375,7.43,7.35,0.84
2017-07-03,2327,89,186007019,13.09,2.91,2.2
2017-07-03,8150,90,183326849,7.5,3.21,1.45
2017-07-03,8464,91,182697964,27.36,2.85,8.72
2017-07-03,2880,92,179334549,14.55,6.82,1.15
2017-07-03,2352,93,174526490,8.97,5.73,1.53
2017-07-03,2823,94,174202752,15.43,5.62,1.31
2017-07-03,3231,95,171855759,25.28,4.82,1.23
2017-07-03,2496,96,167536519,59.47,1.11,4.96
2017-07-03,2313,97,167401523,16.49,2.46,1.45
2017-07-03,2888,98,166446356,18.07,2.46,0.66
2017-07-03,5880,99,164566194,13.77,6.46,0.97
2017-07-03,2325,100,163964286,16.37,3.58,2.26
2017-07-03,2328,101,163378161,11.77,2.57,1.4
2017-07-03,2448,102,161693360,,0.0,0.61
2017-07-03,3376,103,158205088,18.2,3.0,1.53
2017-07-03,5522,104,156181914,9.76,9.81,0.74
2017-07-03,2395,105,153730099,24.66,3.37,5.22
2017-07-03,2324,106,152168490,11.84,5.83,0.87
2017-07-03,3443,107,152082880,31.95,2.75,4.49
2017-07-03,2031,108,148165097,9.34,6.83,1.33
2017-07-03,1710,109,147399451,,0.81,1.56
2017-07-03,4977,110,144608562,15.72,5.15,3.55
2017-07-03,9941,111,144169436,16.82,4.33,3.04
2017-07-03,6414,112,141765912,29.78,2.64,5.01
2017-07-03,4968,113,140433156,80.43,1.51,6.76
2017-07-03,5534,114,139109516,7.26,8.58,1.56
2017-07-03,6108,115,137300384,9.74,6.24,1.4
2017-07-03,1590,116,136085598,31.04,1.47,6.06
2017-07-03,2231,117,132879498,35.41,2.45,11.93
2017-07-03,4414,118,130408664,,0.0,2.58
2017-07-03,1312,119,130195636,7.53,4.69,1.05
2017-07-03,2458,120,129126998,26.31,3.64,2.55
2017-07-03,0050,121,124698923,,,
2017-07-03,3034,122,123332944,16.09,5.62,2.63
2017-07-03,6176,123,120865854,9.11,6.65,1.41
2017-07-03,2451,124,120781279,14.47,6.3,1.97
2017-07-03,3189,125,120623133,19.13,3.77,1.23
2017-07-03,2421,126,118506088,15.31,5.04,2.47
2017-07-03,1402,127,118332144,19.92,3.19,0.71
2017-07-03,6452,128,118323364,33.21,2.1,5.6
2017-07-03,6285,129,116603120,15.23,4.41,2.36
2017-07-03,2542,130,116521185,14.93,9.88,1.65
2017-07-03,2801,131,116369029,13.53,5.27,1.12
2017-07-03,2606,132,116351577,,2.31,1.24
2017-07-03,8081,133,115280264,15.63,6.85,1.54
2017-07-03,6239,134,113455762,14.48,4.25,1.99
2017-07-03,3044,135,111368437,13.38,4.39,1.77
2017-07-03,2301,136,111133439,12.16,5.76,1.57
2017-07-03,2601,137,110941589,,0.0,0.62
2017-07-03,6271,138,110089799,23.65,4.72,2.0
2017-07-03,2034,139,106160491,12.24,6.87,1.39
2017-07-03,8404,140,105656378,26.81,2.02,2.86
2017-07-03,3019,141,104807395,43.41,1.87,1.41
2017-07-03,2371,142,104378467,,0.0,1.01
2017-07-03,2369,143,103367284,20.77,3.39,0.89
2017-07-03,3229,144,100416302,,0.0,3.12
2017-07-03,3006,145,100269253,17.61,3.89,1.4
2017-07-03,1560,146,99918273,17.39,4.13,2.61
2017-07-03,1718,147,99094783,,0.0,0.47
2017-07-03,9939,148,95274870,13.09,4.16,1.51
2017-07-03,2406,149,94918510,,0.0,0.97
2017-07-03,3706,150,94098780,10.0,6.44,0.91
2017-10-02,2408,1,6975070848,7.98,1.65,2.56
2017-10-02,2330,2,6233064680,16.3,3.17,4.26
2017-10-02,2474,3,4457697725,11.95,3.19,2.07
2017-10-02,3406,4,3202261356,68.22,0.0,6.32
2017-10-02,3443,5,2757609836,50.0,1.55,8.64
2017-10-02,2317,6,2654340069,12.4,4.21,1.75
2017-10-02,3008,7,2217529350,29.25,1.16,9.57
2017-10-02,3661,8,2216393906,41.63,0.0,2.48
2017-10-02,3019,9,1783811216,76.82,0.86,3.05
2017-10-02,6456,10,1652681175,21.19,1.28,5.36
2017-10-02,2344,11,1444000029,31.08,2.19,2.17
2017-10-02,2454,12,1361604930,20.69,3.3,1.83
2017-10-02,2439,13,1245196709,15.56,4.44,4.73
2017-10-02,2049,14,1240567940,43.36,0.64,5.3
2017-10-02,5269,15,1226692635,66.18,1.29,15.78
2017-10-02,2337,16,1199967813,40.63,0.0,4.5
2017-10-02,3673,17,1139215138,18.48,0.0,1.23
2017-10-02,1476,18,970271516,31.71,2.78,7.9
2017-10-02,4938,19,905599084,11.33,6.03,1.51
2017-10-02,3380,20,894740126,20.08,4.18,1.3
2017-10-02,4952,21,807159855,16.88,6.4,3.04
2017-10-02,2412,22,760982608,21.47,4.77,2.32
2017-10-02,2421,23,743924925,20.0,3.5,3.79
2017-10-02,2308,24,742901128,21.37,3.24,3.49
2017-10-02,3481,25,736051654,3.75,0.7,0.57
2017-10-02,2313,26,729428606,18.48,1.7,2.1
2017-10-02,2448,27,659965119,139.29,0.0,0.84
2017-10-02,1303,28,644548545,10.72,6.05,1.84
2017-10-02,1515,29,643792281,73.66,1.01,4.02
2017-10-02,2383,30,621085500,15.49,3.15,4.6
2017-10-02,3665,31,608698850,31.64,2.21,4.93
2017-10-02,4976,32,591239030,,0.0,3.73
2017-10-02,3018,33,591098228,121.28,0.35,4.53
2017-10-02,2498,34,565516478,,0.0,1.31
2017-10-02,6209,35,560647126,,1.04,2.19
2017-10-02,1455,36,536085380,43.8,2.74,0.9
2017-10-02,2351,37,529893868,20.5,3.05,3.03
2017-10-02,1319,38,507215950,16.02,3.29,2.03
2017-10-02,4739,39,497923261,39.41,2.23,4.19
2017-10-02,1909,40,488184043,15.27,3.12,2.29
2017-10-02,3583,41,481141806,26.68,2.76,2.92
2017-10-02,8150,42,473166332,7.29,3.29,1.45
2017-10-02,3413,43,469003710,17.02,2.1,5.27
2017-10-02,4906,44,460316102,13.38,5.81,0.97
2017-10-02,3003,45,447736822,24.25,2.12,2.61
2017-10-02,6116,46,433054500,4.6,4.12,1.03
2017-10-02,2345,47,428589413,23.63,3.12,6.57
2017-10-02,3533,48,398140324,19.08,2.06,2.36
2017-10-02,5871,49,390352551,10.75,4.47,2.23
2017-10-02,1526,50,386759968,26.6,2.01,3.02
2017-10-02,2360,51,374250050,25.4,2.93,4.0
2017-10-02,6269,52,368183866,14.73,3.73,2.25
2017-10-02,2357,53,365177456,11.07,6.88,1.06
2017-10-02,2301,54,362096946,10.79,6.61,1.45
2017-10-02,2354,55,342904738,14.86,4.31,1.0
2017-10-02,2327,56,340735315,24.94,1.41,4.25
2017-10-02,4943,57,333728280,178.23,0.68,8.6
2017-10-02,2456,58,332196321,22.98,4.55,2.32
2017-10-02,2311,59,327039389,13.01,3.71,1.81
2017-10-02,2303,60,312780423,18.7,3.3,0.87
2017-10-02,1314,61,308891221,8.63,0.0,0.6
2017-10-02,2881,62,305039952,11.83,4.21,1.15
2017-10-02,8404,63,304233798,39.44,1.41,3.95
2017-10-02,2409,64,303973397,3.52,4.61,0.6
2017-10-02,1301,65,303142527,13.58,5.01,1.92
2017-10-02,2603,66,302877970,72.4,0.0,1.2
2017-10-02,6451,67,300902432,21.79,4.89,2.21
2017-10-02,3532,68,300289008,69.61,0.63,4.07
2017-10-02,2882,69,299901083,10.78,4.14,1.16
2017-10-02,6120,70,281595725,39.85,1.05,1.53
2017-10-02,2104,71,279425061,11.9,4.43,1.43
2017-10-02,2891,72,273775652,11.21,5.25,1.31
2017-10-02,1590,73,271180050,30.67,1.26,6.93
2017-10-02,0050,74,265639968,,,
2017-10-02,1216,75,263427426,24.36,3.35,3.97
2017-10-02,1536,76,262498612,31.79,2.43,6.15
2017-10-02,3653,77,258974371,37.62,2.58,1.97
2017-10-02,2314,78,250592438,41.68,0.31,3.23
2017-10-02,3006,79,250490372,15.84,3.36,1.66
2017-10-02,2382,80,249439590,18.28,4.99,2.15
2017-10-02,2492,81,241072107,19.51,1.53,2.83
2017-10-02,2356,82,232991388,14.84,6.26,1.61
2017-10-02,3231,83,229805200,19.19,5.93,1.01
2017-10-02,6505,84,221269106,13.75,5.61,3.53
2017-10-02,6239,85,217677912,13.08,4.46,2.0
2017-10-02,1444,86,216714189,,0.0,0.96
2017-10-02,3346,87,216493127,24.73,3.46,4.77
2017-10-02,2377,88,214638794,11.5,6.84,2.24
2017-10-02,6196,89,212235763,12.28,5.09,1.5
2017-10-02,2888,90,209805117,12.71,2.16,0.7
2017-10-02,6176,91,205645897,9.13,6.28,1.55
2017-10-02,1326,92,204399547,12.2,6.09,1.73
2017-10-02,3045,93,200214785,19.41,5.16,5.5
2017-10-02,4919,94,193600862,20.54,3.95,3.83
2017-10-02,3504,95,191450940,,0.0,2.56
2017-10-02,6414,96,190118336,33.89,2.26,6.16
2017-10-02,2444,97,183586940,742.0,1.16,3.46
2017-10-02,2912,98,183359982,25.55,3.15,10.27
2017-10-02,2401,99,183306338,22.4,2.98,1.12
2017-10-02,3545,100,180346198,39.73,1.79,0.99
2017-10-02,2449,101,179496552,13.4,5.89,1.57
2017-10-02,2352,102,176104892,7.57,6.1,1.49
2017-10-02,1560,103,173755680,16.99,3.8,3.01
2017-10-02,5285,104,166206983,30.58,2.09,3.59
2017-10-02,3189,105,166028559,24.95,4.08,1.19
2017-10-02,6573,106,164309332,16.43,2.1,2.69
2017-10-02,2395,107,163143339,23.23,3.42,5.55
2017-10-02,1210,108,157617467,11.75,4.56,1.55
2017-10-02,2455,109,154396658,32.8,4.15,4.47
2017-10-02,2823,110,153576901,16.88,5.92,1.17
2017-10-02,3694,111,153418532,35.92,0.0,1.5
2017-10-02,6139,112,152454327,11.94,4.05,1.08
2017-10-02,2436,113,151537623,41.91,1.75,2.05
2017-10-02,3576,114,150179600,,0.0,1.14
2017-10-02,5264,115,150038650,15.88,3.96,1.26
2017-10-02,2369,116,147602972,23.84,2.87,1.08
2017-10-02,1312,117,145805964,8.72,4.25,1.2
2017-10-02,4915,118,145198505,16.9,3.35,3.12
2017-10-02,1522,119,144369592,11.17,5.81,1.76
2017-10-02,4977,120,142576608,21.9,3.77,5.46
2017-10-02,4148,121,139100640,26.81,1.76,4.33
2017-10-02,2415,122,136873128,16.36,2.67,1.98
2017-10-02,3376,123,133166384,14.3,3.59,1.3
2017-10-02,2002,124,133030580,21.88,3.47,1.28
2017-10-02,4551,125,129233277,31.55,2.23,6.65
2017-10-02,1101,126,128252817,17.44,4.31,1.17
2017-10-02,3034,127,128076711,15.03,6.11,2.7
2017-10-02,4960,128,127998656,,0.0,0.74
2017-10-02,1723,129,127479250,26.87,3.57,4.94
2017-10-02,3049,130,126834748,13.51,0.0,1.17
2017-10-02,2886,131,126523354,11.77,5.94,1.13
2017-10-02,2610,132,126414091,,0.0,1.17
2017-10-02,4968,133,125892857,55.76,1.58,6.58
2017-10-02,1338,134,125309550,13.53,3.48,1.6
2017-10-02,1904,135,120833996,15.37,2.69,1.06
2017-10-02,6477,136,120162313,,0.84,1.49
2017-10-02,8105,137,119182659,16.5,0.88,1.22
2017-10-02,2371,138,118656979,,0.0,0.96
2017-10-02,4935,139,117061335,11.59,6.49,1.02
2017-10-02,6415,140,114600150,34.59,0.7,6.68
2017-10-02,6452,141,114205600,30.07,2.25,5.42
2017-10-02,2231,142,113783218,32.32,2.62,13.18
2017-10-02,2892,143,112743619,12.83,7.18,1.25
2017-10-02,6168,144,112382558,30.45,0.0,1.35
2017-10-02,2105,145,112352805,22.23,4.93,2.49
2017-10-02,2542,146,112056899,12.9,12.42,1.56
2017-10-02,2324,147,109204882,15.32,5.59,0.95
2017-10-02,3044,148,108050180,13.42,4.01,1.99
2017-10-02,6285,149,106420162,13.7,4.44,2.42
2017-10-02,4958,150,105151398,15.08,3.48,1.65
2018-01-02,2330,1,4188555408,17.52,3.01,4.21
2018-01-02,3406,2,3499920860,35.53,0.0,4.15
2018-01-02,3008,3,3106637095,22.1,1.49,6.78
2018-01-02,2317,4,2717808150,12.12,4.74,1.54
2018-01-02,2603,5,2449024384,10.95,0.0,1.12
2018-01-02,4943,6,1776998160,55.65,0.47,10.75
2018-01-02,6120,7,1742021096,62.69,0.69,2.27
2018-01-02,2367,8,1713316710,49.2,0.0,1.63
2018-01-02,2481,9,1384480759,15.96,3.09,1.71
2018-01-02,3026,10,1358139438,29.24,2.23,2.36
2018-01-02,1326,11,1280435273,12.83,5.41,1.76
2018-01-02,2412,12,1268753872,21.98,4.6,2.33
2018-01-02,2337,13,1178549107,21.58,0.0,3.62
2018-01-02,2377,14,1129378496,13.97,5.63,2.54
2018-01-02,3045,15,1035305404,19.35,5.19,5.12
2018-01-02,2345,16,1026319492,24.89,2.78,6.81
2018-01-02,3443,17,995336543,55.57,1.32,9.64
2018-01-02,1312,18,946143138,9.06,3.25,1.46
2018-01-02,6153,19,869587975,135.81,1.19,1.82
2018-01-02,3645,20,856953335,35.71,1.4,4.82
2018-01-02,2882,21,854169244,12.78,3.69,1.24
2018-01-02,2408,22,853981329,5.59,1.92,1.89
2018-01-02,8039,23,847339881,17.46,3.13,1.92
2018-01-02,3596,24,834638504,14.48,7.14,1.23
2018-01-02,2104,25,828981283,12.53,4.26,1.53
2018-01-02,6525,26,808709935,16.83,3.98,3.58
2018-01-02,2455,27,805006550,50.0,2.66,6.63
2018-01-02,2327,28,800950713,24.02,0.85,4.48
2018-01-02,2353,29,791877297,,2.1,1.27
2018-01-02,2014,30,762102106,9.96,0.0,1.7
2018-01-02,3019,31,754201515,48.0,1.02,2.51
2018-01-02,2313,32,748699638,14.93,1.5,2.21
2018-01-02,2448,33,748151148,44.42,0.0,0.97
2018-01-02,6456,34,747442200,10.26,2.02,3.0
2018-01-02,2454,35,737884500,23.87,3.26,1.79
2018-01-02,2492,36,735407834,21.55,1.19,3.17
2018-01-02,2609,37,689968945,,0.0,1.13
2018-01-02,6269,38,616481467,12.73,4.02,2.03
2018-01-02,2456,39,613536040,20.32,3.96,3.35
2018-01-02,3450,40,603406516,21.01,6.39,4.86
2018-01-02,2308,41,590516588,19.72,3.55,3.03
2018-01-02,1301,42,528887150,12.86,4.69,1.86
2018-01-02,3090,43,527953458,12.68,5.12,2.12
2018-01-02,2009,44,526735414,25.09,0.0,1.43
2018-01-02,1101,45,499370945,19.97,3.97,1.2
2018-01-02,2474,46,498558352,11.01,3.03,2.03
2018-01-02,1707,47,496557264,22.11,3.01,6.02
2018-01-02,3622,48,496155477,,0.0,0.81
2018-01-02,2409,49,449354341,3.2,4.53,0.58
2018-01-02,1303,50,438974962,9.66,5.84,1.79
2018-01-02,2464,51,426188549,24.18,4.09,2.84
2018-01-02,1216,52,415959326,23.58,3.13,3.98
2018-01-02,3231,53,401800454,17.0,6.22,0.98
2018-01-02,2618,54,392890378,15.95,3.13,1.15
2018-01-02,5285,55,390580228,28.05,1.63,3.84
2018-01-02,4938,56,381649156,11.2,6.84,1.32
2018-01-02,2891,57,381128267,11.17,4.89,1.36
2018-01-02,2444,58,377226106,315.83,1.13,3.29
2018-01-02,2027,59,375420976,14.77,3.64,1.68
2018-01-02,2887,60,374920163,12.61,6.79,0.99
2018-01-02,2344,61,365373538,18.63,2.52,1.75
2018-01-02,3018,62,346736741,220.51,0.23,6.86
2018-01-02,2498,63,346094816,,0.0,1.38
2018-01-02,1476,64,345978435,24.38,3.6,5.82
2018-01-02,2439,65,345319684,17.64,4.51,3.79
2018-01-02,2359,66,337806715,27.97,3.93,1.01
2018-01-02,1605,67,331868697,9.63,3.89,0.87
2018-01-02,4906,68,329966432,15.09,5.63,0.84
2018-01-02,2610,69,325679253,,0.0,1.16
2018-01-02,2356,70,318995616,12.97,5.98,1.6
2018-01-02,2881,71,317163581,10.56,3.92,1.17
2018-01-02,2360,72,310753720,31.65,2.02,5.35
2018-01-02,2520,73,308100106,26.46,5.07,0.94
2018-01-02,1314,74,305942649,8.65,0.0,0.67
2018-01-02,2049,75,304421433,38.1,0.56,5.78
2018-01-02,0050,76,298033251,,,
2018-01-02,3017,77,297327500,12.74,3.58,1.41
2018-01-02,2886,78,296206091,12.22,5.87,1.11
2018-01-02,8215,79,294393529,14.26,0.0,1.61
2018-01-02,5305,80,287797137,22.23,2.74,1.79
2018-01-02,5871,81,285876150,11.3,3.88,2.39
2018-01-02,3481,82,285759817,2.84,0.8,0.48
2018-01-02,2371,83,285690855,482.5,0.0,1.47
2018-01-02,2311,84,276681313,13.12,3.6,1.75
2018-01-02,1402,85,276136879,16.24,2.99,0.75
2018-01-02,3532,86,275850209,41.02,0.72,3.42
2018-01-02,6505,87,266541175,13.74,5.22,3.4
2018-01-02,2375,88,261164153,21.54,0.0,2.21
2018-01-02,9958,89,260967512,72.81,1.29,1.88
2018-01-02,2912,90,259480196,28.19,2.78,10.35
2018-01-02,6449,91,258970142,20.84,3.03,3.18
2018-01-02,3413,92,257089149,15.54,2.17,4.87
2018-01-02,5534,93,254218102,9.91,7.59,1.85
2018-01-02,2478,94,248672657,35.63,1.35,1.49
2018-01-02,2405,95,240896655,,0.59,1.98
2018-01-02,1710,96,238038444,18.0,0.63,1.89
2018-01-02,2383,97,237666652,11.02,4.52,2.95
2018-01-02,1590,98,236920969,34.82,1.03,6.54
2018-01-02,2303,99,236518771,16.76,3.51,0.82
2018-01-02,2105,100,232596502,24.16,5.8,2.06
2018-01-02,5264,101,231864000,14.14,3.94,1.23
2018-01-02,4915,102,223574260,18.19,3.03,3.24
2018-01-02,3035,103,222828246,17.05,1.75,2.61
2018-01-02,6176,104,218902213,9.71,6.43,1.44
2018-01-02,5234,105,218691773,15.27,4.17,3.1
2018-01-02,3661,106,217383860,19.91,0.0,2.08
2018-01-02,6422,107,217091254,14.12,5.25,2.12
2018-01-02,2395,108,210116508,25.21,3.4,5.76
2018-01-02,3037,109,208604305,76.36,1.79,0.61
2018-01-02,3005,110,205845700,10.82,6.67,1.94
2018-01-02,2002,111,204950796,26.85,3.44,1.27
2018-01-02,3376,112,203997530,12.92,3.81,1.19
2018-01-02,3533,113,202746825,17.1,2.01,2.3
2018-01-02,2376,114,202489977,13.61,4.92,1.44
2018-01-02,3673,115,201854607,16.0,0.0,0.92
2018-01-02,1310,116,201788397,9.28,9.71,1.68
2018-01-02,4739,117,196444856,31.59,2.3,3.6
2018-01-02,6257,118,192842895,15.46,4.94,1.49
2018-01-02,2534,119,192733139,6.66,3.78,1.45
2018-01-02,1102,120,187956859,17.63,3.19,0.75
2018-01-02,2449,121,186931969,15.17,5.82,1.53
2018-01-02,6452,122,179767828,28.22,2.2,5.0
2018-01-02,4904,123,176417120,22.24,5.1,3.55
2018-01-02,2883,124,176258390,14.03,4.95,0.9
2018-01-02,2615,125,174322587,16.01,2.02,1.3
2018-01-02,6451,126,173797834,41.37,3.88,2.72
2018-01-02,1305,127,172822186,10.95,6.07,2.18
2018-01-02,2382,128,171995556,16.08,5.65,1.85
2018-01-02,1262,129,169349900,8.23,1.72,0.98
2018-01-02,2888,130,165649578,7.72,1.9,0.77
2018-01-02,3189,131,165495050,25.37,5.47,0.87
2018-01-02,1609,132,165297675,19.37,0.0,1.16
2018-01-02,1515,133,164500206,57.47,0.96,3.99
2018-01-02,1526,134,164472524,22.93,1.2,4.52
2018-01-02,2458,135,163349340,18.93,3.47,2.66
2018-01-02,2542,136,159592066,17.54,11.59,1.61
2018-01-02,3094,137,158182412,34.18,4.07,1.92
2018-01-02,4958,138,157633905,14.57,3.32,1.6
2018-01-02,1536,139,157472001,29.82,2.41,5.91
2018-01-02,2885,140,152980630,10.45,3.26,0.78
2018-01-02,3016,141,148669322,69.48,0.0,2.89
2018-01-02,3167,142,148549181,14.55,2.76,2.63
2018-01-02,2892,143,148403987,12.69,7.16,1.25
2018-01-02,2514,144,147857331,6.63,2.3,0.81
2018-01-02,1802,145,139029104,76.38,0.0,1.44
2018-01-02,1722,146,138658655,54.24,5.38,0.78
2018-01-02,2884,147,136062332,13.8,6.51,1.32
2018-01-02,6116,148,135891120,3.9,4.98,0.8
2018-01-02,8464,149,135516632,25.47,3.1,8.55
2018-01-02,1909,150,130331245,10.63,3.59,1.73
2018-04-02,2317,1,4835468263,11.0,5.11,1.41
2018-04-02,2330,2,4702581241,18.63,3.25,4.2
2018-04-02,2337,3,4294337004,16.9,2.32,3.78
2018-04-02,2377,4,3189771800,17.38,4.43,3.08
2018-04-02,2327,5,2681410059,25.76,3.38,5.65
2018-04-02,3708,6,2390107095,63.01,1.29,3.5
2018-04-02,9958,7,2357528636,255.31,0.37,6.55
2018-04-02,3008,8,1925090270,16.45,1.99,4.62
2018-04-02,2455,9,1368066647,52.58,2.23,7.29
2018-04-02,2399,10,1300560332,43.21,3.31,1.81
2018-04-02,2031,11,1288339880,11.21,5.13,1.9
2018-04-02,2492,12,1203826421,22.5,1.0,3.44
2018-04-02,2456,13,1145487498,21.46,3.77,2.93
2018-04-02,1589,14,1064746484,41.45,1.59,1.19
2018-04-02,2412,15,1063387033,22.46,4.27,2.39
2018-04-02,2454,16,1044401848,21.77,2.82,2.04
2018-04-02,3406,17,964440500,28.62,1.16,4.08
2018-04-02,2027,18,933410056,26.65,3.92,2.23
2018-04-02,2409,19,912719585,4.09,10.91,0.64
2018-04-02,2498,20,906305157,,0.0,1.64
2018-04-02,3645,21,892132180,35.83,1.78,4.56
2018-04-02,3481,22,891434015,3.53,0.76,0.5
2018-04-02,3443,23,874222983,48.43,1.62,10.23
2018-04-02,6196,24,859062874,15.64,4.33,1.99
2018-04-02,3533,25,857412996,20.23,2.66,2.34
2018-04-02,2448,26,812431407,27.16,1.66,0.87
2018-04-02,2474,27,805713006,12.61,3.36,2.07
2018-04-02,2408,28,800862340,6.75,3.95,2.06
2018-04-02,1476,29,697151500,31.56,2.71,6.39
2018-04-02,2481,30,685942097,,1.98,3.12
2018-04-02,2376,31,647736396,15.46,3.84,1.79
2018-04-02,1609,32,636416677,18.96,0.0,1.32
2018-04-02,2313,33,582865301,10.15,3.94,1.59
2018-04-02,3665,34,579543880,22.96,3.03,3.52
2018-04-02,3023,35,554166697,15.29,4.81,3.08
2018-04-02,6414,36,547524650,31.9,1.9,5.28
2018-04-02,4943,37,546485092,28.45,1.72,8.35
2018-04-02,2049,38,544660189,43.09,0.9,7.24
2018-04-02,2345,39,533429425,20.26,4.41,5.37
2018-04-02,4137,40,528126450,27.6,3.95,4.62
2018-04-02,1760,41,510980760,84.21,1.34,9.14
2018-04-02,1326,42,485846557,11.52,6.51,1.75
2018-04-02,3026,43,478095410,23.38,4.08,2.61
2018-04-02,2534,44,464755557,7.74,12.2,1.65
2018-04-02,2303,45,446366436,19.56,4.53,0.89
2018-04-02,1301,46,443262943,13.21,5.56,1.89
2018-04-02,6456,47,426766047,8.76,2.23,2.49
2018-04-02,3515,48,421744403,24.25,4.25,1.99
2018-04-02,2379,49,418604375,18.66,4.0,2.9
2018-04-02,2308,50,414455800,18.36,3.85,2.71
2018-04-02,1303,51,397867632,11.88,6.25,1.82
2018-04-02,3231,52,397559933,16.82,6.11,1.01
2018-04-02,3019,53,389897368,45.93,1.58,2.6
2018-04-02,2428,54,386136192,11.11,4.26,2.18
2018-04-02,2344,55,382562691,14.21,5.06,1.31
2018-04-02,3661,56,373588604,24.11,0.84,2.74
2018-04-02,2360,57,370627904,27.32,2.64,5.28
2018-04-02,2888,58,367820943,11.12,4.37,0.83
2018-04-02,2353,59,363736999,26.13,2.88,1.28
2018-04-02,3532,60,361992177,41.35,1.74,4.28
2018-04-02,1786,61,360922064,257.58,0.24,4.8
2018-04-02,2425,62,355479616,,0.47,2.02
2018-04-02,2325,63,352715928,22.99,3.44,2.32
2018-04-02,2311,64,338057721,15.59,3.27,1.88
2018-04-02,6269,65,334927434,9.86,4.55,1.69
2018-04-02,4739,66,333350900,26.37,2.32,3.79
2018-04-02,1611,67,325357439,7.23,8.93,0.9
2018-04-02,3545,68,323608279,,2.05,0.88
2018-04-02,2439,69,313442812,9.11,9.87,2.41
2018-04-02,2891,70,312629517,11.2,4.75,1.3
2018-04-02,0050,71,307813730,,,
2018-04-02,2357,72,296609104,13.14,5.45,1.17
2018-04-02,2367,73,295919602,18.04,0.0,1.28
2018-04-02,2882,74,294066788,12.5,3.81,1.17
2018-04-02,2884,75,289851143,13.45,6.31,1.33
2018-04-02,3090,76,278931854,15.39,5.96,2.75
2018-04-02,2885,77,269288842,9.82,4.09,0.75
2018-04-02,6533,78,268225379,359.43,0.0,6.7
2018-04-02,2038,79,267621426,224.17,3.72,0.65
2018-04-02,2881,80,257463711,10.02,3.99,1.11
2018-04-02,6153,81,252040455,601.43,0.48,1.81
2018-04-02,4968,82,250828190,31.12,2.02,4.35
2018-04-02,1590,83,249186702,29.38,1.44,6.08
2018-04-02,3413,84,247429269,17.02,1.94,5.04
2018-04-02,2883,85,239559361,12.78,4.83,0.89
2018-04-02,4938,86,229715699,12.95,5.49,1.3
2018-04-02,2104,87,226806633,12.37,4.38,1.44
2018-04-02,6525,88,226192853,15.0,4.54,3.1
2018-04-02,1314,89,223939557,5.69,0.0,0.56
2018-04-02,6251,90,222565902,345.0,0.0,0.69
2018-04-02,8422,91,221028533,15.77,5.82,3.97
2018-04-02,4108,92,217617235,,0.0,2.58
2018-04-02,4560,93,215323640,26.05,3.09,3.61
2018-04-02,1216,94,214571510,9.9,7.93,3.28
2018-04-02,2892,95,213138976,15.94,6.91,1.29
2018-04-02,2886,96,212390151,13.41,5.6,1.16
2018-04-02,6285,97,211408243,14.03,4.94,2.04
2018-04-02,2024,98,211292680,11.14,6.84,0.96
2018-04-02,2002,99,209334730,21.56,3.74,1.19
2018-04-02,2371,100,209157909,740.0,0.0,1.71
2018-04-02,9927,101,209111576,8.43,7.43,1.59
2018-04-02,2464,102,208274376,22.33,3.13,2.67
2018-04-02,1710,103,200962269,15.4,5.65,1.82
2018-04-02,2347,104,198047988,12.06,4.97,1.63
2018-04-02,3596,105,195370365,16.92,7.18,1.21
2018-04-02,3673,106,195133968,12.27,4.14,0.8
2018-04-02,2515,107,191925059,48.29,2.31,0.63
2018-04-02,2887,108,187612824,11.74,6.69,0.99
2018-04-02,1312,109,182799256,8.35,3.36,1.33
2018-04-02,2208,110,180946892,,0.0,2.16
2018-04-02,2105,111,179743188,27.37,3.85,1.85
2018-04-02,2404,112,177448331,13.04,7.52,2.47
2018-04-02,3045,113,173565370,21.11,5.09,5.02
2018-04-02,2356,114,172481459,12.42,7.07,1.5
2018-04-02,2421,115,169885067,17.31,5.07,2.75
2018-04-02,4551,116,165327405,25.82,3.36,5.33
2018-04-02,3035,117,160301010,20.83,1.43,3.15
2018-04-02,5871,118,158600382,13.48,3.88,2.43
2018-04-02,3036,119,155464887,10.42,5.05,1.31
2018-04-02,2352,120,153281029,8.1,6.19,1.39
2018-04-02,2382,121,148131183,15.82,5.76,1.72
2018-04-02,1536,122,148125492,26.06,3.05,4.77
2018-04-02,6451,123,147214100,140.0,3.67,2.88
2018-04-02,2405,124,146873607,,0.71,1.66
2018-04-02,8926,125,143599042,16.7,4.72,1.37
2018-04-02,2478,126,143568502,34.52,1.39,1.43
2018-04-02,1608,127,143392933,11.49,6.11,0.7
2018-04-02,8112,128,142566472,8.31,8.91,1.66
2018-04-02,4144,129,140823433,15.17,2.06,1.71
2018-04-02,4904,130,139174068,23.24,4.84,3.62
2018-04-02,4919,131,137985350,20.96,3.59,3.94
2018-04-02,3006,132,135882630,14.01,5.03,1.67
2018-04-02,2444,133,134949940,240.38,0.32,2.74
2018-04-02,2915,134,133994363,3.75,7.1,1.36
2018-04-02,6120,135,133502079,45.69,1.06,1.47
2018-04-02,1457,136,132563673,5.76,4.73,0.89
2018-04-02,4958,137,124737150,10.76,4.77,1.26
2018-04-02,6541,138,124692967,,0.0,6.35
2018-04-02,4984,139,123131260,,9.04,1.5
2018-04-02,2903,140,123005227,15.28,6.01,0.81
2018-04-02,1723,141,121880079,31.5,2.92,5.6
2018-04-02,1229,142,120871537,12.38,7.27,1.46
2018-04-02,2614,143,120868992,4.1,0.0,1.47
2018-04-02,6271,144,118318169,20.37,5.0,1.91
2018-04-02,1519,145,117874121,72.22,1.54,2.18
2018-04-02,6176,146,117243866,11.08,6.18,1.45
2018-04-02,2231,147,116695281,40.05,2.2,13.19
2018-04-02,1605,148,115514505,8.93,5.68,0.83
2018-04-02,5534,149,114726282,8.33,7.1,1.85
2018-04-02,8046,150,113365795,,1.52,0.69
2018-07-02,2327,1,13395875180,41.94,1.37,12.14
2018-07-02,2492,2,11053891215,62.98,0.87,11.76
2018-07-02,2330,3,7257081470,16.08,3.74,3.46
2018-07-02,3026,4,4809705199,34.24,1.97,5.15
2018-07-02,2456,5,4677063187,35.42,1.02,5.06
2018-07-02,3406,6,3227589542,38.02,0.74,6.19
2018-07-02,2478,7,3078464424,129.17,0.65,4.89
2018-07-02,2303,8,2946964097,20.68,3.9,1.03
2018-07-02,2317,9,2801225646,10.42,2.47,1.26
2018-07-02,3008,10,2403694900,24.36,1.59,6.37
2018-07-02,6153,11,2191021163,174.29,0.33,2.31
2018-07-02,2375,12,2117318770,36.71,3.32,4.23
2018-07-02,2454,13,1760190346,23.68,3.28,1.76
2018-07-02,2337,14,1659333682,10.4,2.89,2.79
2018-07-02,2481,15,1517419126,,0.0,3.39
2018-07-02,1326,16,1503517489,12.95,5.67,1.8
2018-07-02,2388,17,1414192049,428.33,0.0,7.14
2018-07-02,8163,18,1370911587,36.12,2.44,2.85
2018-07-02,2448,19,1316232141,17.4,2.14,0.78
2018-07-02,3090,20,1221467906,19.48,3.44,4.25
2018-07-02,1301,21,1129018732,13.94,5.07,1.89
2018-07-02,3596,22,1127934882,17.51,2.76,1.58
2018-07-02,6456,23,1061380658,9.77,4.7,2.58
2018-07-02,3443,24,1051583586,40.51,1.8,8.74
2018-07-02,2891,25,1025553554,10.96,4.98,1.31
2018-07-02,3504,26,1018988775,,0.0,3.78
2018-07-02,5469,27,969402917,17.04,2.42,0.89
2018-07-02,2049,28,938524956,26.74,1.09,5.53
2018-07-02,2426,29,910318336,27.7,2.9,2.03
2018-07-02,1101,30,857508072,18.28,5.97,1.19
2018-07-02,1303,31,847653627,12.13,5.84,1.79
2018-07-02,2377,32,822725097,14.05,4.77,2.65
2018-07-02,1605,33,743971432,7.38,4.71,0.94
2018-07-02,2882,34,734373779,10.37,4.7,1.19
2018-07-02,2408,35,719554737,5.5,4.33,1.68
2018-07-02,3016,36,671069861,81.29,0.72,4.94
2018-07-02,1590,37,642496600,21.29,1.86,4.42
2018-07-02,1216,38,638792012,11.02,7.15,3.51
2018-07-02,2474,39,636581184,11.04,3.58,1.87
2018-07-02,2340,40,633204819,19.62,4.75,1.68
2018-07-02,2323,41,574000022,,0.0,0.83
2018-07-02,2881,42,568025080,9.53,4.57,1.1
2018-07-02,3532,43,567620352,34.13,1.54,4.61
2018-07-02,2349,44,567506915,,0.0,2.36
2018-07-02,1536,45,552223912,31.7,2.46,5.67
2018-07-02,9910,46,550171870,23.22,3.27,7.22
2018-07-02,2345,47,542909662,19.95,4.71,4.73
2018-07-02,2357,48,530744290,14.2,5.49,1.14
2018-07-02,5871,49,521037918,11.67,4.12,2.17
2018-07-02,2344,50,520711736,11.79,5.24,1.23
2018-07-02,2412,51,504615370,22.35,4.38,2.2
2018-07-02,6505,52,489021366,15.2,5.21,3.1
2018-07-02,2455,53,488815060,49.15,2.17,7.2
2018-07-02,3059,54,483492660,,1.29,1.19
2018-07-02,3665,55,458156056,22.39,3.11,3.07
2018-07-02,2883,56,456699282,12.42,5.31,0.97
2018-07-02,4938,57,455040934,12.72,6.38,1.11
2018-07-02,2458,58,448799105,17.67,5.07,2.78
2018-07-02,9914,59,443168608,98.51,1.21,4.31
2018-07-02,2409,60,440025470,4.57,11.63,0.58
2018-07-02,4943,61,439189206,28.32,1.71,8.16
2018-07-02,2363,62,436527985,,0.0,0.89
2018-07-02,3711,63,432469849,,3.53,
2018-07-02,3376,64,409706352,22.76,2.66,1.39
2018-07-02,4137,65,408167168,29.14,2.73,5.97
2018-07-02,5305,66,400064230,24.78,3.55,1.78
2018-07-02,2308,67,395906882,15.74,4.78,2.15
2018-07-02,4739,68,385540336,23.28,2.34,3.57
2018-07-02,2912,69,385478243,11.42,7.39,6.69
2018-07-02,3019,70,384161099,37.86,1.74,2.36
2018-07-02,2834,71,375132476,10.78,7.06,0.73
2018-07-02,2886,72,372171656,13.87,5.66,1.14
2018-07-02,8261,73,372049044,56.52,0.87,3.21
2018-07-02,2439,74,367229873,8.14,12.41,2.01
2018-07-02,4725,75,362254004,,0.0,2.85
2018-07-02,2313,76,361375586,10.6,3.69,1.65
2018-07-02,2472,77,348140694,18.15,2.8,3.16
2018-07-02,0050,78,340342167,,,
2018-07-02,2884,79,337616079,13.58,5.84,1.39
2018-07-02,4989,80,335233799,7.29,9.62,2.26
2018-07-02,4904,81,328480072,24.08,4.85,3.21
2018-07-02,1476,82,325240160,27.04,2.62,6.25
2018-07-02,6449,83,321844448,22.38,2.65,3.22
2018-07-02,2371,84,320189001,,0.0,2.11
2018-07-02,3481,85,319940087,3.88,7.31,0.41
2018-07-02,5269,86,308247814,58.83,1.32,14.39
2018-07-02,2376,87,307950193,10.2,6.03,1.63
2018-07-02,2888,88,303824311,4.19,4.31,0.79
2018-07-02,6414,89,300701018,27.78,2.17,4.57
2018-07-02,1102,90,297525183,16.04,3.53,0.88
2018-07-02,3045,91,296278526,21.83,5.09,4.51
2018-07-02,1710,92,287569866,14.91,5.41,1.84
2018-07-02,2002,93,287481840,20.22,3.78,1.17
2018-07-02,8016,94,283577100,16.52,4.78,2.91
2018-07-02,2885,95,283463532,8.71,4.04,0.77
2018-07-02,2382,96,282465645,14.29,6.42,1.51
2018-07-02,2231,97,258896578,36.17,2.25,11.53
2018-07-02,6191,98,257512609,16.06,3.59,0.72
2018-07-02,3533,99,254389400,18.5,2.74,2.18
2018-07-02,2353,100,251381246,21.58,2.85,1.3
2018-07-02,4190,101,247196480,31.39,2.02,4.73
2018-07-02,2338,102,247158694,180.56,0.0,2.56
2018-07-02,3013,103,246392118,18.08,2.79,1.29
2018-07-02,1305,104,245978342,10.58,5.84,1.81
2018-07-02,2892,105,245460249,15.74,4.93,1.23
2018-07-02,4976,106,225339907,394.0,0.0,4.07
2018-07-02,3702,107,223032250,10.79,5.52,1.53
2018-07-02,2404,108,212013980,11.5,10.19,1.71
2018-07-02,9921,109,210259850,27.97,2.61,2.51
2018-07-02,8110,110,209088805,11.61,5.76,0.73
2018-07-02,3231,111,208714671,14.09,6.7,0.93
2018-07-02,3034,112,206272449,16.44,5.24,2.8
2018-07-02,2603,113,203623004,7.85,5.24,0.85
2018-07-02,2421,114,203132904,18.72,5.16,2.64
2018-07-02,2367,115,201085184,13.26,2.39,1.32
2018-07-02,2347,116,199240142,10.37,4.9,1.6
2018-07-02,6120,117,197166472,49.65,1.41,1.53
2018-07-02,2379,118,192356038,15.42,4.87,2.56
2018-07-02,9904,119,185491765,7.76,5.69,1.16
2018-07-02,3708,120,179572140,43.64,2.31,1.95
2018-07-02,5880,121,174795799,14.71,5.95,1.04
2018-07-02,2395,122,172856000,21.99,3.32,4.75
2018-07-02,2301,123,172157783,50.41,7.93,1.18
2018-07-02,3346,124,169069450,17.74,4.19,2.7
2018-07-02,3673,125,168910500,13.79,4.76,0.71
2018-07-02,9958,126,167334026,194.69,0.48,4.97
2018-07-02,1402,127,164349053,16.71,4.15,0.77
2018-07-02,2354,128,164131001,10.38,4.92,0.8
2018-07-02,6269,129,164130414,9.49,5.32,1.59
2018-07-02,2413,130,161093336,,0.0,2.47
2018-07-02,1707,131,157094606,23.35,2.85,5.73
2018-07-02,1312,132,156487355,7.82,3.38,1.23
2018-07-02,1909,133,156153825,9.27,6.72,1.1
2018-07-02,3413,134,155770544,12.97,3.53,3.69
2018-07-02,1773,135,151839618,18.05,4.32,3.36
2018-07-02,2915,136,149732427,3.44,6.47,1.17
2018-07-02,3661,137,149089009,21.09,0.8,2.9
2018-07-02,2498,138,149059761,7.47,0.0,0.85
2018-07-02,2356,139,147188291,11.59,6.95,1.5
2018-07-02,3645,140,143651764,33.63,1.78,4.39
2018-07-02,2027,141,138745215,15.9,3.3,2.46
2018-07-02,2723,142,136871753,22.15,2.06,4.57
2018-07-02,4532,143,134379076,15.39,5.65,1.88
2018-07-02,9938,144,131036378,11.89,4.77,2.16
2018-07-02,3583,145,125560124,19.03,2.61,2.69
2018-07-02,2534,146,123536700,7.49,9.93,1.77
2018-07-02,4915,147,123143200,13.45,5.33,2.26
2018-07-02,1477,148,122983151,22.37,4.35,3.34
2018-07-02,2324,149,120597640,13.67,6.32,0.81
2018-07-02,6116,150,119626905,5.14,5.46,0.68
2018-10-01,2330,1,5882532290,19.41,3.04,4.58
2018-10-01,2327,2,5408459880,8.38,3.59,3.56
2018-10-01,2492,3,5124755222,13.73,1.9,4.15
2018-10-01,9958,4,2633289963,256.94,0.32,7.53
2018-10-01,2317,5,2213853060,10.31,2.5,1.16
2018-10-01,3008,6,2093382760,19.37,1.94,5.41
2018-10-01,2308,7,2064722460,20.65,3.86,2.85
2018-10-01,2049,8,1825158022,16.47,1.43,4.07
2018-10-01,3443,9,1737956772,38.8,1.78,9.86
2018-10-01,3708,10,1308371364,65.55,2.37,1.94
2018-10-01,2454,11,1270421189,15.5,4.0,1.52
2018-10-01,6456,12,1240111904,7.6,6.64,2.01
2018-10-01,2371,13,1218526394,,0.0,3.06
2018-10-01,1326,14,1103393824,12.19,5.45,1.96
2018-10-01,3533,15,1089267372,15.88,2.76,2.2
2018-10-01,3673,16,949033127,17.97,5.22,0.65
2018-10-01,2027,17,939432318,14.16,2.26,3.19
2018-10-01,1301,18,897950226,12.72,4.85,2.03
2018-10-01,6153,19,865354002,64.92,0.48,1.58
2018-10-01,2881,20,840309801,9.05,4.38,1.19
2018-10-01,3026,21,832725535,10.26,3.93,2.54
2018-10-01,3406,22,757961328,25.39,1.09,4.34
2018-10-01,2345,23,744652508,18.63,4.74,5.52
2018-10-01,3665,24,741552992,16.11,4.28,2.3
2018-10-01,2886,25,713756605,13.96,5.45,1.24
2018-10-01,2474,26,706597162,8.74,3.51,1.87
2018-10-01,5269,27,695748000,43.04,1.21,17.11
2018-10-01,1722,28,673886034,27.66,4.34,0.96
2018-10-01,2208,29,642128534,,0.0,2.02
2018-10-01,3711,30,612153411,,3.34,1.62
2018-10-01,1101,31,600522447,11.9,6.09,1.15
2018-10-01,2888,32,592173729,5.13,4.03,0.84
2018-10-01,2031,33,561797841,9.44,4.41,2.1
2018-10-01,1515,34,556428428,34.94,2.07,4.46
2018-10-01,2891,35,551691828,11.48,4.71,1.46
2018-10-01,2448,36,546081594,22.33,2.25,0.75
2018-10-01,0050,37,516131207,,,
2018-10-01,6452,38,510864426,38.32,1.71,5.48
2018-10-01,2408,39,493340137,3.74,5.93,1.25
2018-10-01,1590,40,488134004,16.53,2.51,3.43
2018-10-01,1402,41,469150275,14.75,3.45,0.93
2018-10-01,2002,42,468596122,18.75,3.45,1.3
2018-10-01,6505,43,455258345,15.88,4.24,4.16
2018-10-01,2337,44,451843506,5.22,4.65,1.72
2018-10-01,2633,45,429193266,18.91,2.48,2.61
2018-10-01,2439,46,429160368,10.3,11.02,2.82
2018-10-01,2456,47,423212783,16.05,2.09,1.32
2018-10-01,2834,48,422528533,11.84,5.96,0.85
2018-10-01,3037,49,418559469,65.0,2.48,0.73
2018-10-01,3034,50,416690695,16.72,4.81,3.36
2018-10-01,4938,51,408048490,13.02,6.48,1.12
2018-10-01,6552,52,396031443,120.95,0.34,5.2
2018-10-01,2360,53,388136185,18.77,3.07,4.51
2018-10-01,6278,54,387930342,18.14,3.33,1.04
2018-10-01,2409,55,378166138,6.63,11.72,0.62
2018-10-01,6271,56,374010434,15.36,6.19,1.63
2018-10-01,1536,57,366670972,27.77,2.77,5.49
2018-10-01,2882,58,358021270,11.28,4.73,1.26
2018-10-01,1102,59,354535055,14.13,2.9,1.03
2018-10-01,4927,60,349439841,17.59,0.0,0.96
2018-10-01,4943,61,342945171,20.52,2.09,7.54
2018-10-01,2412,62,327924692,22.93,4.34,2.38
2018-10-01,3653,63,326041778,26.39,2.4,2.02
2018-10-01,3532,64,326019931,28.49,1.38,5.14
2018-10-01,3189,65,314491428,61.35,2.75,0.89
2018-10-01,2377,66,310235585,10.5,5.35,2.54
2018-10-01,2353,67,308785025,18.63,2.78,1.33
2018-10-01,1786,68,306993563,70.27,0.25,4.31
2018-10-01,1303,69,300391514,10.42,6.0,1.81
2018-10-01,1216,70,298351230,11.08,6.97,4.48
2018-10-01,2382,71,298181002,14.81,6.38,1.62
2018-10-01,2455,72,294811900,33.27,3.07,5.73
2018-10-01,2883,73,293204725,11.63,5.26,1.03
2018-10-01,2379,74,291106644,18.21,4.04,3.12
2018-10-01,3504,75,290535000,561.25,0.0,2.97
2018-10-01,4764,76,290531664,13.95,2.94,2.8
2018-10-01,4142,77,289005661,,0.0,2.82
2018-10-01,2478,78,271149019,25.06,1.2,2.54
2018-10-01,2013,79,270663657,78.37,0.71,1.56
2018-10-01,2357,80,264298319,14.62,5.61,1.21
2018-10-01,2344,81,259121140,7.7,6.8,0.91
2018-10-01,2481,82,255637305,,0.0,1.71
2018-10-01,2347,83,247324064,8.65,5.71,1.41
2018-10-01,4725,84,238911358,63.43,0.0,2.81
2018-10-01,1718,85,238877183,7.28,6.44,0.6
2018-10-01,2313,86,232255308,8.03,4.92,1.29
2018-10-01,1605,87,231167008,5.43,4.83,0.86
2018-10-01,5871,88,220323097,11.32,3.74,2.44
2018-10-01,4958,89,220165494,9.58,4.82,1.28
2018-10-01,3481,90,219708833,7.59,7.48,0.41
2018-10-01,1476,91,216826104,25.22,2.53,7.04
2018-10-01,2498,92,216263070,5.36,0.0,0.62
2018-10-01,2395,93,209398252,25.65,2.91,6.02
2018-10-01,1589,94,207611047,,2.7,0.73
2018-10-01,8163,95,206253141,14.35,4.4,1.58
2018-10-01,5907,96,201603772,11.68,3.32,0.69
2018-10-01,2405,97,200025329,,0.0,1.44
2018-10-01,2892,98,197469260,16.55,4.8,1.29
2018-10-01,2887,99,197022371,11.25,6.67,1.03
2018-10-01,2303,100,193999689,15.59,4.47,0.91
2018-10-01,2442,101,190957835,,0.0,1.49
2018-10-01,9910,102,188973794,27.26,2.63,9.96
2018-10-01,3090,103,185934023,8.55,5.23,2.39
2018-10-01,6230,104,182148379,15.62,4.21,2.31
2018-10-01,3576,105,179675455,,0.0,1.0
2018-10-01,2383,106,179601320,14.01,5.45,2.55
2018-10-01,1314,107,178245074,9.21,0.0,0.58
2018-10-01,2912,108,177224020,12.12,6.99,12.27
2018-10-01,3231,109,176758980,13.36,7.34,0.82
2018-10-01,6176,110,171579933,10.06,7.02,1.39
2018-10-01,3413,111,168855043,9.55,4.61,2.94
2018-10-01,1710,112,168480246,12.89,4.97,2.14
2018-10-01,3045,113,167011910,21.77,5.11,5.42
2018-10-01,5522,114,166093586,12.19,7.35,0.69
2018-10-01,1310,115,163699669,10.17,6.61,1.79
2018-10-01,2885,116,163277000,9.15,3.48,0.89
2018-10-01,3016,117,162676826,47.06,0.97,3.69
2018-10-01,2884,118,158617002,13.95,5.44,1.51
2018-10-01,3019,119,158571585,26.46,2.18,1.85
2018-10-01,8464,120,154898268,19.84,4.35,6.3
2018-10-01,3702,121,154513724,9.64,5.86,1.43
2018-10-01,2515,122,152829398,29.34,2.23,0.66
2018-10-01,6541,123,144596100,,0.0,6.05
2018-10-01,4904,124,142210291,23.31,5.12,3.46
2018-10-01,4137,125,138966666,20.28,3.41,5.29
2018-10-01,2356,126,137851379,12.63,6.13,1.81
2018-10-01,2915,127,131501753,2.86,6.51,1.22
2018-10-01,2014,128,129654500,6.56,0.0,1.56
2018-10-01,3044,129,128884143,10.45,6.22,1.48
2018-10-01,2376,130,126828466,7.4,8.13,1.21
2018-10-01,3023,131,126273870,15.06,4.57,3.34
2018-10-01,8150,132,124367875,43.27,1.26,1.1
2018-10-01,2329,133,124311363,,0.0,1.68
2018-10-01,4106,134,124146298,26.44,2.8,1.5
2018-10-01,4739,135,121852028,15.2,3.36,2.57
2018-10-01,6414,136,121214028,19.87,3.08,3.17
2018-10-01,2301,137,120676361,52.99,7.65,1.32
2018-10-01,2324,138,119611976,10.52,6.3,0.83
2018-10-01,2823,139,118202680,8.97,4.55,1.44
2018-10-01,2542,140,117582496,11.06,7.26,1.77
2018-10-01,8367,141,117124198,19.4,3.24,1.34
2018-10-01,2421,142,116798988,19.74,5.11,2.94
2018-10-01,3661,143,116590493,13.38,1.2,1.83
2018-10-01,2890,144,112711398,12.97,6.28,0.89
2018-10-01,1218,145,109960859,16.82,2.16,1.46
2018-10-01,3017,146,109573132,12.75,4.63,1.15
2018-10-01,8046,147,107627100,,1.66,0.65
2018-10-01,2801,148,107470490,13.93,4.52,1.17
2018-10-01,5880,149,107253690,15.16,5.63,1.13
2018-10-01,2723,150,107087465,21.73,2.27,4.8
2019-01-02,2330,1,7276419230,16.24,3.64,3.61
2019-01-02,3008,2,2950409500,15.49,2.37,4.07
2019-01-02,2327,3,2926643598,4.09,5.37,2.39
2019-01-02,2345,4,1366050639,19.64,4.21,5.78
2019-01-02,2492,5,1227872120,4.74,2.61,2.42
2019-01-02,2317,6,1182131473,7.04,2.85,0.84
2019-01-02,2412,7,1148738637,23.21,4.49,2.25
2019-01-02,3037,8,1040416484,19.58,2.16,0.82
2019-01-02,2377,9,1036649744,9.77,5.84,2.23
2019-01-02,2454,10,957735608,12.87,4.54,1.29
2019-01-02,3406,11,940101499,14.54,1.96,2.37
2019-01-02,2455,12,848549191,28.36,3.8,4.54
2019-01-02,2912,13,797720822,10.29,8.32,9.46
2019-01-02,1301,14,701726819,10.34,5.84,1.69
2019-01-02,1326,15,700130400,9.21,7.02,1.5
2019-01-02,2337,16,691343497,3.75,6.76,1.12
2019-01-02,9910,17,687809706,25.27,2.67,8.83
2019-01-02,3711,18,660446839,,4.42,1.22
2019-01-02,0050,19,636107101,,,
2019-01-02,1477,20,604695905,26.2,3.44,4.39
2019-01-02,3665,21,592753393,19.9,3.11,3.08
2019-01-02,3443,22,587505340,25.15,2.46,6.67
2019-01-02,2882,23,573849589,10.31,5.45,1.07
2019-01-02,2888,24,533521988,5.06,5.49,0.59
2019-01-02,2474,25,532618623,5.99,5.26,1.23
2019-01-02,2408,26,521562692,3.2,6.38,1.07
2019-01-02,4190,27,508841064,17.0,2.12,4.3
2019-01-02,3596,28,492448521,17.57,2.69,1.59
2019-01-02,6285,29,487553565,17.14,4.82,2.14
2019-01-02,2881,30,478371466,8.81,4.99,1.03
2019-01-02,6278,31,477048927,20.11,3.42,0.99
2019-01-02,2891,32,401389157,10.53,5.43,1.24
2019-01-02,2379,33,359201190,17.23,4.0,2.97
2019-01-02,6230,34,358959253,21.98,3.02,3.14
2019-01-02,4536,35,357644070,13.94,2.73,2.08
2019-01-02,9958,36,354529478,235.0,0.49,3.58
2019-01-02,6213,37,351129638,10.0,6.0,2.12
2019-01-02,2308,38,350424256,19.51,3.94,2.67
2019-01-02,1216,39,340664448,9.76,8.05,3.75
2019-01-02,6505,40,339718008,11.22,6.12,2.82
2019-01-02,2886,41,330174005,13.05,5.89,1.12
2019-01-02,6552,42,328694363,79.76,0.31,5.55
2019-01-02,2371,43,327917983,,0.0,2.34
2019-01-02,2439,44,325985306,8.44,12.51,2.56
2019-01-02,5871,45,322067034,9.99,4.08,2.19
2019-01-02,2376,46,318240761,7.65,10.15,1.02
2019-01-02,5388,47,315799616,17.68,5.78,2.34
2019-01-02,2375,48,299569464,2.06,7.5,1.08
2019-01-02,1760,49,293389840,84.91,1.67,5.47
2019-01-02,3045,50,289360471,22.43,5.23,4.97
2019-01-02,1303,51,289067773,8.72,6.99,1.52
2019-01-02,2049,52,253027387,12.29,1.73,2.86
2019-01-02,4958,53,249291529,8.13,4.18,1.22
2019-01-02,2498,54,247639514,4.47,0.0,0.6
2019-01-02,1590,55,240106500,19.22,2.48,3.48
2019-01-02,3034,56,236797120,14.91,5.13,2.95
2019-01-02,1101,57,234262829,9.75,7.04,1.06
2019-01-02,5269,58,232028792,39.38,1.2,14.82
2019-01-02,1476,59,228757803,22.96,2.7,6.15
2019-01-02,1515,60,223150854,48.44,1.69,5.36
2019-01-02,2382,61,221707772,13.78,6.53,1.53
2019-01-02,1402,62,218596816,12.04,4.28,0.74
2019-01-02,2002,63,218260366,15.0,3.67,1.19
2019-01-02,2884,64,214564858,13.14,6.12,1.39
2019-01-02,2357,65,213899770,13.62,7.37,0.89
2019-01-02,0056,66,212174153,,,
2019-01-02,2303,67,210286552,12.91,6.4,0.64
2019-01-02,2301,68,209828869,12.21,7.18,1.39
2019-01-02,6176,69,208767791,9.43,5.85,1.6
2019-01-02,6153,70,208254369,25.4,0.79,0.96
2019-01-02,5264,71,206782951,,6.01,0.55
2019-01-02,3017,72,205429542,12.64,5.07,1.07
2019-01-02,3533,73,203879965,14.57,2.69,2.17
2019-01-02,4904,74,202190068,23.58,5.18,3.29
2019-01-02,2448,75,200765147,29.71,3.17,0.54
2019-01-02,2332,76,200673525,200.83,0.0,0.86
2019-01-02,8046,77,199120188,,1.47,0.75
2019-01-02,3019,78,196109060,21.34,2.39,1.64
2019-01-02,3481,79,192573755,13.01,8.42,0.37
2019-01-02,2344,80,192138051,6.31,7.55,0.83
2019-01-02,2409,81,188902542,8.18,12.55,0.57
2019-01-02,3026,82,182522367,5.54,5.02,1.75
2019-01-02,2892,83,178111560,16.36,5.05,1.2
2019-01-02,2456,84,177213720,6.22,2.48,0.79
2019-01-02,6409,85,173110909,24.29,3.77,10.57
2019-01-02,2885,86,172659382,8.79,3.68,0.82
2019-01-02,2887,87,171175897,10.48,7.56,0.92
2019-01-02,6277,88,171043060,10.75,6.09,2.88
2019-01-02,3035,89,169882769,46.81,6.34,2.16
2019-01-02,3450,90,169728883,13.62,6.04,2.44
2019-01-02,5876,91,165242580,12.73,4.49,1.28
2019-01-02,2027,92,163776633,8.67,2.83,2.11
2019-01-02,6668,93,162038030,23.97,2.24,4.1
2019-01-02,4977,94,158425153,14.61,5.59,3.17
2019-01-02,4938,95,157585320,11.33,7.97,0.9
2019-01-02,2101,96,157047903,70.14,2.74,2.01
2019-01-02,3016,97,150789700,29.86,1.14,3.03
2019-01-02,2395,98,147393800,23.39,3.13,5.29
2019-01-02,5880,99,130725099,14.92,5.97,1.07
2019-01-02,2481,100,129575190,,0.0,1.36
2019-01-02,2324,101,128272461,8.15,6.88,0.73
2019-01-02,6670,102,128100178,10.4,5.73,5.41
2019-01-02,3338,103,127818100,41.71,0.95,2.06
2019-01-02,2458,104,127690858,16.23,3.4,3.55
2019-01-02,6451,105,126784562,86.56,1.17,1.59
2019-01-02,2404,106,125599965,13.13,6.59,2.93
2019-01-02,3673,107,125260626,31.05,6.32,0.53
2019-01-02,1102,108,125069106,10.34,3.55,0.82
2019-01-02,2618,109,124730590,10.83,4.46,1.09
2019-01-02,2368,110,124044712,36.53,0.0,1.01
2019-01-02,2353,111,121963065,16.19,3.66,1.0
2019-01-02,2449,112,121875230,15.68,7.81,1.16
2019-01-02,6456,113,121411689,6.94,10.08,1.32
2019-01-02,1310,114,121246373,9.25,7.0,1.6
2019-01-02,4927,115,121046710,9.66,0.0,1.01
2019-01-02,2633,116,118652439,17.16,2.48,2.52
2019-01-02,2883,117,115799099,12.57,6.2,0.85
2019-01-02,2349,118,113919370,,0.0,1.5
2019-01-02,2383,119,112473030,11.23,7.22,1.86
2019-01-02,2356,120,111059746,11.42,7.48,1.47
2019-01-02,2478,121,106215006,8.2,1.61,1.69
2019-01-02,6414,122,105366700,16.61,3.61,2.59
2019-01-02,4137,123,105316750,18.63,3.18,5.35
2019-01-02,3708,124,98683409,8.51,2.8,1.45
2019-01-02,2340,125,98012851,13.22,7.4,1.11
2019-01-02,3532,126,97931043,9.15,1.79,2.21
2019-01-02,6415,127,96215860,21.57,1.29,3.41
2019-01-02,2823,128,95606174,9.35,5.03,1.23
2019-01-02,2426,129,94054739,7.96,4.17,1.3
2019-01-02,2207,130,93172432,13.48,4.86,2.84
2019-01-02,6269,131,91930521,8.44,6.67,1.32
2019-01-02,2634,132,90503632,13.33,3.64,2.14
2019-01-02,2880,133,89493291,14.26,5.46,1.16
2019-01-02,5234,134,88363833,15.74,4.81,3.92
2019-01-02,3653,135,87689502,21.71,2.58,1.79
2019-01-02,2834,136,86235006,10.3,6.5,0.79
2019-01-02,2323,137,85266755,,0.0,0.67
2019-01-02,2867,138,85132414,,13.89,0.78
2019-01-02,3545,139,84557822,,1.97,0.69
2019-01-02,1526,140,84485622,12.37,3.17,1.97
2019-01-02,4943,141,84372845,9.44,5.06,3.11
2019-01-02,2347,142,84300504,8.42,6.19,1.29
2019-01-02,2548,143,84298308,25.88,7.67,1.28
2019-01-02,2348,144,83779247,9.39,7.72,2.94
2019-01-02,9904,145,83080714,7.7,6.21,1.1
2019-01-02,1722,146,82168641,21.86,4.9,0.84
2019-01-02,9921,147,81813252,24.57,2.43,2.7
2019-01-02,2890,148,81809301,11.28,6.9,0.81
2019-01-02,8150,149,81281404,25.53,1.14,1.09
2019-01-02,1707,150,77962662,18.98,3.59,4.75
2019-04-01,2317,1,13641328837,8.11,2.48,0.97
2019-04-01,2330,2,8758161220,18.13,3.26,3.8
2019-04-01,3406,3,6116617916,42.45,0.88,5.03
2019-04-01,2492,4,4425595340,4.73,2.08,2.69
2019-04-01,3008,5,3434084760,24.66,1.62,5.59
2019-04-01,3037,6,2888107897,27.37,2.48,1.11
2019-04-01,3504,7,2877766232,71.97,0.0,3.66
2019-04-01,2313,8,2575249226,12.59,3.16,1.28
2019-04-01,3019,9,2525269402,25.04,2.36,2.32
2019-04-01,2474,10,2452763894,6.79,4.87,1.26
2019-04-01,2454,11,2133322664,21.78,3.5,1.66
2019-04-01,2412,12,1838923930,24.13,4.05,2.28
2019-04-01,4958,13,1634190422,8.95,3.51,1.35
2019-04-01,2327,14,1399382984,4.02,14.02,2.29
2019-04-01,2383,15,1335604912,18.7,3.71,2.75
2019-04-01,6269,16,1326265373,11.17,5.3,1.54
2019-04-01,2345,17,1313145213,24.53,3.07,7.05
2019-04-01,2377,18,1220952084,12.29,5.12,2.48
2019-04-01,1101,19,1171619600,10.36,9.67,1.21
2019-04-01,4943,20,1166490626,19.0,3.49,4.66
2019-04-01,1590,21,1166127685,28.1,1.26,4.67
2019-04-01,2308,22,1126723820,22.29,3.21,3.11
2019-04-01,6669,23,1104980380,10.38,1.59,5.37
2019-04-01,3711,24,1032408643,11.55,3.64,1.44
2019-04-01,2049,25,930308072,14.66,2.78,3.27
2019-04-01,3645,26,918473795,19.5,3.21,3.08
2019-04-01,0050,27,886568240,,,
2019-04-01,2891,28,880592725,11.15,5.32,1.28
2019-04-01,1515,29,817536071,35.86,2.53,5.66
2019-04-01,1301,30,813607269,13.82,5.4,1.92
2019-04-01,6456,31,807227735,10.06,3.38,1.62
2019-04-01,8046,32,801660035,,1.56,0.98
2019-04-01,2888,33,765726765,11.01,2.27,0.75
2019-04-01,2408,34,759383116,4.73,11.72,1.13
2019-04-01,4960,35,756201514,,0.0,0.77
2019-04-01,3338,36,738396926,25.13,3.02,2.46
2019-04-01,3049,37,717701652,47.0,0.0,1.17
2019-04-01,6414,38,687706040,18.81,3.28,3.15
2019-04-01,2882,39,665692472,12.19,5.62,1.21
2019-04-01,6153,40,663839828,16.23,1.85,1.19
2019-04-01,3034,41,649547295,18.67,3.62,3.93
2019-04-01,1303,42,631562199,11.74,6.4,1.65
2019-04-01,2354,43,615610761,9.01,5.64,0.78
2019-04-01,1326,44,614071564,13.16,5.64,1.74
2019-04-01,6239,45,606808343,9.36,6.39,1.42
2019-04-01,1102,46,589681557,12.24,6.91,0.99
2019-04-01,2382,47,565096898,14.9,6.08,1.67
2019-04-01,3231,48,560144528,13.76,6.26,0.98
2019-04-01,2379,49,560024982,21.61,2.97,3.82
2019-04-01,1216,50,526090568,24.43,3.33,4.01
2019-04-01,2328,51,519696558,10.39,4.62,1.13
2019-04-01,3673,52,516877180,108.0,5.05,0.65
2019-04-01,2458,53,514827286,17.27,5.41,4.06
2019-04-01,2881,54,510780842,10.99,5.04,1.14
2019-04-01,2367,55,492634051,20.24,2.33,1.35
2019-04-01,2337,56,487858033,4.35,5.65,1.25
2019-04-01,9938,57,480023858,16.08,3.54,2.49
2019-04-01,4927,58,475844774,9.03,5.82,1.25
2019-04-01,2884,59,470841839,15.09,5.95,1.61
2019-04-01,1476,60,465851920,25.66,2.69,6.64
2019-04-01,6285,61,464109570,16.57,4.27,2.01
2019-04-01,5871,62,458157684,12.1,3.59,2.64
2019-04-01,4938,63,440344989,12.44,6.6,0.92
2019-04-01,2498,64,438114584,2.72,0.0,0.73
2019-04-01,3376,65,424925177,15.82,2.37,1.48
2019-04-01,3533,66,413500123,14.5,3.52,2.45
2019-04-01,9921,67,410368255,27.36,2.2,3.77
2019-04-01,4426,68,409194052,31.4,1.85,3.18
2019-04-01,2912,69,409177770,30.35,2.95,8.79
2019-04-01,3665,70,401920588,18.43,3.46,2.85
2019-04-01,3653,71,400969904,26.28,3.05,2.65
2019-04-01,3413,72,395998373,10.21,4.88,2.79
2019-04-01,1314,73,388438028,7.42,8.47,0.48
2019-04-01,2449,74,384767606,18.16,5.06,1.33
2019-04-01,6451,75,376793014,40.81,0.81,2.17
2019-04-01,3419,76,369854565,32.2,0.0,1.47
2019-04-01,8213,77,368504667,8.31,4.14,0.89
2019-04-01,9904,78,365788440,10.1,5.46,1.39
2019-04-01,2448,79,365645081,,1.22,0.54
2019-04-01,6552,80,356810830,64.55,1.41,7.53
2019-04-01,8163,81,342900438,9.13,7.06,1.56
2019-04-01,2834,82,338449038,10.13,6.64,0.91
2019-04-01,2442,83,337934490,3.92,11.11,0.96
2019-04-01,2002,84,336749350,15.82,4.0,1.23
2019-04-01,3481,85,336350389,46.14,7.88,0.4
2019-04-01,2892,86,335490182,15.07,4.74,1.27
2019-04-01,3443,87,330040188,27.88,2.43,6.31
2019-04-01,9914,88,327857691,28.85,2.12,3.87
2019-04-01,3708,89,322634913,9.58,4.74,2.01
2019-04-01,3045,90,322135283,22.16,5.05,4.89
2019-04-01,2886,91,321291531,13.48,5.38,1.21
2019-04-01,3017,92,318730322,17.39,2.86,1.41
2019-04-01,2455,93,314198260,42.24,2.75,6.6
2019-04-01,6213,94,311827130,14.91,4.35,3.31
2019-04-01,2456,95,303966305,7.54,8.96,0.89
2019-04-01,3532,96,302884873,8.13,7.69,2.08
2019-04-01,3596,97,300483125,20.78,2.14,2.0
2019-04-01,2542,98,297246266,8.47,6.88,1.7
2019-04-01,3016,99,282185204,33.25,1.92,3.53
2019-04-01,8016,100,278402492,20.67,3.46,3.69
2019-04-01,6505,101,274904802,17.99,4.23,3.2
2019-04-01,5269,102,273065750,35.74,2.11,14.67
2019-04-01,6209,103,271046460,,0.0,1.64
2019-04-01,2890,104,269878169,13.51,5.64,0.9
2019-04-01,5876,105,267015175,14.48,4.12,1.51
2019-04-01,6176,106,267013082,9.12,4.86,1.78
2019-04-01,2303,107,265345955,19.58,5.02,0.67
2019-04-01,2633,108,264097755,18.66,3.16,2.88
2019-04-01,2883,109,262143744,18.61,5.97,0.92
2019-04-01,8150,110,259509670,17.7,4.46,1.08
2019-04-01,2823,111,251293355,10.18,5.42,1.42
2019-04-01,2301,112,251110113,13.04,6.55,1.45
2019-04-01,1402,113,248546021,13.56,5.9,0.8
2019-04-01,2395,114,247871712,28.19,2.68,6.06
2019-04-01,1527,115,239792842,7.93,6.75,2.14
2019-04-01,2887,116,236222764,12.39,7.07,0.92
2019-04-01,4552,117,231971177,7.4,6.84,1.12
2019-04-01,9958,118,229572408,448.13,0.42,4.06
2019-04-01,4989,119,229271827,16.13,5.48,1.93
2019-04-01,2357,120,227786161,39.04,6.74,1.02
2019-04-01,2371,121,227453679,,0.0,2.18
2019-04-01,9910,122,226746632,27.03,3.62,8.89
2019-04-01,6670,123,225434480,10.35,6.94,3.62
2019-04-01,1477,124,223606733,29.1,3.39,5.0
2019-04-01,2464,125,222333348,9.81,6.9,2.27
2019-04-01,3038,126,219025895,20.75,3.3,1.34
2019-04-01,2439,127,217849457,16.39,5.07,3.41
2019-04-01,3535,128,212406220,32.48,0.0,3.05
2019-04-01,2885,129,211112403,10.97,5.13,0.94
2019-04-01,5880,130,210752785,15.69,5.4,1.17
2019-04-01,2338,131,210139476,26.57,3.06,2.07
2019-04-01,5388,132,207896985,20.63,3.63,2.38
2019-04-01,6230,133,200789929,18.7,3.64,2.9
2019-04-01,2478,134,199871666,7.84,1.41,1.82
2019-04-01,3005,135,198969917,12.84,6.12,1.93
2019-04-01,6415,136,198599675,23.61,1.36,3.34
2019-04-01,2376,137,197919563,12.2,8.11,1.3
2019-04-01,8215,138,197006443,28.48,2.07,2.26
2019-04-01,4915,139,195883638,14.71,4.0,2.31
2019-04-01,2880,140,195368560,15.16,4.94,1.28
2019-04-01,0056,141,192657440,,,
2019-04-01,2027,142,191990688,9.22,6.65,1.82
2019-04-01,3026,143,191791185,6.47,7.89,1.87
2019-04-01,2360,144,191574640,24.27,2.82,4.29
2019-04-01,2329,145,190148122,,0.0,1.59
2019-04-01,2481,146,189210311,11.33,1.83,1.55
2019-04-01,2204,147,188765082,10.88,6.01,0.75
2019-04-01,4904,148,187719063,25.45,5.12,3.26
2019-04-01,2332,149,187634879,85.0,1.47,0.96
2019-04-01,2480,150,186321854,15.08,5.97,2.31
2019-07-01,2330,1,16445222750,19.96,3.22,3.7
2019-07-01,3406,2,4793934518,60.3,0.79,5.55
2019-07-01,3008,3,3342871120,22.39,1.6,5.04
2019-07-01,3037,4,3085911202,29.36,2.06,1.32
2019-07-01,2317,5,2989054094,8.82,5.04,0.87
2019-07-01,2454,6,2599022236,23.14,2.87,1.74
2019-07-01,2492,7,2339264296,3.97,9.62,2.13
2019-07-01,2383,8,2149683403,16.89,3.69,2.61
2019-07-01,2327,9,2096205412,3.59,16.51,1.84
2019-07-01,2439,10,1938663323,14.65,4.73,3.15
2019-07-01,3017,11,1919202249,20.02,2.37,1.63
2019-07-01,3034,12,1606936780,15.54,4.63,3.57
2019-07-01,2408,13,1485942928,5.61,10.77,1.19
2019-07-01,1301,14,1468635866,15.97,5.04,1.96
2019-07-01,1590,15,1388803826,26.79,1.41,3.9
2019-07-01,2308,16,1323597980,22.2,3.12,3.09
2019-07-01,6213,17,1296400563,18.61,3.22,4.12
2019-07-01,4943,18,1281381836,25.71,3.18,5.15
2019-07-01,2882,19,1231505725,14.47,3.51,0.92
2019-07-01,2337,20,1224576148,6.0,5.06,1.37
2019-07-01,2049,21,1208819030,17.39,2.63,3.31
2019-07-01,2345,22,1194068629,23.34,2.99,6.66
2019-07-01,3019,23,1190066267,22.88,2.56,2.1
2019-07-01,3338,24,1177765625,24.83,1.85,3.82
2019-07-01,1303,25,1165335946,14.1,6.35,1.61
2019-07-01,0050,26,1137417652,,,
2019-07-01,2474,27,1110826188,6.75,5.26,1.13
2019-07-01,3711,28,1015475091,11.13,3.78,1.35
2019-07-01,6269,29,965864372,11.31,5.51,1.44
2019-07-01,2884,30,916178485,16.05,5.46,1.69
2019-07-01,2881,31,906238506,12.14,4.32,0.99
2019-07-01,1101,32,865316307,11.04,8.67,1.26
2019-07-01,8016,33,862851980,18.12,3.64,3.29
2019-07-01,2449,34,858942620,19.46,4.66,1.41
2019-07-01,6552,35,856395922,32.06,1.91,5.17
2019-07-01,2379,36,832083361,24.27,3.0,4.54
2019-07-01,4958,37,776782351,10.15,4.19,1.48
2019-07-01,3596,38,774552696,17.98,3.7,1.93
2019-07-01,8046,39,756566415,,1.62,0.94
2019-07-01,2313,40,750717312,14.22,3.01,1.31
2019-07-01,4915,41,729368667,13.81,4.25,2.07
2019-07-01,2633,42,725370561,23.8,2.5,3.51
2019-07-01,1326,43,718661192,13.42,6.08,1.53
2019-07-01,3443,44,718260789,33.0,2.17,6.81
2019-07-01,2886,45,710534057,15.0,5.5,1.29
2019-07-01,3653,46,699074500,24.32,2.88,2.62
2019-07-01,2371,47,681981984,,0.0,1.22
2019-07-01,2303,48,675797392,35.0,4.11,0.82
2019-07-01,2455,49,671390425,42.91,2.87,5.61
2019-07-01,2412,50,662884117,24.94,3.96,2.28
2019-07-01,2456,51,641191339,7.81,8.45,0.92
2019-07-01,6176,52,637052000,7.36,7.0,1.68
2019-07-01,5269,53,630041951,28.0,2.38,11.65
2019-07-01,2891,54,613409755,12.19,4.66,1.21
2019-07-01,6278,55,605893016,15.31,2.18,1.44
2019-07-01,3045,56,599361023,25.0,4.59,4.99
2019-07-01,4968,57,595990263,41.86,1.66,4.66
2019-07-01,6230,58,595737520,20.98,2.75,3.66
2019-07-01,2377,59,580629138,14.44,5.59,2.41
2019-07-01,3665,60,550590160,17.96,3.3,2.83
2019-07-01,2885,61,548188494,11.99,4.75,0.97
2019-07-01,2404,62,537520619,11.13,6.41,3.62
2019-07-01,2376,63,513221473,28.47,5.58,1.37
2019-07-01,2888,64,492434435,,2.11,0.66
2019-07-01,1736,65,463410235,31.83,1.01,2.28
2019-07-01,1216,66,453270098,25.15,3.07,4.08
2019-07-01,2409,67,452671068,42.59,5.34,0.45
2019-07-01,2823,68,449444866,10.91,0.0,1.0
2019-07-01,4927,69,444472226,10.41,4.61,1.49
2019-07-01,6456,70,431101040,8.64,3.85,1.35
2019-07-01,1536,71,428060608,23.84,3.26,3.91
2019-07-01,2382,72,421808206,15.12,5.84,1.7
2019-07-01,3704,73,392984636,,0.0,1.32
2019-07-01,3504,74,392355300,59.81,0.53,3.02
2019-07-01,3481,75,381996171,,0.81,0.29
2019-07-01,3049,76,375069502,18.57,0.0,1.25
2019-07-01,2458,77,373983124,12.98,6.64,3.1
2019-07-01,6153,78,343530256,15.55,1.92,1.13
2019-07-01,3533,79,339494548,13.72,3.93,2.04
2019-07-01,2603,80,332813478,81.88,0.0,0.88
2019-07-01,6415,81,331848778,30.11,1.09,3.97
2019-07-01,4938,82,330498344,13.73,6.42,0.93
2019-07-01,3044,83,326675941,11.29,5.29,1.71
2019-07-01,5876,84,319439991,15.75,3.62,1.65
2019-07-01,5871,85,316127858,12.14,3.44,2.58
2019-07-01,2357,86,305569872,41.08,6.71,0.98
2019-07-01,0056,87,293604941,,,
2019-07-01,3661,88,290115944,23.45,1.6,1.86
2019-07-01,2367,89,286510647,16.37,1.86,1.31
2019-07-01,6505,90,285335582,20.52,4.36,2.97
2019-07-01,1476,91,278973311,25.44,2.7,6.26
2019-07-01,2618,92,278641965,9.93,5.37,1.01
2019-07-01,3035,93,278620124,43.33,1.58,2.55
2019-07-01,2356,94,271600702,13.08,5.94,1.56
2019-07-01,3563,95,267270160,11.89,7.13,12.2
2019-07-01,3454,96,266463588,27.62,2.11,3.48
2019-07-01,2344,97,263317867,9.81,6.45,0.97
2019-07-01,2834,98,259074293,11.01,5.86,0.99
2019-07-01,1215,99,254355952,19.57,4.42,2.49
2019-07-01,2201,100,247564260,36.33,2.88,0.5
2019-07-01,6669,101,247474680,11.14,4.49,3.42
2019-07-01,9904,102,246723557,9.85,3.88,1.15
2019-07-01,1515,103,240036206,12.75,2.35,4.59
2019-07-01,2324,104,238696613,10.05,5.85,0.83
2019-07-01,3376,105,238176533,16.18,3.42,1.61
2019-07-01,4137,106,237296676,17.09,4.34,4.78
2019-07-01,2912,107,236375398,29.55,2.93,8.13
2019-07-01,6558,108,235091452,36.07,1.74,4.32
2019-07-01,2448,109,233187838,,1.2,0.56
2019-07-01,3231,110,233137488,13.73,6.17,0.95
2019-07-01,2461,111,227296079,53.72,1.96,1.16
2019-07-01,6533,112,224360320,130.43,0.58,4.39
2019-07-01,2890,113,223431023,13.83,4.92,1.0
2019-07-01,2801,114,221201041,16.55,4.03,1.27
2019-07-01,5469,115,217322701,7.97,3.77,0.67
2019-07-01,1312,116,216857801,7.63,0.0,0.84
2019-07-01,6239,117,216669067,10.08,6.17,1.44
2019-07-01,2880,118,215028647,15.37,5.25,1.32
2019-07-01,2360,119,212185868,24.96,2.91,4.05
2019-07-01,9910,120,211263031,26.93,3.2,9.14
2019-07-01,1102,121,210180312,13.21,5.87,1.12
2019-07-01,2207,122,199707808,27.7,2.41,5.19
2019-07-01,6285,123,199270336,15.3,4.7,1.76
2019-07-01,3038,124,197674203,14.34,2.88,1.47
2019-07-01,2887,125,197355130,11.92,5.03,0.92
2019-07-01,6452,126,195953086,15.34,2.69,2.3
2019-07-01,2316,127,195835218,11.43,4.11,0.74
2019-07-01,2548,128,192492526,31.58,5.82,1.58
2019-07-01,3535,129,192017221,10.5,0.0,2.27
2019-07-01,6414,130,188354468,19.25,2.95,2.33
2019-07-01,2002,131,186862062,16.35,4.02,1.21
2019-07-01,3532,132,186039625,8.75,7.26,2.11
2019-07-01,9921,133,183276500,27.94,1.88,4.23
2019-07-01,2903,134,180627382,23.16,3.74,1.07
2019-07-01,6451,135,180192528,25.67,2.15,1.93
2019-07-01,2498,136,180067700,,1.03,0.7
2019-07-01,5880,137,179690227,16.43,5.07,1.2
2019-07-01,9938,138,177033668,18.91,2.92,2.85
2019-07-01,2892,139,176123393,16.02,4.84,1.31
2019-07-01,1402,140,173543981,15.67,5.32,0.87
2019-07-01,1201,141,172321195,8.39,2.43,2.25
2019-07-01,3450,142,171487960,16.21,5.35,2.03
2019-07-01,8039,143,169010032,15.18,6.05,1.18
2019-07-01,3023,144,168701874,17.72,3.83,3.68
2019-07-01,1762,145,168196529,9.11,3.76,1.22
2019-07-01,3026,146,167833581,6.56,8.45,1.69
2019-07-01,5388,147,164138511,20.12,3.65,2.23
2019-07-01,3673,148,162494800,115.23,0.0,0.56
2019-07-01,3708,149,160231115,6.97,5.88,1.58
2019-07-01,3189,150,157265792,,3.7,0.67
2019-10-01,2330,1,20886838992,22.89,2.86,4.67
2019-10-01,2492,2,7627829772,4.98,8.92,2.83
2019-10-01,2327,3,7328806488,5.0,16.73,2.54
2019-10-01,3406,4,6121528506,56.61,0.79,5.64
2019-10-01,3008,5,5682137276,23.0,1.5,5.51
2019-10-01,2474,6,3586383172,10.74,4.81,1.3
2019-10-01,2317,7,3442928053,8.09,5.51,0.83
2019-10-01,2454,8,2769711658,29.01,2.39,2.07
2019-10-01,2448,9,2137975003,,1.14,0.59
2019-10-01,2542,10,2048292408,10.79,7.01,1.78
2019-10-01,2367,11,1947830664,17.92,1.13,2.11
2019-10-01,2456,12,1528264950,8.55,9.18,0.91
2019-10-01,3034,13,1452028160,14.06,4.77,3.85
2019-10-01,1216,14,1374362004,22.25,3.42,3.98
2019-10-01,2379,15,1338298650,20.39,3.04,4.72
2019-10-01,3661,16,1310747145,46.08,1.0,2.97
2019-10-01,2337,17,1307489633,11.06,3.85,1.93
2019-10-01,2458,18,1276546351,14.6,5.71,4.28
2019-10-01,2308,19,1267462039,13.9,3.73,2.58
2019-10-01,3026,20,1263131300,8.48,9.0,1.8
2019-10-01,3711,21,1217515293,18.99,3.4,1.57
2019-10-01,3037,22,1197124318,24.29,1.81,1.53
2019-10-01,2408,23,1193390787,9.34,8.56,1.7
2019-10-01,6176,24,1164648520,8.72,5.86,2.17
2019-10-01,2439,25,1155165154,10.0,5.4,2.91
2019-10-01,2313,26,1113645861,18.41,2.23,1.81
2019-10-01,6213,27,1064404372,23.19,2.48,5.82
2019-10-01,2345,28,882325774,23.86,2.47,8.77
2019-10-01,2357,29,862367495,33.67,7.54,0.92
2019-10-01,2412,30,848806724,25.69,4.0,2.42
2019-10-01,0050,31,821807362,,,
2019-10-01,4958,32,809546375,11.88,3.8,1.68
2019-10-01,6415,33,689484536,35.0,0.85,5.09
2019-10-01,1301,34,673718815,15.46,6.12,1.75
2019-10-01,2886,35,666866795,13.96,5.91,1.25
2019-10-01,2383,36,662192624,18.61,2.93,3.47
2019-10-01,4968,37,636958600,69.92,0.9,8.66
2019-10-01,6153,38,626565130,17.98,1.6,1.34
2019-10-01,1101,39,619525116,9.4,10.11,1.14
2019-10-01,2891,40,609315114,12.05,4.8,1.15
2019-10-01,4943,41,584158335,25.46,3.13,5.58
2019-10-01,4915,42,583613212,14.32,3.93,2.38
2019-10-01,3481,43,576865931,,0.88,0.27
2019-10-01,9914,44,574854076,22.63,2.1,3.86
2019-10-01,2882,45,550433182,11.89,3.64,0.84
2019-10-01,2455,46,530726703,53.16,2.28,7.93
2019-10-01,2912,47,510184089,28.38,3.06,9.32
2019-10-01,6230,48,506831107,26.56,2.04,5.18
2019-10-01,8046,49,506624397,,1.42,1.1
2019-10-01,6271,50,501942841,22.16,4.65,2.18
2019-10-01,3338,51,500310179,31.66,1.31,5.54
2019-10-01,2323,52,499006031,13.24,0.0,0.99
2019-10-01,6669,53,489918869,13.51,3.66,4.46
2019-10-01,1590,54,487792859,27.28,1.4,3.99
2019-10-01,2002,55,475294391,17.46,4.34,1.15
2019-10-01,6278,56,475070326,13.79,1.73,1.79
2019-10-01,1326,57,464500215,14.2,7.11,1.42
2019-10-01,2382,58,453293047,13.62,6.29,1.71
2019-10-01,3533,59,449776876,16.52,3.19,2.64
2019-10-01,2352,60,439653693,10.31,3.89,1.29
2019-10-01,9921,61,438066212,21.9,2.24,3.66
2019-10-01,2049,62,437944105,20.12,2.69,3.43
2019-10-01,2892,63,432012037,15.42,4.99,1.29
2019-10-01,2375,64,430225080,147.33,6.79,1.19
2019-10-01,2449,65,419974294,20.74,3.87,1.77
2019-10-01,2884,66,414733359,15.87,5.36,1.75
2019-10-01,2301,67,403453363,12.6,5.97,1.64
2019-10-01,2881,68,399156974,11.72,4.44,0.93
2019-10-01,5871,69,388852370,11.55,3.5,2.6
2019-10-01,1477,70,388794427,19.38,4.26,4.27
2019-10-01,1303,71,387085945,16.69,7.08,1.59
2019-10-01,2377,72,384589628,15.98,5.57,2.68
2019-10-01,2027,73,383551435,8.42,9.06,1.45
2019-10-01,2885,74,373497469,11.7,4.84,0.97
2019-10-01,6269,75,356900614,11.6,5.18,1.65
2019-10-01,4551,76,355160775,23.67,1.88,4.56
2019-10-01,2303,77,354039187,54.6,4.32,0.79
2019-10-01,2633,78,351859974,23.49,3.2,2.92
2019-10-01,6505,79,350227275,28.31,4.78,3.04
2019-10-01,2344,80,344007864,15.7,5.54,1.22
2019-10-01,1476,81,335199264,26.73,2.66,7.13
2019-10-01,5876,82,330989876,14.39,3.88,1.57
2019-10-01,8028,83,314207272,30.87,2.25,4.39
2019-10-01,4938,84,303791868,13.14,6.39,0.97
2019-10-01,2395,85,302328333,28.64,2.42,6.88
2019-10-01,2888,86,298255753,27.14,2.11,0.62
2019-10-01,2409,87,297228760,,6.27,0.4
2019-10-01,2376,88,295389110,30.91,6.07,1.37
2019-10-01,9904,89,293814610,9.16,3.77,1.08
2019-10-01,6451,90,287175749,24.69,1.96,2.26
2019-10-01,1515,91,284511898,12.79,2.27,5.19
2019-10-01,3231,92,283293454,12.98,5.8,1.04
2019-10-01,3189,93,280426011,,3.64,0.73
2019-10-01,2880,94,279530120,15.66,5.12,1.35
2019-10-01,3563,95,271356291,9.98,8.59,8.21
2019-10-01,5469,96,269013100,9.07,2.94,0.93
2019-10-01,2823,97,266817160,9.67,0.0,0.85
2019-10-01,2231,98,265405351,28.42,3.15,8.38
2019-10-01,3023,99,264396216,16.93,3.83,4.01
2019-10-01,1402,100,263208710,15.08,6.28,0.76
2019-10-01,8163,101,260725928,8.1,8.56,1.36
2019-10-01,9910,102,256428175,23.76,3.49,9.91
2019-10-01,2360,103,255498578,34.3,2.73,4.68
2019-10-01,8016,104,255055095,19.95,2.92,4.25
2019-10-01,8150,105,253016069,9.89,3.64,1.28
2019-10-01,3090,106,252541015,9.15,12.9,2.33
2019-10-01,1102,107,250848098,10.37,6.47,1.03
2019-10-01,6239,108,247444153,12.54,5.49,1.72
2019-10-01,2105,109,247095308,40.84,2.38,1.88
2019-10-01,3044,110,245055640,10.83,5.22,1.85
2019-10-01,3045,111,243212351,24.84,4.89,5.37
2019-10-01,2801,112,242070720,17.6,3.88,1.34
2019-10-01,6552,113,240961591,19.04,2.29,4.4
2019-10-01,6456,114,230131203,8.2,3.77,1.41
2019-10-01,3665,115,227989540,14.65,3.55,2.74
2019-10-01,3041,116,222722011,,0.0,1.15
2019-10-01,3443,117,221042764,41.43,1.99,8.52
2019-10-01,6414,118,220640944,17.69,3.27,2.19
2019-10-01,3062,119,213055180,47.18,2.17,1.1
2019-10-01,3530,120,212262265,58.3,2.01,3.77
2019-10-01,2421,121,208631899,16.82,5.33,2.44
2019-10-01,2890,122,207019114,12.2,5.25,0.96
2019-10-01,5269,123,202462300,26.82,2.5,13.82
2019-10-01,2404,124,202358018,10.41,6.1,4.37
2019-10-01,3017,125,199236306,17.26,2.56,1.54
2019-10-01,1605,126,197633105,7.83,8.11,0.65
2019-10-01,2834,127,196691861,11.58,6.23,0.94
2019-10-01,2887,128,194592146,11.76,5.14,0.91
2019-10-01,2207,129,192007451,25.97,2.45,5.43
2019-10-01,2354,130,183099605,10.14,4.89,0.92
2019-10-01,2356,131,176148588,12.93,6.86,1.46
2019-10-01,8464,132,175582150,19.79,3.71,6.79
2019-10-01,3003,133,174900181,15.12,3.98,1.59
2019-10-01,3035,134,170680980,45.55,1.37,2.99
2019-10-01,5264,135,168295742,,1.8,0.73
2019-10-01,2338,136,168247064,68.33,2.7,2.36
2019-10-01,5880,137,166153889,16.26,5.08,1.22
2019-10-01,6285,138,156679134,17.4,4.25,2.09
2019-10-01,1504,139,154891897,14.88,3.56,0.86
2019-10-01,9938,140,154887377,15.76,3.33,2.62
2019-10-01,2385,141,154576592,12.19,4.19,2.5
2019-10-01,2498,142,154193952,,1.05,0.72
2019-10-01,3653,143,151557508,23.36,2.76,2.79
2019-10-01,4904,144,151117094,27.59,5.11,3.66
2019-10-01,0056,145,150858866,,,
2019-10-01,5388,146,149329698,22.55,3.11,2.82
2019-10-01,4137,147,145576172,12.54,5.66,4.3
2019-10-01,3049,148,143401278,16.14,0.0,1.32
2019-10-01,5434,149,140643626,10.74,5.44,2.09
2019-10-01,2883,150,139885738,14.08,3.23,0.75
2020-01-02,2330,1,11224165450,26.69,2.36,5.54
2020-01-02,3406,2,6721343845,33.63,0.58,6.8
2020-01-02,2492,3,5379046191,11.2,6.82,3.59
2020-01-02,2327,4,3737101549,17.99,10.28,4.1
2020-01-02,6269,5,3489464948,14.35,4.03,2.05
2020-01-02,2408,6,3470538038,15.93,8.27,1.73
2020-01-02,2337,7,2786922788,13.62,3.16,2.21
2020-01-02,2454,8,2758621262,34.07,2.04,2.24
2020-01-02,4968,9,2671140738,62.33,0.8,8.79
2020-01-02,3019,10,2164443760,25.71,2.12,2.53
2020-01-02,3008,11,2010990735,25.32,1.35,5.69
2020-01-02,2317,12,1886677519,9.67,4.41,1.04
2020-01-02,2313,13,1759659753,19.92,1.7,2.28
2020-01-02,3037,14,1699254292,21.69,1.83,1.48
2020-01-02,6213,15,1694319489,17.8,2.78,4.89
2020-01-02,2379,16,1648258515,20.22,2.82,4.74
2020-01-02,3563,17,1562233770,15.23,6.81,9.25
2020-01-02,2456,18,1503837292,22.93,6.15,1.36
2020-01-02,3017,19,1464297553,17.38,2.34,1.71
2020-01-02,3665,20,1361499704,14.96,3.3,2.87
2020-01-02,2345,21,1358399625,20.83,2.29,8.22
2020-01-02,6271,22,1237824915,32.43,3.87,2.57
2020-01-02,3653,23,1227847413,40.89,1.5,4.99
2020-01-02,6230,24,1220357568,31.06,1.66,6.17
2020-01-02,2344,25,1178523824,33.31,5.09,1.31
2020-01-02,3661,26,1152125211,65.31,0.63,4.49
2020-01-02,2383,27,1145220734,17.36,2.76,3.52
2020-01-02,3376,28,1050449452,19.09,2.87,1.93
2020-01-02,2474,29,1028970434,12.12,5.17,1.2
2020-01-02,3034,30,1020934073,16.56,3.96,4.34
2020-01-02,6452,31,970815884,15.88,2.68,2.36
2020-01-02,6415,32,908216985,45.98,0.64,6.52
2020-01-02,2412,33,893625010,25.41,4.09,2.32
2020-01-02,3026,34,885895383,17.94,7.66,2.04
2020-01-02,6451,35,822431251,25.92,1.43,3.05
2020-01-02,1101,36,813465904,10.86,9.09,1.36
2020-01-02,2455,37,798756615,48.81,2.03,8.41
2020-01-02,3450,38,783750925,33.85,4.43,2.64
2020-01-02,4958,39,725509658,15.42,3.04,2.06
2020-01-02,3035,40,720423681,38.95,1.35,2.95
2020-01-02,6278,41,710256545,18.79,1.1,2.73
2020-01-02,2448,42,703230346,,0.91,0.76
2020-01-02,2439,43,697296180,10.56,5.03,2.89
2020-01-02,3711,44,611742781,22.14,3.02,1.75
2020-01-02,2634,45,581803567,17.4,3.74,2.36
2020-01-02,2367,46,561848295,12.74,1.17,1.93
2020-01-02,2049,47,551963668,32.72,2.56,3.72
2020-01-02,2303,48,544863192,45.97,3.56,0.95
2020-01-02,2392,49,526788300,9.87,3.27,1.01
2020-01-02,2382,50,524953530,15.84,5.55,1.88
2020-01-02,4935,51,522455962,65.64,0.63,2.72
2020-01-02,6456,52,521898386,10.04,3.51,1.56
2020-01-02,6706,53,501450177,20.11,3.07,4.2
2020-01-02,6153,54,495566480,22.29,1.64,1.35
2020-01-02,2377,55,491530239,15.17,5.62,2.52
2020-01-02,0050,56,476649683,,,
2020-01-02,3338,57,453360164,30.48,1.25,5.53
2020-01-02,1102,58,433140140,10.77,5.73,1.15
2020-01-02,3481,59,421821231,,0.72,0.34
2020-01-02,2308,60,411325335,16.29,3.31,2.84
2020-01-02,3530,61,408914460,46.43,1.92,3.91
2020-01-02,3413,62,407160465,26.02,3.79,3.81
2020-01-02,1795,63,405245633,47.96,0.0,3.73
2020-01-02,6669,64,397799194,19.99,2.54,5.96
2020-01-02,4943,65,396996900,48.88,2.95,4.96
2020-01-02,1590,66,377536736,34.05,1.13,5.02
2020-01-02,2449,67,370686288,19.0,3.53,1.86
2020-01-02,8039,68,365358534,16.3,4.93,1.48
2020-01-02,0056,69,364772213,,,
2020-01-02,3006,70,351489314,33.58,3.85,1.46
2020-01-02,2409,71,346424676,,4.93,0.52
2020-01-02,1216,72,345260154,22.42,3.37,3.94
2020-01-02,1312,73,344403117,8.82,0.0,0.73
2020-01-02,2404,74,343637543,13.41,5.13,4.84
2020-01-02,1301,75,331327798,17.38,5.82,1.81
2020-01-02,2368,76,329330467,,0.0,1.33
2020-01-02,5285,77,325123270,23.07,4.96,2.52
2020-01-02,2419,78,322216311,26.28,2.83,1.94
2020-01-02,3533,79,314551684,17.27,2.66,3.01
2020-01-02,2881,80,313641661,10.46,4.31,0.92
2020-01-02,3045,81,313544451,24.94,4.93,4.96
2020-01-02,5871,82,310144644,12.33,3.27,2.75
2020-01-02,2882,83,310131372,12.44,3.53,0.83
2020-01-02,6196,84,300302392,26.47,3.48,2.85
2020-01-02,2891,85,296950177,10.4,4.47,1.19
2020-01-02,6531,86,293833150,,0.58,3.02
2020-01-02,2888,87,292343659,13.23,1.91,0.69
2020-01-02,5269,88,291797325,36.81,1.88,16.37
2020-01-02,8046,89,286813718,106.44,1.46,1.06
2020-01-02,2884,90,286689201,16.64,5.08,1.92
2020-01-02,3044,91,282720143,11.57,4.59,2.05
2020-01-02,6414,92,281270445,20.84,2.72,2.62
2020-01-02,3189,93,280507220,,2.91,0.92
2020-01-02,1326,94,277053060,17.79,7.07,1.45
2020-01-02,2421,95,276377181,19.4,4.28,2.89
2020-01-02,6176,96,268958900,8.2,5.76,2.08
2020-01-02,4938,97,263525081,12.47,5.1,1.17
2020-01-02,5007,98,258003091,17.37,5.68,2.54
2020-01-02,2504,99,251991434,28.57,1.79,0.98
2020-01-02,6668,100,250359048,72.66,1.08,3.51
2020-01-02,2375,101,250113193,38.26,6.64,1.21
2020-01-02,2885,102,249332485,12.32,4.46,1.03
2020-01-02,2886,103,245477040,14.93,5.56,1.3
2020-01-02,2478,104,244579068,12.71,4.67,1.47
2020-01-02,1909,105,242990122,,3.17,0.9
2020-01-02,6592,106,229853768,16.21,3.73,3.07
2020-01-02,8028,107,229548422,28.37,2.14,4.41
2020-01-02,3042,108,228961953,22.98,4.15,1.75
2020-01-02,1314,109,228872672,19.1,10.27,0.41
2020-01-02,2892,110,228327164,16.01,4.64,1.37
2020-01-02,3443,111,225107716,51.69,2.04,8.1
2020-01-02,6239,112,224192600,15.17,4.8,1.89
2020-01-02,1513,113,220992434,17.26,3.91,1.42
2020-01-02,4915,114,213008260,14.28,3.74,2.41
2020-01-02,2207,115,212733279,32.68,1.79,6.94
2020-01-02,6505,116,209918714,36.57,4.9,2.87
2020-01-02,8016,117,209718228,18.03,2.94,4.02
2020-01-02,3016,118,207086178,123.86,1.83,3.92
2020-01-02,3231,119,205189914,13.27,5.25,1.12
2020-01-02,5469,120,198844590,7.92,2.73,0.97
2020-01-02,4919,121,196138957,18.62,5.17,2.66
2020-01-02,4927,122,192724255,8.62,5.21,1.21
2020-01-02,1477,123,192539510,18.44,4.51,3.94
2020-01-02,2603,124,189789046,55.22,0.0,0.85
2020-01-02,3682,125,187462080,,0.0,1.18
2020-01-02,6005,126,186871791,16.04,3.72,0.72
2020-01-02,6591,127,185651230,21.91,2.42,1.67
2020-01-02,2376,128,184910152,18.8,6.0,1.35
2020-01-02,9938,129,183980161,16.36,3.07,2.78
2020-01-02,2498,130,183372880,,0.99,0.83
2020-01-02,2887,131,177899081,12.23,4.95,0.95
2020-01-02,2360,132,177766612,35.27,2.86,4.33
2020-01-02,4977,133,176393804,28.4,3.69,3.36
2020-01-02,2357,134,173295328,25.81,6.47,1.03
2020-01-02,6285,135,172698089,17.11,4.59,1.88
2020-01-02,2002,136,166483631,24.0,4.17,1.2
2020-01-02,2883,137,161010616,14.09,3.09,0.76
2020-01-02,9904,138,161005272,8.61,3.78,0.99
2020-01-02,2301,139,160046932,12.06,5.93,1.62
2020-01-02,1303,140,158866297,24.78,6.89,1.66
2020-01-02,4190,141,157286135,17.16,3.53,4.16
2020-01-02,2395,142,157247500,28.67,2.28,6.85
2020-01-02,4137,143,155990260,14.0,4.96,4.72
2020-01-02,2912,144,150291049,29.86,2.91,9.06
2020-01-02,2633,145,147230670,26.38,2.93,3.11
2020-01-02,2332,146,145771170,,1.47,1.03
2020-01-02,2059,147,144235410,19.43,2.7,3.22
2020-01-02,9802,148,144051160,20.45,2.76,2.87
2020-01-02,6116,149,142692768,,3.71,0.62
2020-01-02,8996,150,141897652,28.29,3.55,2.79
2020-04-01,2330,1,13022612818,20.38,3.5,4.34
2020-04-01,3406,2,3904403992,18.26,2.17,3.4
2020-04-01,2327,3,2505865658,16.77,5.5,2.52
2020-04-01,2368,4,2338480800,104.79,0.0,1.9
2020-04-01,2454,5,2209097396,22.94,2.69,1.69
2020-04-01,4968,6,1964405422,42.05,1.5,5.86
2020-04-01,3008,7,1931728120,17.85,1.81,3.99
2020-04-01,2317,8,1810237557,8.41,5.71,0.78
2020-04-01,2474,9,1511954900,13.77,5.96,1.05
2020-04-01,2492,10,1442939497,11.85,10.05,2.33
2020-04-01,3481,11,1290273398,,1.04,0.24
2020-04-01,2412,12,1286213122,25.3,3.95,2.21
2020-04-01,3661,13,1213290929,28.32,1.76,3.72
2020-04-01,2379,14,1201172766,15.94,3.29,3.98
2020-04-01,3515,15,1083039066,22.53,3.59,2.17
2020-04-01,2345,16,1052821949,18.69,3.72,7.23
2020-04-01,3037,17,1045462992,14.15,3.47,1.05
2020-04-01,2409,18,1027871924,,7.17,0.37
2020-04-01,2376,19,1004396908,17.21,5.71,1.37
2020-04-01,2313,20,892985069,9.89,3.78,1.47
2020-04-01,6669,21,858035764,19.67,3.31,6.0
2020-04-01,4935,22,851237159,44.11,0.69,2.46
2020-04-01,3045,23,829772060,22.09,5.66,4.05
2020-04-01,5269,24,821360155,49.0,1.52,18.33
2020-04-01,3653,25,820646900,26.9,2.88,3.55
2020-04-01,2884,26,804962186,14.02,6.56,1.63
2020-04-01,2408,27,794526632,16.74,2.8,1.08
2020-04-01,8046,28,772294305,112.08,1.3,1.19
2020-04-01,1590,29,769858414,30.51,1.19,4.57
2020-04-01,0050,30,757960266,,,
2020-04-01,2377,31,748547353,13.52,5.59,2.44
2020-04-01,9945,32,726307508,4.63,14.29,0.52
2020-04-01,1216,33,719820628,19.43,3.84,3.41
2020-04-01,2886,34,717956401,13.17,6.06,1.18
2020-04-01,6269,35,688595427,9.75,5.38,1.4
2020-04-01,6271,36,673999344,25.17,2.16,1.84
2020-04-01,2303,37,673209888,16.63,5.43,0.78
2020-04-01,3034,38,655132375,13.43,5.03,3.22
2020-04-01,5471,39,644967070,19.58,5.28,2.22
2020-04-01,2458,40,635290160,9.92,7.65,3.23
2020-04-01,4119,41,624723653,19.15,4.22,3.15
2020-04-01,2357,42,621516998,12.12,7.07,0.83
2020-04-01,3338,43,618557349,26.07,2.4,4.76
2020-04-01,2337,44,618020879,15.79,4.63,1.46
2020-04-01,2891,45,612164844,8.29,5.63,0.93
2020-04-01,1301,46,611075140,12.7,5.91,1.36
2020-04-01,9958,47,552980528,22.35,0.38,3.72
2020-04-01,3530,48,520110174,38.51,2.57,2.88
2020-04-01,1101,49,507742437,9.11,7.69,1.14
2020-04-01,3376,50,506627202,17.04,3.27,1.64
2020-04-01,2881,51,505372661,7.35,5.35,0.71
2020-04-01,1229,52,501346053,15.04,8.44,1.54
2020-04-01,6230,53,496618217,27.71,2.16,4.79
2020-04-01,2207,54,495539975,21.97,2.96,4.41
2020-04-01,3450,55,490692597,37.01,1.65,2.35
2020-04-01,1902,56,487462529,21.77,1.73,1.29
2020-04-01,6505,57,485516980,20.21,3.72,2.25
2020-04-01,5871,58,484732030,7.92,5.42,1.76
2020-04-01,2002,59,480920161,32.98,2.66,0.96
2020-04-01,1326,60,474242721,13.03,5.74,1.09
2020-04-01,6176,61,473525510,6.45,8.6,1.38
2020-04-01,6239,62,463607055,11.29,5.3,1.53
2020-04-01,3533,63,454720600,13.53,3.87,2.38
2020-04-01,1325,64,454048612,92.74,0.77,1.95
2020-04-01,6278,65,453278165,10.2,3.94,1.63
2020-04-01,3711,66,452858310,14.44,3.5,1.21
2020-04-01,2049,67,446983595,33.58,3.6,2.64
2020-04-01,0056,68,438584753,,,
2020-04-01,4938,69,433243803,7.89,7.71,0.97
2020-04-01,1102,70,428112039,7.44,7.77,0.89
2020-04-01,2353,71,414297885,17.99,4.92,0.82
2020-04-01,3665,72,403574700,11.64,5.47,1.76
2020-04-01,2308,73,401515400,13.48,4.17,2.22
2020-04-01,2882,74,392858424,8.26,4.26,0.67
2020-04-01,6213,75,382981070,16.48,2.84,4.55
2020-04-01,2201,76,381042295,,4.51,0.51
2020-04-01,1303,77,380166156,18.45,4.1,1.24
2020-04-01,6285,78,365857430,14.49,4.61,1.31
2020-04-01,2382,79,362965260,14.42,6.2,1.7
2020-04-01,2885,80,354559257,8.74,6.86,0.77
2020-04-01,2371,81,354308676,16.99,0.0,1.33
2020-04-01,4958,82,351467219,9.45,4.95,1.22
2020-04-01,3231,83,350601438,10.21,8.2,0.94
2020-04-01,3189,84,343228998,,2.4,0.74
2020-04-01,2448,85,337498718,,1.14,0.63
2020-04-01,2912,86,328980731,27.81,3.19,8.09
2020-04-01,6416,87,327173769,27.7,2.54,3.17
2020-04-01,5880,88,323747711,13.61,6.35,1.06
2020-04-01,2892,89,315951464,12.58,5.64,1.11
2020-04-01,4927,90,305812270,10.41,6.59,1.16
2020-04-01,4943,91,297477800,32.17,5.18,2.69
2020-04-01,6116,92,295019528,22.72,5.28,0.43
2020-04-01,8454,93,289938857,41.36,2.19,9.36
2020-04-01,2385,94,288550849,9.44,7.47,2.02
2020-04-01,3563,95,286191180,12.79,4.1,5.71
2020-04-01,1476,96,285040420,15.09,4.65,3.58
2020-04-01,2880,97,284366648,13.59,6.12,1.15
2020-04-01,2888,98,282799483,5.83,5.24,0.5
2020-04-01,9904,99,282434681,6.53,5.73,0.66
2020-04-01,2801,100,274725525,16.21,4.47,1.16
2020-04-01,2456,101,269681834,17.61,4.27,0.86
2020-04-01,2823,102,267637523,5.66,6.96,0.54
2020-04-01,5876,103,265559825,11.74,5.32,1.12
2020-04-01,2027,104,263942398,16.03,4.8,1.14
2020-04-01,2383,105,258505480,10.55,5.61,2.53
2020-04-01,3596,106,256620194,11.13,6.7,1.34
2020-04-01,8016,107,252061900,11.77,5.39,2.65
2020-04-01,6415,108,251323000,40.7,0.72,6.38
2020-04-01,1402,109,248338254,11.19,6.67,0.59
2020-04-01,2324,110,242504379,11.09,6.76,0.73
2020-04-01,2455,111,242162658,28.6,3.14,5.19
2020-04-01,2887,112,234495687,9.21,6.21,0.74
2020-04-01,2301,113,231032536,10.26,7.74,1.33
2020-04-01,3042,114,228489189,20.28,5.68,1.57
2020-04-01,2356,115,221378695,14.94,5.65,1.49
2020-04-01,2395,116,219777674,23.31,3.6,5.31
2020-04-01,2478,117,210031428,19.3,4.76,1.43
2020-04-01,8996,118,205417036,28.98,3.9,2.51
2020-04-01,2890,119,198124175,9.91,6.36,0.84
2020-04-01,3443,120,195094904,39.64,2.67,5.83
2020-04-01,4967,121,194213670,277.92,3.0,2.08
2020-04-01,6251,122,184733075,26.82,0.0,1.06
2020-04-01,2344,123,184394402,36.25,0.86,0.76
2020-04-01,6531,124,181381862,,0.58,2.99
2020-04-01,2360,125,178024412,27.48,2.46,3.52
2020-04-01,1227,126,176338504,16.49,4.27,3.38
2020-04-01,2352,127,175578379,8.49,5.5,0.9
2020-04-01,8464,128,173972195,11.94,5.45,3.92
2020-04-01,2439,129,171656964,10.11,6.24,2.01
2020-04-01,3044,130,171600077,8.29,6.2,1.47
2020-04-01,2834,131,170006676,10.19,7.31,0.72
2020-04-01,2883,132,169570875,8.53,3.99,0.58
2020-04-01,4904,133,167856524,23.13,5.24,2.9
2020-04-01,2404,134,166869500,11.17,7.88,3.67
2020-04-01,2915,135,165899231,4.23,7.22,0.51
2020-04-01,3706,136,164683327,10.24,8.07,0.73
2020-04-01,1504,137,163348180,14.46,4.13,0.82
2020-04-01,1789,138,163296804,100.0,1.0,2.08
2020-04-01,3016,139,162557788,1227.5,0.51,3.53
2020-04-01,1201,140,161283785,7.49,6.65,1.46
2020-04-01,5469,141,157570832,5.88,3.56,0.66
2020-04-01,4915,142,149195280,8.4,6.0,1.46
2020-04-01,9910,143,149016872,15.15,4.67,5.68
2020-04-01,3023,144,148021125,16.91,4.24,3.87
2020-04-01,2392,145,147429550,7.27,5.03,0.64
2020-04-01,1536,146,145451344,30.0,2.61,2.97
2020-04-01,1210,147,143678571,12.65,5.95,1.59
2020-04-01,2421,148,142713765,11.66,6.33,1.88
2020-04-01,2449,149,142649380,12.11,5.97,1.41
2020-04-01,1760,150,139884418,33.81,2.54,4.01
2020-07-01,3406,1,11244503590,26.96,1.23,5.83
2020-07-01,2330,2,9400765756,20.54,2.99,4.91
2020-07-01,2454,3,4509588420,36.02,1.82,2.8
2020-07-01,2327,4,4328340195,24.19,3.44,3.87
2020-07-01,3037,5,4294283739,22.08,2.22,1.63
2020-07-01,3008,6,3885331200,18.82,1.88,4.23
2020-07-01,2317,7,3854998428,12.2,4.89,0.98
2020-07-01,2474,8,3593408530,13.13,4.33,1.17
2020-07-01,4968,9,3562139345,49.37,1.0,8.49
2020-07-01,8046,10,3367492646,48.1,0.89,1.71
2020-07-01,4142,11,2883229451,,0.0,6.76
2020-07-01,6669,12,2860293600,22.78,2.74,6.76
2020-07-01,3413,13,2368576917,19.08,2.17,3.69
2020-07-01,6269,14,2208636994,12.33,3.97,1.86
2020-07-01,2412,15,2118102516,27.61,3.63,2.36
2020-07-01,2379,16,1888898170,22.66,3.5,5.52
2020-07-01,1301,17,1887880408,19.38,5.02,1.79
2020-07-01,3189,18,1801716503,,1.38,1.3
2020-07-01,1325,19,1702759391,97.13,0.18,7.81
2020-07-01,6278,20,1684571660,22.06,2.16,2.96
2020-07-01,2448,21,1646929144,,0.0,0.94
2020-07-01,3042,22,1624623827,23.42,3.88,2.23
2020-07-01,3443,23,1526061092,58.68,1.97,7.7
2020-07-01,2458,24,1475796316,16.82,5.22,4.7
2020-07-01,5269,25,1381183080,77.35,0.9,39.2
2020-07-01,2368,26,1343686377,24.2,0.0,2.39
2020-07-01,2308,27,1290370014,20.18,2.95,3.15
2020-07-01,3034,28,1288429862,17.46,4.48,4.07
2020-07-01,2313,29,1158362115,12.69,2.54,2.12
2020-07-01,2492,30,1103037862,17.38,3.07,2.64
2020-07-01,5264,31,1101455485,,1.54,0.94
2020-07-01,2408,32,1075970634,22.85,2.46,1.21
2020-07-01,6456,33,1032911884,13.99,3.02,1.54
2020-07-01,6414,34,1030245540,20.74,1.74,2.86
2020-07-01,2449,35,1003182540,12.01,5.15,1.6
2020-07-01,6196,36,988848059,21.1,2.94,2.73
2020-07-01,2439,37,985735843,13.64,5.41,2.92
2020-07-01,4133,38,961831471,502.38,0.09,5.36
2020-07-01,6415,39,954318320,67.63,0.38,11.43
2020-07-01,3653,40,936498183,39.54,1.75,5.6
2020-07-01,2882,41,931657893,8.15,4.96,0.9
2020-07-01,8464,42,931466105,20.22,3.17,6.38
2020-07-01,3231,43,918376785,16.0,5.54,1.41
2020-07-01,1326,44,914224775,25.62,5.24,1.37
2020-07-01,0050,45,904497055,,,
2020-07-01,2376,46,886259139,18.26,3.23,1.8
2020-07-01,9921,47,884897816,30.68,1.69,4.61
2020-07-01,2498,48,883992738,,0.0,0.8
2020-07-01,2377,49,878721221,17.1,3.75,2.94
2020-07-01,2345,50,875844853,24.55,2.69,9.31
2020-07-01,2383,51,850039700,14.58,3.76,3.61
2020-07-01,4958,52,810713911,13.03,3.4,1.78
2020-07-01,6271,53,771775892,25.18,1.78,2.17
2020-07-01,3017,54,768797692,15.44,3.06,1.65
2020-07-01,6533,55,754508843,3712.5,0.23,5.65
2020-07-01,3661,56,745817940,60.93,0.69,8.87
2020-07-01,6504,57,737577970,33.94,1.74,5.83
2020-07-01,2332,58,730590798,,0.0,1.59
2020-07-01,1101,59,724826902,10.49,6.96,1.27
2020-07-01,3045,60,719395288,24.72,4.24,4.51
2020-07-01,4938,61,716141835,8.62,6.98,1.14
2020-07-01,0056,62,715358759,,,
2020-07-01,6239,63,711859299,13.21,4.11,1.9
2020-07-01,4943,64,686211498,32.73,1.7,3.27
2020-07-01,2303,65,672182619,18.3,4.97,0.93
2020-07-01,2337,66,669448284,14.1,3.82,1.74
2020-07-01,9914,67,650630560,25.24,2.0,4.44
2020-07-01,3481,68,619781143,,1.27,0.34
2020-07-01,4927,69,590693520,16.01,4.16,1.95
2020-07-01,1216,70,580548401,22.25,3.51,3.62
2020-07-01,2314,71,565925768,,0.0,2.12
2020-07-01,2881,72,554052778,7.05,4.73,0.97
2020-07-01,6706,73,549850376,40.38,2.33,4.85
2020-07-01,1760,74,532827632,82.81,1.36,8.3
2020-07-01,8996,75,526971955,38.41,2.86,3.37
2020-07-01,2891,76,523840448,9.32,4.88,1.2
2020-07-01,3035,77,523614693,40.81,2.3,2.32
2020-07-01,2409,78,522821665,,0.0,0.52
2020-07-01,6491,79,517956222,28.35,1.3,3.39
2020-07-01,2382,80,515933576,17.94,5.17,2.02
2020-07-01,5215,81,512568075,27.78,2.31,3.95
2020-07-01,6531,82,510845936,285.71,0.24,13.08
2020-07-01,2886,83,509595211,18.27,5.44,1.31
2020-07-01,5469,84,505755835,7.29,4.52,0.9
2020-07-01,2455,85,505574503,30.07,2.73,5.71
2020-07-01,5871,86,504613104,10.59,3.97,2.31
2020-07-01,8150,87,504402093,7.4,5.7,1.13
2020-07-01,9919,88,487078452,121.25,0.46,3.66
2020-07-01,6176,89,463381180,10.82,6.67,1.99
2020-07-01,2883,90,463323636,15.8,6.33,0.84
2020-07-01,1102,91,459847916,9.71,6.8,1.04
2020-07-01,3062,92,459040213,422.5,0.89,1.03
2020-07-01,2357,93,457764434,14.8,6.48,0.96
2020-07-01,2049,94,455377990,83.06,0.7,3.96
2020-07-01,2354,95,443016274,11.8,4.39,0.82
2020-07-01,3450,96,429732650,39.15,1.35,2.83
2020-07-01,3711,97,426794175,15.49,2.94,1.42
2020-07-01,6257,98,420361942,12.07,5.36,1.56
2020-07-01,2892,99,414750753,16.25,5.93,1.32
2020-07-01,4935,100,401509383,39.72,1.18,2.66
2020-07-01,2392,101,399717798,10.16,6.24,0.87
2020-07-01,2367,102,399447344,10.22,3.14,1.41
2020-07-01,3704,103,383217502,,0.0,1.13
2020-07-01,9103,104,380845571,,,
2020-07-01,4904,105,370545994,26.02,4.7,3.14
2020-07-01,2417,106,368722948,87.81,0.36,1.91
2020-07-01,1477,107,368087884,18.59,3.21,3.59
2020-07-01,3003,108,359822607,15.47,2.18,1.53
2020-07-01,5471,109,359534235,21.55,3.68,3.11
2020-07-01,2301,110,358585870,11.46,6.84,1.65
2020-07-01,2884,111,355217141,16.77,5.68,1.84
2020-07-01,6213,112,354878996,21.11,3.38,3.92
2020-07-01,9904,113,350705126,8.38,4.35,0.84
2020-07-01,3530,114,347905987,34.24,2.29,3.17
2020-07-01,8454,115,347153010,71.98,1.15,15.74
2020-07-01,1762,116,346180346,48.21,1.24,2.45
2020-07-01,3533,117,345418888,18.2,2.75,3.24
2020-07-01,1515,118,344549057,26.97,3.78,4.17
2020-07-01,2356,119,341813219,13.59,5.01,1.73
2020-07-01,3673,120,341768276,86.0,0.0,0.53
2020-07-01,2353,121,340372314,21.57,4.36,0.97
2020-07-01,6416,122,337350470,33.88,1.94,3.98
2020-07-01,3044,123,333514400,11.68,5.49,1.99
2020-07-01,3665,124,325665178,15.9,4.23,2.51
2020-07-01,3706,125,324672391,11.41,6.79,0.89
2020-07-01,3563,126,318887213,16.51,3.16,7.99
2020-07-01,3515,127,318342060,25.04,2.81,2.89
2020-07-01,3376,128,316615818,19.62,2.69,1.97
2020-07-01,8016,129,315627952,14.27,4.15,3.94
2020-07-01,9910,130,312262510,20.91,3.5,7.03
2020-07-01,1734,131,305984141,214.06,0.58,2.05
2020-07-01,2344,132,297186377,71.32,0.74,0.94
2020-07-01,3023,133,294122091,19.55,3.5,4.42
2020-07-01,3016,134,292576631,1368.0,0.37,4.97
2020-07-01,1789,135,291043262,172.95,0.71,2.97
2020-07-01,6209,136,291013266,,0.0,1.69
2020-07-01,6285,137,289400420,17.71,3.77,1.6
2020-07-01,6230,138,287563964,34.95,1.85,5.57
2020-07-01,6282,139,285800838,7.42,5.24,1.17
2020-07-01,2633,140,284192148,29.92,3.32,2.84
2020-07-01,2478,141,281482256,20.85,2.36,1.99
2020-07-01,4551,142,276722055,27.74,1.39,4.65
2020-07-01,3532,143,273383203,35.56,2.58,2.53
2020-07-01,2456,144,272126287,21.55,3.68,1.0
2020-07-01,6598,145,270961240,,0.0,24.55
2020-07-01,3338,146,267378838,25.97,2.32,4.79
2020-07-01,1402,147,265873375,14.76,5.32,0.74
2020-07-01,3019,148,265001187,26.79,2.82,1.71
2020-07-01,1590,149,261429500,40.06,0.91,5.33
2020-07-01,4536,150,256735502,17.39,4.17,2.47
2020-10-05,2330,1,14450407588,24.66,2.2,6.52
2020-10-05,2303,2,9050029778,22.25,2.79,1.66
2020-10-05,3037,3,4745686586,27.54,1.39,2.61
2020-10-05,3661,4,4165052000,46.61,0.73,8.38
2020-10-05,3669,5,3611723900,64.49,0.44,4.23
2020-10-05,2417,6,3321241466,63.33,0.15,4.31
2020-10-05,2454,7,3065861440,36.99,1.72,3.0
2020-10-05,3008,8,2845261790,15.58,2.4,3.48
2020-10-05,3406,9,2173482262,19.76,1.53,4.89
2020-10-05,2603,10,1938529475,29.91,0.0,1.1
2020-10-05,8046,11,1825619609,39.97,0.59,2.59
2020-10-05,2308,12,1781572767,24.77,2.64,3.7
2020-10-05,2327,13,1757081989,20.36,3.68,2.75
2020-10-05,2344,14,1678215579,55.8,0.72,0.94
2020-10-05,1513,15,1678067172,25.33,2.63,2.5
2020-10-05,2317,16,1486550675,10.42,5.41,0.92
2020-10-05,3034,17,1422070405,18.4,4.04,5.03
2020-10-05,3481,18,1414373874,,1.09,0.4
2020-10-05,2345,19,1381792765,24.36,2.83,10.65
2020-10-05,2313,20,1371184734,10.57,2.8,1.98
2020-10-05,5269,21,1347324425,58.08,0.79,9.39
2020-10-05,4142,22,1330683179,,0.0,6.36
2020-10-05,4968,23,1311277788,42.04,0.77,10.05
2020-10-05,3711,24,1289326910,11.25,3.31,1.29
2020-10-05,2474,25,1288975226,10.13,5.56,0.96
2020-10-05,1325,26,1273597860,15.76,0.22,4.62
2020-10-05,2108,27,1272222801,18.59,4.09,3.15
2020-10-05,1444,28,1218886183,,0.0,1.25
2020-10-05,6669,29,1170802232,17.14,3.38,6.03
2020-10-05,2337,30,1165388711,11.28,3.8,1.76
2020-10-05,2379,31,1050779018,26.01,2.99,7.48
2020-10-05,4133,32,1031558501,320.0,0.13,3.89
2020-10-05,2492,33,962142053,13.94,3.51,2.33
2020-10-05,2408,34,882859803,20.04,2.66,1.13
2020-10-05,9919,35,853438632,30.79,0.46,3.36
2020-10-05,3017,36,849041902,18.38,1.91,2.67
2020-10-05,9958,37,832778498,26.0,0.76,5.79
2020-10-05,6415,38,831347500,64.12,0.4,10.97
2020-10-05,1762,39,805739001,11.85,1.13,2.3
2020-10-05,2409,40,759765453,,0.0,0.64
2020-10-05,6116,41,698456193,,0.0,0.68
2020-10-05,2382,42,694786894,16.12,5.0,2.21
2020-10-05,6531,43,681619083,158.77,0.3,10.42
2020-10-05,1590,44,665176058,40.67,0.74,6.56
2020-10-05,2412,45,655120974,25.36,3.95,2.31
2020-10-05,2456,46,646602700,18.86,3.35,1.08
2020-10-05,2884,47,643745831,15.15,6.25,1.71
2020-10-05,3708,48,629800173,18.82,2.78,2.67
2020-10-05,2881,49,629403450,6.96,4.85,0.8
2020-10-05,5471,50,622683875,16.87,3.23,3.36
2020-10-05,0050,51,611109577,,,
2020-10-05,6582,52,610876400,24.18,2.5,5.34
2020-10-05,2357,53,603827167,12.67,5.67,1.07
2020-10-05,1301,54,594379448,28.57,5.5,1.75
2020-10-05,2368,55,586373451,15.69,0.0,2.97
2020-10-05,9105,56,560460703,,,
2020-10-05,1216,57,558795779,18.91,3.99,3.45
2020-10-05,2606,58,558565066,23.01,5.78,1.19
2020-10-05,2340,59,550297609,17.67,4.19,1.29
2020-10-05,9921,60,544551558,27.22,1.67,4.75
2020-10-05,6443,61,526180540,,0.0,3.74
2020-10-05,6533,62,516958769,,0.22,5.97
2020-10-05,2377,63,511270515,17.28,3.22,3.6
2020-10-05,2891,64,504575186,8.73,5.51,1.0
2020-10-05,6504,65,497127044,21.49,1.75,5.75
2020-10-05,2886,66,485179088,15.19,6.12,1.21
2020-10-05,2458,67,460468470,16.0,4.48,6.31
2020-10-05,2615,68,460437936,14.1,3.5,1.42
2020-10-05,3042,69,459322023,20.09,3.56,2.59
2020-10-05,3533,70,456121380,17.95,2.28,4.02
2020-10-05,1609,71,453141001,13.5,1.71,1.4
2020-10-05,3189,72,452496702,740.0,1.5,1.18
2020-10-05,1760,73,438800503,141.57,1.43,8.03
2020-10-05,2353,74,431857389,22.52,3.18,1.32
2020-10-05,1526,75,411701303,23.04,1.51,3.03
2020-10-05,2049,76,401756668,100.9,0.75,3.69
2020-10-05,2912,77,372212406,27.38,3.37,8.78
2020-10-05,1101,78,364378782,9.67,7.32,1.27
2020-10-05,1598,79,364168028,41.58,0.9,5.1
2020-10-05,5871,80,362503227,11.55,3.8,2.59
2020-10-05,2376,81,362193340,16.07,2.85,2.04
2020-10-05,9914,82,355976647,23.71,1.75,5.2
2020-10-05,2882,83,344609580,9.2,5.2,0.73
2020-10-05,9910,84,343799772,24.1,3.43,8.27
2020-10-05,2387,85,312328920,41.43,1.5,2.06
2020-10-05,2355,86,309272349,27.05,3.52,0.75
2020-10-05,0056,87,301960622,,,
2020-10-05,3413,88,300299191,13.82,2.23,3.26
2020-10-05,5215,89,299744952,20.78,2.08,3.84
2020-10-05,8464,90,298871032,21.87,2.92,7.99
2020-10-05,3338,91,296105433,17.43,3.18,3.67
2020-10-05,8261,92,286211403,29.66,1.42,1.99
2020-10-05,1519,93,285562980,25.57,2.22,3.67
2020-10-05,3231,94,284431813,10.12,6.9,1.18
2020-10-05,4958,95,281549794,12.41,3.54,1.77
2020-10-05,2888,96,276502266,7.66,4.85,0.45
2020-10-05,2885,97,271531080,10.14,5.88,0.88
2020-10-05,2439,98,271313382,18.34,5.13,2.94
2020-10-05,6288,99,271245568,33.29,2.23,2.73
2020-10-05,3653,100,269727923,39.37,1.66,6.3
2020-10-05,4763,101,255307699,16.88,3.29,6.26
2020-10-05,1734,102,247934599,101.11,0.55,2.29
2020-10-05,6283,103,242034170,,0.0,2.74
2020-10-05,2383,104,240243821,13.13,3.87,3.61
2020-10-05,3596,105,240048364,15.1,5.33,1.74
2020-10-05,6505,106,236864255,894.44,3.6,2.88
2020-10-05,2448,107,236657348,,0.0,0.89
2020-10-05,1477,108,235975170,20.23,2.95,4.27
2020-10-05,2406,109,235097656,,0.0,2.21
2020-10-05,6271,110,235037341,31.72,1.81,1.52
2020-10-05,3576,111,231767657,,0.0,1.64
2020-10-05,3532,112,229416364,34.84,3.24,2.12
2020-10-05,3443,113,228627700,68.19,1.92,9.26
2020-10-05,1466,114,225495549,,0.0,1.74
2020-10-05,3045,115,222854767,21.59,4.92,4.48
2020-10-05,3583,116,220778676,20.75,3.29,1.91
2020-10-05,1303,117,219367699,30.93,3.69,1.53
2020-10-05,3665,118,218991700,17.05,3.91,2.57
2020-10-05,2481,119,218625775,18.45,2.85,1.95
2020-10-05,2356,120,217955181,11.08,5.9,1.43
2020-10-05,2105,121,215944047,122.26,2.64,1.69
2020-10-05,6278,122,215551084,17.27,2.68,2.47
2020-10-05,2351,123,213326820,37.62,2.92,2.08
2020-10-05,3044,124,212415500,10.05,6.36,1.88
2020-10-05,6176,125,211081012,9.34,7.37,1.96
2020-10-05,2002,126,209968223,,2.43,1.11
2020-10-05,9945,127,209514118,5.25,15.29,0.43
2020-10-05,4934,128,208509613,,0.0,3.43
2020-10-05,4938,129,207336045,7.13,7.12,1.08
2020-10-05,6196,130,206738903,23.44,2.48,3.39
2020-10-05,2395,131,199188351,27.0,3.07,6.61
2020-10-05,4976,132,197745975,,0.0,3.48
2020-10-05,3376,133,196893367,17.72,2.92,1.88
2020-10-05,2609,134,195304861,,0.0,1.68
2020-10-05,3023,135,193890716,22.8,2.88,5.92
2020-10-05,1810,136,187964475,27.94,0.0,0.64
2020-10-05,3703,137,187521623,261.88,2.39,0.75
2020-10-05,3686,138,185496130,,0.0,2.28
2020-10-05,2207,139,182767480,27.07,2.18,6.19
2020-10-05,9103,140,180833964,,,
2020-10-05,1476,141,179920200,25.97,3.11,5.89
2020-10-05,2504,142,179642060,17.79,1.29,1.55
2020-10-05,2347,143,178802442,9.38,6.48,1.42
2020-10-05,1326,144,177326178,33.58,5.55,1.35
2020-10-05,2605,145,175944017,14.91,3.13,0.61
2020-10-05,6409,146,172823032,34.78,2.42,19.73
2020-10-05,6285,147,172761778,20.1,3.26,1.88
2020-10-05,1402,148,170152124,15.51,5.83,0.7
2020-10-05,2324,149,169258244,12.86,6.35,0.81
2020-10-05,1309,150,167940617,16.01,2.22,1.96
2021-01-04,2317,1,22587972258,13.37,4.2,1.14
2021-01-04,2603,2,22520200069,20.16,0.0,2.68
2021-01-04,2330,3,21127581248,28.3,1.77,7.78
2021-01-04,2303,4,18275865330,25.88,1.76,2.56
2021-01-04,2454,5,11014629474,38.56,1.33,3.7
2021-01-04,2615,6,8015043491,26.68,1.4,3.43
2021-01-04,3037,7,7775440709,29.58,1.2,2.89
2021-01-04,3661,8,7100838092,57.06,0.51,11.42
2021-01-04,2344,9,6691711526,147.37,0.36,1.84
2021-01-04,8046,10,4093182019,49.26,0.35,4.17
2021-01-04,3008,11,3833961615,17.51,2.36,3.36
2021-01-04,3481,12,3706100786,,0.7,0.63
2021-01-04,4968,13,3659786193,44.03,0.47,13.8
2021-01-04,3443,14,3502602044,96.5,1.34,12.87
2021-01-04,4961,15,3442244483,81.82,0.74,5.3
2021-01-04,2327,16,3385336547,25.27,2.51,3.84
2021-01-04,2609,17,3217518126,97.42,0.0,4.34
2021-01-04,6533,18,2982236516,,0.1,13.98
2021-01-04,3711,19,2821416878,14.96,2.38,1.74
2021-01-04,2337,20,2820116810,15.38,2.91,2.19
2021-01-04,1513,21,2788353350,24.19,2.44,2.21
2021-01-04,2408,22,2638732229,34.62,1.65,1.82
2021-01-04,6278,23,2576647426,19.41,2.03,3.11
2021-01-04,2308,24,2553353170,29.74,1.89,4.9
2021-01-04,2201,25,2447615570,,0.0,1.07
2021-01-04,5243,26,2236494406,26.67,2.59,2.07
2021-01-04,3006,27,2077897875,17.23,1.52,2.24
2021-01-04,4958,28,1987188439,14.39,3.78,1.6
2021-01-04,2351,29,1974024011,66.92,1.84,3.23
2021-01-04,3034,30,1832918723,22.18,2.89,6.24
2021-01-04,2409,31,1821749771,,0.0,0.79
2021-01-04,3665,32,1805568290,20.17,3.36,2.82
2021-01-04,2393,33,1705885872,18.05,3.02,1.2
2021-01-04,1802,34,1689704875,238.33,0.0,1.55
2021-01-04,3406,35,1682715823,20.83,1.57,4.36
2021-01-04,2455,36,1652786050,42.6,2.12,7.92
2021-01-04,3189,37,1642140222,101.19,1.18,1.5
2021-01-04,2014,38,1586464254,,0.0,1.71
2021-01-04,3704,39,1584811947,84.9,0.0,2.28
2021-01-04,2379,40,1576595284,25.39,2.83,7.22
2021-01-04,6230,41,1544926930,27.68,2.28,4.51
2021-01-04,6531,42,1528142158,121.01,0.23,12.73
2021-01-04,2492,43,1517179578,18.3,2.39,3.15
2021-01-04,2481,44,1511941525,21.54,1.92,2.76
2021-01-04,3545,45,1461830138,37.48,0.55,2.61
2021-01-04,4976,46,1428332993,,0.0,5.52
2021-01-04,5269,47,1412825110,46.19,0.74,9.39
2021-01-04,2340,48,1410566820,21.38,0.0,1.46
2021-01-04,2474,49,1327433704,14.76,4.82,1.1
2021-01-04,2049,50,1294304480,87.47,0.55,4.99
2021-01-04,6271,51,1272921883,27.85,1.3,1.62
2021-01-04,1301,52,1254320563,49.34,4.55,2.1
2021-01-04,2610,53,1252959990,,0.0,1.15
2021-01-04,6285,54,1223231010,23.09,3.07,1.99
2021-01-04,4967,55,1205547522,38.67,1.88,2.61
2021-01-04,2458,56,1199244089,13.45,4.64,5.21
2021-01-04,3017,57,1122718935,14.12,1.93,2.44
2021-01-04,2375,58,1096032826,23.9,0.51,1.8
2021-01-04,6451,59,1078744134,21.48,2.7,2.5
2021-01-04,2345,60,1016754002,35.2,2.06,12.89
2021-01-04,2368,61,1015199711,13.77,0.0,3.16
2021-01-04,4938,62,1013190061,7.51,6.62,1.12
2021-01-04,2002,63,980693271,,2.0,1.35
2021-01-04,2392,64,968225340,11.1,5.15,1.03
2021-01-04,2371,65,953092065,33.5,0.0,1.74
2021-01-04,2352,66,917874787,14.95,2.56,1.66
2021-01-04,2605,67,908280312,19.62,2.14,0.91
2021-01-04,2412,68,876444280,25.65,3.88,2.29
2021-01-04,2881,69,870346477,7.28,4.32,0.81
2021-01-04,2354,70,857468527,14.48,4.5,0.78
2021-01-04,6415,71,845980000,77.44,0.31,13.33
2021-01-04,2456,72,841358595,18.48,3.05,1.15
2021-01-04,6209,73,831120894,,0.0,2.09
2021-01-04,2313,74,829924417,11.04,2.69,1.93
2021-01-04,1309,75,800259014,10.98,1.55,2.47
2021-01-04,3533,76,797733879,18.89,2.14,3.99
2021-01-04,2882,77,789874115,8.25,4.76,0.76
2021-01-04,2436,78,783406631,33.54,3.11,2.89
2021-01-04,1536,79,782790334,116.84,1.75,4.7
2021-01-04,0050,80,778088986,,,
2021-01-04,4956,81,756849001,,0.0,1.34
2021-01-04,1909,82,754338049,29.11,1.3,1.27
2021-01-04,2382,83,742458321,14.75,4.56,2.28
2021-01-04,2006,84,736322401,15.33,3.65,1.51
2021-01-04,1590,85,707360278,42.22,0.52,8.47
2021-01-04,1326,86,690979370,39.72,4.49,1.65
2021-01-04,3605,87,682750615,19.27,1.61,1.3
2021-01-04,3437,88,681537843,,0.0,1.85
2021-01-04,2618,89,674868200,,1.92,0.93
2021-01-04,8021,90,667810166,19.8,4.1,0.98
2021-01-04,3062,91,645635564,,0.75,1.22
2021-01-04,3413,92,625103496,14.76,1.82,3.68
2021-01-04,8011,93,617509615,450.0,0.0,1.23
2021-01-04,2606,94,617429607,28.45,5.18,1.36
2021-01-04,3041,95,613200262,,0.0,2.02
2021-01-04,4142,96,609987740,,0.0,4.58
2021-01-04,3019,97,609431134,71.56,2.56,1.96
2021-01-04,6669,98,605245926,15.53,3.31,5.55
2021-01-04,2301,99,604695842,11.47,6.23,1.67
2021-01-04,6414,100,595791523,20.77,1.94,2.65
2021-01-04,3588,101,595398457,71.88,1.45,2.49
2021-01-04,1101,102,594543948,10.29,6.94,1.32
2021-01-04,1314,103,593939019,57.75,2.6,0.54
2021-01-04,3346,104,593311136,,0.0,2.63
2021-01-04,1216,105,589739680,18.47,3.7,3.48
2021-01-04,2886,106,587975449,16.16,5.69,1.27
2021-01-04,6288,107,586849682,37.34,2.22,2.53
2021-01-04,6205,108,585857684,29.55,2.3,2.15
2021-01-04,1303,109,578243508,32.02,3.08,1.79
2021-01-04,1447,110,575842229,,0.0,0.89
2021-01-04,3530,111,571224140,47.38,1.58,4.7
2021-01-04,2027,112,565484782,,3.87,1.74
2021-01-04,2885,113,557110187,10.88,5.13,1.01
2021-01-04,2478,114,538530669,17.46,2.14,2.14
2021-01-04,2426,115,538498057,13.54,1.65,1.41
2021-01-04,8261,116,535235017,32.42,0.93,2.89
2021-01-04,2388,117,534364367,,0.0,8.62
2021-01-04,1210,118,527047732,14.41,4.31,2.12
2021-01-04,4919,119,524528405,21.66,2.52,1.79
2021-01-04,2355,120,522074163,105.61,2.87,0.92
2021-01-04,6456,121,520973472,10.96,2.98,1.48
2021-01-04,6443,122,518036774,,0.0,5.3
2021-01-04,2891,123,509401472,9.58,5.12,1.05
2021-01-04,2884,124,509340219,17.48,6.27,1.8
2021-01-04,6477,125,502511147,26.74,1.39,3.24
2021-01-04,6116,126,498036605,34.31,0.0,0.9
2021-01-04,6505,127,498011685,222.22,2.9,3.41
2021-01-04,2888,128,495869306,7.63,4.48,0.47
2021-01-04,9958,129,488889292,30.85,0.9,4.15
2021-01-04,2377,130,483948522,15.51,3.15,3.38
2021-01-04,5285,131,482774680,87.13,3.25,3.17
2021-01-04,2601,132,479185607,,11.21,0.94
2021-01-04,1312,133,473214477,9.16,0.0,0.87
2021-01-04,3003,134,470212894,21.39,2.02,1.64
2021-01-04,2383,135,467114327,13.54,3.68,3.36
2021-01-04,2607,136,466598545,28.06,1.49,0.96
2021-01-04,6706,137,463925694,52.45,2.32,5.13
2021-01-04,2231,138,457394704,104.87,3.52,8.42
2021-01-04,2206,139,456788921,17.68,2.76,2.01
2021-01-04,6269,140,451410529,13.58,4.04,1.79
2021-01-04,1409,141,448332003,9.83,3.7,0.79
2021-01-04,2457,142,447594903,,0.0,1.22
2021-01-04,0056,143,439518926,,,
2021-01-04,1476,144,439305474,30.24,2.63,6.51
2021-01-04,8016,145,431214281,16.25,3.99,3.12
2021-01-04,2617,146,420083993,18.46,3.61,0.92
2021-01-04,2328,147,418716789,28.48,3.55,1.34
2021-01-04,1718,148,408918246,8.48,0.0,0.59
2021-01-04,2515,149,407507344,30.15,1.95,0.8
2021-01-04,3682,150,403958670,,0.0,1.29
2021-04-01,2330,1,27520742963,30.15,1.66,8.44
2021-04-01,2603,2,16115648466,9.64,5.22,2.49
2021-04-01,2317,3,11979889015,16.55,3.29,1.3
2021-04-01,3545,4,11623748421,41.2,0.25,5.34
2021-04-01,2344,5,7692063594,92.73,0.65,1.86
2021-04-01,3481,6,6534132610,133.44,0.47,0.89
2021-04-01,2408,7,6434258729,40.2,1.29,2.01
2021-04-01,4919,8,6405034457,40.99,1.37,1.9
2021-04-01,2454,9,5608220878,37.16,1.09,4.09
2021-04-01,8046,10,5163290203,61.99,0.97,7.02
2021-04-01,2337,11,4581425841,15.78,2.65,2.32
2021-04-01,3034,12,4547986670,29.35,1.84,8.68
2021-04-01,2014,13,4429626504,56.08,1.45,1.96
2021-04-01,2303,14,4348979608,21.49,3.17,2.66
2021-04-01,3006,15,3865234257,26.64,1.9,3.47
2021-04-01,6531,16,3833895136,80.13,0.57,20.96
2021-04-01,4968,17,3519889261,46.24,1.26,18.33
2021-04-01,6533,18,3289948312,740.24,0.12,21.66
2021-04-01,2409,19,3198711345,58.47,1.43,1.09
2021-04-01,2609,20,3146027315,10.62,0.0,3.57
2021-04-01,2308,21,3113339915,30.12,1.86,5.26
2021-04-01,3037,22,2806977357,24.62,1.53,2.78
2021-04-01,2327,23,2484688399,21.05,2.36,3.93
2021-04-01,2881,24,2241451207,7.36,3.46,0.87
2021-04-01,2615,25,2160294795,10.96,3.58,2.82
2021-04-01,3443,26,2077696448,65.22,1.21,12.35
2021-04-01,6116,27,2075057700,12.36,3.18,1.07
2021-04-01,3661,28,2054760944,68.05,0.74,14.61
2021-04-01,2481,29,2046214302,20.19,2.75,2.55
2021-04-01,2108,30,1904710716,15.4,3.6,5.03
2021-04-01,3189,31,1888346957,91.25,0.91,1.92
2021-04-01,3711,32,1829164203,16.67,3.91,2.1
2021-04-01,2610,33,1758308783,508.33,0.0,1.44
2021-04-01,2401,34,1736942142,56.45,1.71,2.17
2021-04-01,2342,35,1588790235,28.51,0.0,2.91
2021-04-01,5471,36,1574117296,17.27,5.4,4.54
2021-04-01,3008,37,1537034790,17.36,2.88,3.02
2021-04-01,2338,38,1532785212,22.04,2.04,4.26
2021-04-01,4958,39,1444758330,13.77,3.81,1.42
2021-04-01,6582,40,1420413828,13.91,4.29,5.11
2021-04-01,2492,41,1393678160,18.57,2.17,3.19
2021-04-01,6781,42,1323058801,45.02,0.0,11.22
2021-04-01,6415,43,1273657230,68.01,0.44,12.37
2021-04-01,2375,44,1249844298,29.0,1.65,2.16
2021-04-01,8081,45,1233840992,18.42,4.21,4.24
2021-04-01,2002,46,1212079542,430.0,1.16,1.36
2021-04-01,2324,47,1203786659,12.67,5.87,1.11
2021-04-01,2379,48,1179942623,28.46,2.24,8.49
2021-04-01,2356,49,1146768955,12.74,6.92,1.66
2021-04-01,1515,50,1120056052,21.73,3.67,4.76
2021-04-01,6443,51,1105612593,,0.0,4.19
2021-04-01,4976,52,1097963710,,0.0,7.78
2021-04-01,2486,53,1063315984,,0.0,2.26
2021-04-01,2637,54,1054767920,243.0,2.74,1.03
2021-04-01,2882,55,1048785575,9.46,4.17,0.79
2021-04-01,6706,56,1020161136,36.08,2.17,5.05
2021-04-01,0050,57,1007813912,,,
2021-04-01,4938,58,996868520,9.68,6.12,1.2
2021-04-01,2436,59,981591152,29.54,2.79,3.17
2021-04-01,2352,60,946622802,13.17,2.24,1.83
2021-04-01,3017,61,936128785,12.44,4.15,2.25
2021-04-01,2354,62,904257052,21.53,2.5,0.92
2021-04-01,2328,63,904134002,34.41,1.48,2.05
2021-04-01,2606,64,892097426,40.72,2.83,1.54
2021-04-01,3149,65,891346310,,0.0,6.2
2021-04-01,2382,66,876899781,15.07,5.25,2.64
2021-04-01,2357,67,847821573,10.39,7.0,1.37
2021-04-01,2388,68,832540689,6.07,0.0,3.08
2021-04-01,2345,69,829658129,30.41,2.36,10.6
2021-04-01,2027,70,823328463,,2.55,1.74
2021-04-01,3059,71,822152123,64.83,1.29,1.23
2021-04-01,1477,72,807897729,26.31,3.25,5.36
2021-04-01,4961,73,797773395,75.13,0.33,9.4
2021-04-01,4967,74,796396281,27.08,2.08,2.59
2021-04-01,2368,75,791223405,14.42,2.72,3.22
2021-04-01,6282,76,790655418,11.77,3.68,1.55
2021-04-01,3504,77,783318688,,0.0,3.22
2021-04-01,1101,78,772765655,11.04,7.49,1.36
2021-04-01,2006,79,769875251,13.27,3.36,1.72
2021-04-01,3406,80,754599962,17.54,2.08,3.4
2021-04-01,2412,81,751802681,25.87,3.87,2.29
2021-04-01,3596,82,744578216,14.36,5.51,2.12
2021-04-01,8016,83,697510781,20.23,3.21,4.22
2021-04-01,6213,84,689782489,16.85,3.7,3.36
2021-04-01,2399,85,689224997,41.88,1.19,2.78
2021-04-01,2038,86,688533912,22.18,2.59,1.14
2021-04-01,2618,87,681195953,,1.59,1.08
2021-04-01,3305,88,657291008,31.89,3.12,1.55
2021-04-01,3653,89,654169398,40.59,2.06,5.57
2021-04-01,2458,90,650956151,17.77,4.55,6.38
2021-04-01,3714,91,649050007,,0.0,
2021-04-01,1102,92,648800740,10.75,7.54,1.07
2021-04-01,2426,93,641099997,29.8,2.49,2.32
2021-04-01,5243,94,632618221,27.95,2.23,2.17
2021-04-01,3588,95,631259329,69.37,1.14,3.17
2021-04-01,3413,96,630276339,15.77,2.98,3.55
2021-04-01,3019,97,627702744,63.62,1.11,2.25
2021-04-01,2376,98,620639711,14.33,2.23,2.29
2021-04-01,2353,99,611752153,15.75,4.74,1.58
2021-04-01,2449,100,610186088,14.07,4.78,1.74
2021-04-01,3058,101,602383484,,0.89,1.42
2021-04-01,3346,102,602352445,415.33,0.26,2.75
2021-04-01,1517,103,602062809,29.28,1.57,1.52
2021-04-01,2455,104,595581375,41.49,2.17,7.62
2021-04-01,2231,105,595117102,122.89,0.49,9.85
2021-04-01,1303,106,594951506,24.57,3.02,1.83
2021-04-01,5269,107,594518730,34.99,1.62,7.27
2021-04-01,2474,108,592147294,7.61,4.74,1.02
2021-04-01,1598,109,583852879,10.88,6.55,3.18
2021-04-01,2891,110,579668803,10.21,4.58,1.08
2021-04-01,3665,111,577020216,19.32,3.05,2.67
2021-04-01,2425,112,572623195,26.69,0.74,2.26
2021-04-01,2371,113,571494361,,0.0,1.79
2021-04-01,2457,114,569580918,,0.0,2.29
2021-04-01,2028,115,567985796,14.43,0.0,2.89
2021-04-01,3576,116,561481233,,0.0,2.78
2021-04-01,3042,117,540849345,22.13,3.73,3.27
2021-04-01,2498,118,540310131,,0.0,0.85
2021-04-01,2883,119,538960593,12.35,5.71,0.77
2021-04-01,2208,120,537411059,,0.0,2.09
2021-04-01,1590,121,536360845,40.38,0.88,8.7
2021-04-01,1909,122,531825725,34.32,2.36,1.28
2021-04-01,2331,123,529730201,285.45,0.32,1.59
2021-04-01,6239,124,523616772,12.24,4.74,1.77
2021-04-01,2888,125,518439219,8.43,4.4,0.5
2021-04-01,2886,126,506235617,17.34,5.33,1.33
2021-04-01,6278,127,504448754,15.33,2.87,2.49
2021-04-01,1568,128,502611914,357.5,0.84,2.46
2021-04-01,1305,129,493800733,12.44,6.27,2.09
2021-04-01,8021,130,490035696,17.7,4.51,1.12
2021-04-01,2417,131,482823985,7.84,3.99,2.34
2021-04-01,3533,132,477701734,18.6,2.71,3.76
2021-04-01,2365,133,472796179,21.31,2.17,1.05
2021-04-01,2377,134,467954303,18.37,3.53,4.11
2021-04-01,6283,135,464716710,,0.0,5.17
2021-04-01,3014,136,460186176,16.83,6.13,3.28
2021-04-01,3027,137,453529304,92.03,0.0,2.0
2021-04-01,6416,138,444107274,27.79,2.57,3.36
2021-04-01,2301,139,435097831,14.66,5.38,2.0
2021-04-01,9945,140,434931405,8.69,10.08,0.65
2021-04-01,2201,141,426620872,16.05,2.25,0.9
2021-04-01,2049,142,426107992,69.38,0.57,4.86
2021-04-01,2465,143,417430879,95.8,0.0,8.09
2021-04-01,9921,144,413536538,25.64,2.36,5.04
2021-04-01,8150,145,405553927,13.6,4.98,1.54
2021-04-01,1325,146,404027632,4.08,12.71,2.16
2021-04-01,1802,147,398619123,24.0,2.45,1.35
2021-04-01,6269,148,393211200,15.39,4.0,1.77
2021-04-01,1536,149,389485678,101.79,0.96,4.57
2021-04-01,2385,150,383633909,13.22,5.34,2.6
2021-07-01,2615,1,101894581360,28.74,0.6,12.55
2021-07-01,2603,2,34549760104,18.27,1.17,8.07
2021-07-01,2637,3,23580938863,73.51,1.35,2.85
2021-07-01,2609,4,22088178301,17.5,0.0,10.56
2021-07-01,2606,5,22035649188,46.68,1.35,3.17
2021-07-01,2014,6,17947451634,35.85,0.51,4.93
2021-07-01,2027,7,17867871655,88.68,1.33,3.13
2021-07-01,2636,8,17432790300,39.25,1.12,9.22
2021-07-01,2002,9,16656813151,48.88,0.77,1.97
2021-07-01,2023,10,12217701874,32.06,0.0,2.51
2021-07-01,3006,11,11300386773,30.6,1.26,4.83
2021-07-01,2330,12,11116195742,28.44,1.69,7.93
2021-07-01,2617,13,9785452923,58.93,1.25,2.67
2021-07-01,1802,14,9253764527,21.54,1.33,2.42
2021-07-01,1314,15,7691725771,37.32,1.96,0.7
2021-07-01,2327,16,6229682016,17.64,1.8,3.74
2021-07-01,2642,17,5777976246,63.27,1.26,6.09
2021-07-01,3545,18,5660706084,26.0,1.5,5.38
2021-07-01,2454,19,5387345203,24.87,3.87,3.67
2021-07-01,4961,20,5284855480,37.25,0.8,8.48
2021-07-01,2303,21,4902640069,17.25,3.07,2.59
2021-07-01,2030,22,4876071738,37.13,1.33,2.62
2021-07-01,1312,23,4574666519,5.05,0.3,1.0
2021-07-01,3037,24,4485186828,24.95,1.13,3.58
2021-07-01,2010,25,4248301763,30.86,1.77,2.06
2021-07-01,1313,26,3958010202,9.06,3.34,1.52
2021-07-01,3481,27,3634383931,11.53,1.93,0.82
2021-07-01,2031,28,3347109270,15.63,2.54,2.88
2021-07-01,2409,29,3276945701,10.45,1.35,1.11
2021-07-01,2314,30,3098879445,,0.0,5.45
2021-07-01,1304,31,2830906378,12.71,2.45,1.95
2021-07-01,2481,32,2712504814,24.37,1.88,3.84
2021-07-01,2034,33,2697024539,37.89,3.63,2.08
2021-07-01,1907,34,2690804441,12.36,3.29,1.67
2021-07-01,2486,35,2690572550,993.75,0.0,2.75
2021-07-01,1440,36,2624248801,24.45,1.21,1.85
2021-07-01,2618,37,2581189495,,0.0,1.45
2021-07-01,2492,38,2580263338,13.06,2.8,2.52
2021-07-01,2456,39,2574655088,15.92,1.89,1.1
2021-07-01,1909,40,2535191172,28.58,2.06,1.42
2021-07-01,3034,41,2518785622,19.77,3.1,6.65
2021-07-01,2069,42,2446927037,27.82,1.34,1.87
2021-07-01,2607,43,2420871956,76.56,0.61,2.18
2021-07-01,2017,44,2409269156,44.85,0.66,2.42
2021-07-01,2610,45,2399478224,36.13,0.0,1.84
2021-07-01,2038,46,2367279921,47.93,0.86,3.36
2021-07-01,1305,47,2346221770,10.72,5.53,2.18
2021-07-01,2029,48,2332698450,29.82,1.02,1.75
2021-07-01,8016,49,2222410342,19.3,2.48,5.54
2021-07-01,2006,50,2217899024,12.12,2.95,1.86
2021-07-01,3530,51,2164797339,35.82,1.69,5.49
2021-07-01,1605,52,2121541803,11.34,3.21,1.02
2021-07-01,3661,53,2033102641,40.89,1.11,4.35
2021-07-01,2344,54,1999245362,45.33,0.59,1.99
2021-07-01,2375,55,1990078887,22.22,1.75,1.93
2021-07-01,1309,56,1966631029,7.29,6.26,2.39
2021-07-01,2605,57,1923118960,201.79,0.88,2.31
2021-07-01,1904,58,1873365814,13.0,3.77,1.98
2021-07-01,2009,59,1812759490,57.0,1.28,4.8
2021-07-01,6116,60,1796033035,9.4,2.28,1.39
2021-07-01,2317,61,1792574133,12.13,3.57,1.22
2021-07-01,1310,62,1777055840,14.81,2.12,1.63
2021-07-01,2436,63,1775789358,20.75,2.08,3.92
2021-07-01,2383,64,1697341091,17.83,3.33,3.97
2021-07-01,2007,65,1665595339,,0.0,1.63
2021-07-01,3406,66,1627927653,21.79,1.82,3.83
2021-07-01,2408,67,1581639173,28.47,1.67,1.53
2021-07-01,8046,68,1520279694,51.22,0.9,7.23
2021-07-01,1608,69,1519123946,5.43,2.42,1.59
2021-07-01,4938,70,1517704370,7.8,6.57,1.19
2021-07-01,2308,71,1455398664,25.76,1.85,5.02
2021-07-01,6191,72,1418468995,7.63,2.3,1.1
2021-07-01,2012,73,1414877984,30.04,1.65,2.77
2021-07-01,2022,74,1401527914,122.86,0.0,2.93
2021-07-01,2337,75,1389855451,16.31,2.71,2.19
2021-07-01,2601,76,1363784549,,5.16,2.05
2021-07-01,0056,77,1334748211,,,
2021-07-01,2108,78,1327752168,11.79,2.85,5.98
2021-07-01,3138,79,1244557915,108.88,0.61,11.66
2021-07-01,2032,80,1234003556,35.98,1.6,2.46
2021-07-01,4739,81,1199614337,38.64,1.28,2.37
2021-07-01,2379,82,1199152287,24.61,2.84,7.59
2021-07-01,2608,83,1144380960,20.96,2.49,2.98
2021-07-01,2020,84,1137654868,11.99,4.35,2.48
2021-07-01,2357,85,1125010014,7.69,7.08,1.26
2021-07-01,6269,86,1123233973,15.55,3.86,1.97
2021-07-01,6271,87,1111820561,22.01,2.7,1.68
2021-07-01,2208,88,1101173735,,0.0,1.92
2021-07-01,1101,89,1077678755,12.11,6.92,1.46
2021-07-01,1718,90,1077379873,9.83,4.27,0.65
2021-07-01,2727,91,1062211306,18.81,2.67,3.64
2021-07-01,1301,92,1057549905,18.71,2.31,1.84
2021-07-01,4306,93,1054234193,5.44,6.23,1.04
2021-07-01,2028,94,1052988253,21.6,0.0,5.59
2021-07-01,1447,95,1052856155,,0.0,1.17
2021-07-01,3189,96,1045480818,81.25,0.77,2.3
2021-07-01,3042,97,1041623682,20.93,3.11,3.61
2021-07-01,1303,98,1017215942,15.71,2.86,1.82
2021-07-01,2881,99,1006015510,7.15,4.09,1.03
2021-07-01,2368,100,992344587,16.0,2.24,3.68
2021-07-01,9958,101,989915565,28.03,3.09,4.14
2021-07-01,3017,102,984105124,12.42,3.52,2.8
2021-07-01,4967,103,975874179,34.87,1.6,2.91
2021-07-01,1409,104,966207556,10.25,4.92,1.18
2021-07-01,2382,105,965635541,11.4,5.9,2.18
2021-07-01,2351,106,951080590,45.32,1.49,3.76
2021-07-01,9904,107,924487599,11.44,1.3,0.93
2021-07-01,1308,108,911934046,14.81,3.64,1.72
2021-07-01,6456,109,909660827,10.66,3.29,1.48
2021-07-01,3008,110,887188630,18.01,2.95,3.09
2021-07-01,6415,111,886770835,96.94,0.28,17.95
2021-07-01,2882,112,878024065,7.29,4.64,0.93
2021-07-01,1444,113,870125753,,0.0,1.22
2021-07-01,2823,114,867330459,5.93,3.05,0.78
2021-07-01,2312,115,866572251,109.23,2.04,1.25
2021-07-01,6257,116,850569290,12.6,5.08,1.96
2021-07-01,1609,117,850319695,15.13,2.37,2.11
2021-07-01,1590,118,848779165,35.31,0.83,9.44
2021-07-01,2884,119,846369205,17.45,4.69,1.74
2021-07-01,3711,120,839529541,14.82,3.78,2.08
2021-07-01,1708,121,828362198,44.83,4.62,1.59
2021-07-01,6531,122,799618953,40.53,0.81,13.17
2021-07-01,8454,123,794519465,116.64,0.63,34.65
2021-07-01,4919,124,783475800,38.68,1.01,2.56
2021-07-01,2612,125,775165783,31.77,1.82,1.73
2021-07-01,2885,126,770481341,11.01,4.5,1.24
2021-07-01,2103,127,769133255,35.76,1.02,1.93
2021-07-01,1795,128,763366072,19.16,0.33,2.83
2021-07-01,3019,129,762249994,30.34,1.14,2.15
2021-07-01,2449,130,739310393,13.79,4.56,1.74
2021-07-01,2883,131,735503375,8.47,4.21,0.91
2021-07-01,2353,132,715017338,10.49,5.22,1.47
2021-07-01,3026,133,712256209,14.15,5.76,2.59
2021-07-01,2412,134,690325248,25.97,3.8,2.28
2021-07-01,1517,135,684577198,19.77,1.17,1.98
2021-07-01,5608,136,680190348,,0.0,5.62
2021-07-01,4906,137,666350442,7.34,6.02,1.1
2021-07-01,6278,138,663927479,14.24,2.78,2.49
2021-07-01,6672,139,660512662,22.74,2.19,3.96
2021-07-01,2611,140,660377165,73.73,0.0,2.73
2021-07-01,0050,141,649025587,,,
2021-07-01,2455,142,644524732,39.04,1.99,7.69
2021-07-01,2457,143,644462424,,0.0,2.73
2021-07-01,3443,144,640206261,51.65,1.23,11.42
2021-07-01,2338,145,639897046,14.01,1.78,4.44
2021-07-01,6282,146,636660837,10.3,4.36,1.42
2021-07-01,1477,147,612986938,28.61,2.97,5.53
2021-07-01,2376,148,606988996,10.54,4.67,2.21
2021-07-01,2614,149,597394147,48.62,1.75,4.32
2021-07-01,2345,150,584055493,34.71,2.03,11.44
2021-10-01,2603,1,36634057851,6.02,2.19,3.31
2021-10-01,2330,2,22368447571,26.86,1.74,7.47
2021-10-01,2609,3,18122355394,5.0,0.0,3.62
2021-10-01,2615,4,13118419139,9.41,1.09,5.41
2021-10-01,2303,5,8996341122,18.2,2.56,3.24
2021-10-01,2454,6,5882005182,17.28,4.18,3.63
2021-10-01,2606,7,5751229243,20.97,1.91,2.33
2021-10-01,9958,8,4250109580,20.51,2.64,3.39
2021-10-01,3661,9,4148801110,50.06,0.75,6.61
2021-10-01,2436,10,4144182970,21.08,1.91,4.3
2021-10-01,0050,11,3888671030,,,
2021-10-01,2317,12,3737734962,10.6,3.88,1.1
2021-10-01,1440,13,3252134061,12.58,1.46,1.48
2021-10-01,3189,14,3221335425,67.51,0.5,3.44
2021-10-01,2002,15,3212259928,18.67,0.84,1.75
2021-10-01,8046,16,3187803641,43.52,0.8,8.05
2021-10-01,4919,17,3185962495,34.64,0.61,3.62
2021-10-01,1308,18,2835510244,11.55,3.19,1.69
2021-10-01,6531,19,2736972261,36.61,0.67,15.52
2021-10-01,3035,20,2727915320,61.43,0.93,3.87
2021-10-01,2371,21,2640066952,,0.0,2.13
2021-10-01,2327,22,2638033810,11.01,2.41,2.99
2021-10-01,2881,23,2631568327,6.16,3.98,1.03
2021-10-01,0056,24,2598982479,,,
2021-10-01,3037,25,2580960193,24.57,1.09,3.54
2021-10-01,3545,26,2405898395,8.47,2.18,2.95
2021-10-01,3481,27,2326221592,3.96,2.37,0.63
2021-10-01,3708,28,2291775392,22.71,3.37,1.78
2021-10-01,2406,29,2108401961,24.95,0.0,2.22
2021-10-01,3034,30,2085683084,10.84,3.86,5.3
2021-10-01,2605,31,2005678309,108.79,1.39,1.49
2021-10-01,1305,32,1980251903,8.94,5.17,2.43
2021-10-01,1304,33,1973504439,8.88,2.71,1.73
2021-10-01,3653,34,1970389977,47.57,1.86,6.31
2021-10-01,1590,35,1951628162,23.48,1.16,6.32
2021-10-01,2409,36,1943857914,3.84,1.74,0.78
2021-10-01,2636,37,1923143339,7.61,2.16,2.41
2021-10-01,1301,38,1913863482,12.44,2.18,1.95
2021-10-01,4961,39,1780780527,10.16,1.32,4.25
2021-10-01,5269,40,1780375315,38.2,1.41,8.81
2021-10-01,6756,41,1773819486,50.06,1.09,10.26
2021-10-01,8454,42,1713117675,81.82,0.76,30.74
2021-10-01,6443,43,1666688435,495.83,0.0,2.84
2021-10-01,3406,44,1644526841,17.72,2.58,2.89
2021-10-01,2308,45,1589245091,21.47,2.22,4.47
2021-10-01,3006,46,1581107115,13.75,1.63,3.26
2021-10-01,6213,47,1549911839,15.83,3.6,3.14
2021-10-01,2882,48,1541141225,6.27,4.39,0.94
2021-10-01,2617,49,1499905854,27.11,2.09,1.1
2021-10-01,2637,50,1479970080,18.51,2.02,1.93
2021-10-01,3017,51,1454277623,10.44,3.8,2.42
2021-10-01,3443,52,1372957717,51.94,1.04,14.9
2021-10-01,2612,53,1360337615,10.92,2.37,1.2
2021-10-01,2486,54,1316296713,84.39,0.0,3.71
2021-10-01,2368,55,1308407921,14.87,2.42,3.18
2021-10-01,3008,56,1303684590,13.57,4.29,2.09
2021-10-01,2345,57,1293234207,28.64,2.56,10.98
2021-10-01,2314,58,1270371947,,0.0,8.18
2021-10-01,2379,59,1266588939,19.48,2.94,8.28
2021-10-01,2915,60,1221653305,4.74,4.03,0.67
2021-10-01,3711,61,1198154755,13.09,3.88,1.95
2021-10-01,2354,62,1196350506,18.17,2.66,0.8
2021-10-01,5871,63,1177178519,18.65,2.32,3.71
2021-10-01,1513,64,1175046576,10.4,4.73,1.89
2021-10-01,1303,65,1145396419,11.07,2.72,1.91
2021-10-01,2412,66,1133015805,25.0,3.9,2.37
2021-10-01,1455,67,1095614072,8.36,1.53,1.39
2021-10-01,2610,68,1068173845,835.0,0.0,1.58
2021-10-01,6415,69,1057276085,84.62,0.26,18.65
2021-10-01,2481,70,1053284157,20.66,1.78,3.77
2021-10-01,5608,71,1051837302,48.18,0.0,3.9
2021-10-01,1101,72,1029777933,12.33,6.71,1.42
2021-10-01,2027,73,1015354016,17.35,1.77,2.24
2021-10-01,2891,74,1013288885,7.87,4.67,1.05
2021-10-01,2883,75,992218543,7.91,3.93,0.93
2021-10-01,1711,76,986491891,34.25,1.2,1.6
2021-10-01,2344,77,973867102,18.16,0.78,1.34
2021-10-01,6271,78,937931491,19.42,2.55,1.73
2021-10-01,5243,79,890982834,20.16,2.75,1.72
2021-10-01,8016,80,884659296,9.09,3.14,3.51
2021-10-01,2049,81,876288254,31.13,0.79,3.35
2021-10-01,6505,82,872198476,16.03,0.61,2.76
2021-10-01,2618,83,869284956,,0.0,1.27
2021-10-01,2328,84,864776673,21.72,1.74,1.63
2021-10-01,2408,85,859915878,17.38,2.02,1.25
2021-10-01,6533,86,851303304,97.49,0.18,13.9
2021-10-01,3042,87,831202120,13.07,3.83,3.01
2021-10-01,2014,88,820231386,11.25,0.77,2.68
2021-10-01,2886,89,753241975,16.61,4.93,1.37
2021-10-01,4141,90,744295742,,0.0,0.77
2021-10-01,2357,91,739883311,5.73,8.11,1.17
2021-10-01,1802,92,731970540,9.62,1.79,1.68
2021-10-01,2023,93,718329502,14.07,0.0,1.88
2021-10-01,2492,94,713380247,8.68,4.02,1.78
2021-10-01,1216,95,686566379,17.75,4.02,3.54
2021-10-01,1312,96,684295059,3.72,0.36,0.81
2021-10-01,3712,97,661358692,22.99,2.92,1.22
2021-10-01,1722,98,660136918,27.0,3.51,1.22
2021-10-01,6477,99,650962533,18.81,3.12,1.62
2021-10-01,6282,100,645865789,30.0,4.21,1.54
2021-10-01,1609,101,638730961,12.95,2.68,1.79
2021-10-01,2884,102,629998632,17.64,4.67,1.7
2021-10-01,2887,103,628975675,10.26,5.69,1.05
2021-10-01,6409,104,624000370,67.98,1.48,31.72
2021-10-01,2383,105,613516205,16.22,3.33,4.26
2021-10-01,1444,106,589573751,380.0,0.0,1.02
2021-10-01,9945,107,572010872,5.78,8.93,0.78
2021-10-01,3588,108,557276315,37.89,0.91,4.08
2021-10-01,1326,109,556020365,9.93,3.05,1.31
2021-10-01,2358,110,553241645,65.54,0.29,1.8
2021-10-01,2888,111,552701787,6.07,4.34,0.5
2021-10-01,2401,112,541475921,21.82,1.58,2.22
2021-10-01,2337,113,540779171,11.98,3.31,1.71
2021-10-01,2885,114,530081960,9.0,4.96,1.14
2021-10-01,6269,115,519643004,12.82,5.24,1.47
2021-10-01,1313,116,517600608,6.63,4.09,1.18
2021-10-01,1795,117,514761621,19.51,0.34,2.56
2021-10-01,6669,118,504894003,16.64,3.74,6.56
2021-10-01,3062,119,503094575,343.33,0.73,1.23
2021-10-01,1314,120,494560860,16.92,0.0,0.56
2021-10-01,3016,121,494075614,196.43,0.3,5.56
2021-10-01,4934,122,480409053,,0.0,4.68
2021-10-01,2376,123,478392888,6.38,5.81,1.79
2021-10-01,2382,124,469640613,9.42,6.75,2.09
2021-10-01,2201,125,460847741,9.3,2.48,0.8
2021-10-01,1723,126,460513803,29.15,2.49,3.78
2021-10-01,2449,127,446661470,13.22,5.04,1.64
2021-10-01,3045,128,445424021,26.15,4.36,4.66
2021-10-01,6781,129,445073271,75.43,0.66,7.5
2021-10-01,2395,130,444891012,37.07,2.01,8.25
2021-10-01,2912,131,443547557,29.81,3.26,9.49
2021-10-01,1409,132,439670842,9.75,5.7,0.97
2021-10-01,4927,133,429613083,12.19,4.61,1.67
2021-10-01,3033,134,418585292,8.94,4.86,1.61
2021-10-01,4968,135,415839689,12.12,3.64,5.16
2021-10-01,1102,136,410373455,8.98,7.63,1.07
2021-10-01,2614,137,407514802,25.65,2.54,2.88
2021-10-01,2301,138,406779605,10.87,5.47,1.96
2021-10-01,5880,139,406691651,15.83,4.77,1.21
2021-10-01,9914,140,406407363,18.33,2.55,5.27
2021-10-01,2892,141,404607498,15.14,4.46,1.25
2021-10-01,1734,142,400574999,,0.5,2.43
2021-10-01,2474,143,398541025,7.04,7.36,0.83
2021-10-01,4938,144,396358865,8.16,6.8,1.13
2021-10-01,4958,145,395514359,11.69,4.75,1.19
2021-10-01,6116,146,387809541,4.36,3.4,0.86
2021-10-01,2880,147,377816581,15.82,2.62,1.3
2021-10-01,2338,148,376754727,14.19,2.01,3.94
2021-10-01,2105,149,374084021,12.46,3.43,1.37
2021-10-01,4739,150,373852933,28.81,1.18,2.52
2022-01-03,2330,1,46249716919,28.55,1.58,7.88
2022-01-03,2603,2,25836308886,4.3,1.78,2.99
2022-01-03,2609,3,12358012215,3.33,0.0,2.24
2022-01-03,2615,4,9426649616,5.94,1.07,4.13
2022-01-03,2454,5,8840518430,19.04,3.22,4.6
2022-01-03,2303,6,7703650583,15.43,2.52,3.06
2022-01-03,3037,7,7218335430,33.14,0.6,6.16
2022-01-03,2610,8,5980572287,40.46,0.0,2.38
2022-01-03,3008,9,5106805895,16.36,3.66,2.36
2022-01-03,8261,10,5089987008,19.25,0.81,5.02
2022-01-03,3035,11,5079193591,80.14,0.44,7.66
2022-01-03,2498,12,4988104209,,0.0,2.55
2022-01-03,2344,13,3996422895,13.1,0.62,1.68
2022-01-03,3583,14,3704640229,21.4,1.73,2.88
2022-01-03,6196,15,3686371225,26.19,1.99,5.02
2022-01-03,8046,16,3660144530,45.12,0.58,10.17
2022-01-03,2327,17,3305948296,11.04,2.05,3.22
2022-01-03,2618,18,3181359034,,0.0,1.83
2022-01-03,1560,19,2732895963,28.75,2.43,3.63
2022-01-03,2340,20,2671528690,36.15,1.97,3.31
2022-01-03,6278,21,2661580816,11.56,2.66,2.48
2022-01-03,2323,22,2370245386,22.82,5.58,0.81
2022-01-03,2317,23,2301355961,10.14,3.88,1.07
2022-01-03,2338,24,2221087832,16.46,1.39,4.68
2022-01-03,2883,25,2021381761,7.46,3.21,1.16
2022-01-03,3034,26,1912357448,10.37,2.9,5.52
2022-01-03,3481,27,1750605701,3.28,2.08,0.68
2022-01-03,3406,28,1703348067,25.89,1.82,3.84
2022-01-03,2308,29,1683590694,26.18,1.95,4.92
2022-01-03,6235,30,1682115915,41.95,1.64,2.66
2022-01-03,2409,31,1673485453,3.66,1.33,0.94
2022-01-03,2368,32,1643911020,17.19,1.91,4.04
2022-01-03,2457,33,1624236267,,0.0,3.94
2022-01-03,6781,34,1615529615,183.36,0.27,17.09
2022-01-03,2351,35,1600741313,39.68,1.05,5.21
2022-01-03,3189,36,1490966483,39.93,0.42,3.84
2022-01-03,3545,37,1469804228,7.14,1.83,3.14
2022-01-03,1711,38,1309738423,32.27,1.06,1.8
2022-01-03,2383,39,1277720664,18.56,2.52,5.09
2022-01-03,5234,40,1266825377,24.18,3.22,5.51
2022-01-03,8104,41,1255391647,24.97,3.67,2.8
2022-01-03,2376,42,1250253570,9.22,3.19,2.99
2022-01-03,6120,43,1247571757,,0.0,1.18
2022-01-03,6531,44,1233730656,34.77,0.52,16.88
2022-01-03,3596,45,1227386217,14.68,5.02,2.33
2022-01-03,2002,46,1208657986,10.74,0.86,1.59
2022-01-03,2881,47,1180736529,6.2,3.98,1.12
2022-01-03,6770,48,1163517383,32.86,0.97,4.57
2022-01-03,2882,49,1138694444,6.82,4.06,1.05
2022-01-03,2379,50,1131153745,19.68,2.44,8.46
2022-01-03,6415,51,1117060905,87.84,0.21,21.74
2022-01-03,3711,52,1060091862,10.58,3.97,1.94
2022-01-03,4927,53,1041048539,24.68,2.23,3.76
2022-01-03,0050,54,1034974917,,,
2022-01-03,2371,55,1026855880,410.0,0.0,2.15
2022-01-03,2495,56,975627649,83.6,1.44,1.45
2022-01-03,5388,57,974003039,23.05,3.58,2.35
2022-01-03,3041,58,963800985,,0.0,2.57
2022-01-03,6213,59,956987437,17.34,3.55,2.65
2022-01-03,3413,60,937195256,15.07,2.89,3.04
2022-01-03,4961,61,930399424,10.75,0.88,3.64
2022-01-03,2359,62,911381021,53.57,1.9,1.0
2022-01-03,2492,63,898920247,9.58,3.51,1.97
2022-01-03,2408,64,879111607,13.61,1.71,1.41
2022-01-03,2888,65,849483552,8.44,3.7,0.62
2022-01-03,2355,66,847042741,33.6,1.31,1.0
2022-01-03,6443,67,841265080,,0.0,4.11
2022-01-03,2412,68,797618088,25.38,3.73,2.42
2022-01-03,3094,69,795413046,59.86,1.83,3.47
2022-01-03,5269,70,775803035,37.99,1.36,8.07
2022-01-03,3016,71,762009093,140.31,0.18,8.85
2022-01-03,3049,72,751339835,14.02,2.26,1.39
2022-01-03,1773,73,742937887,22.91,2.63,5.5
2022-01-03,2481,74,739331904,20.69,1.42,4.26
2022-01-03,2382,75,731562040,10.95,5.55,2.41
2022-01-03,2337,76,723270960,8.09,2.92,1.77
2022-01-03,5471,77,686758328,11.09,6.0,3.96
2022-01-03,1717,78,686074289,13.61,3.72,2.15
2022-01-03,3017,79,678897316,11.63,3.15,2.71
2022-01-03,3380,80,675653944,32.03,2.95,1.94
2022-01-03,6414,81,675172502,19.38,2.05,2.53
2022-01-03,3515,82,662951896,16.42,2.86,4.47
2022-01-03,2357,83,658418572,6.55,6.96,1.28
2022-01-03,2476,84,654052888,21.91,1.61,2.83
2022-01-03,5871,85,650445788,20.9,2.05,4.15
2022-01-03,2374,86,649591857,13.73,1.61,1.43
2022-01-03,8028,87,643720174,49.91,1.05,3.43
2022-01-03,3532,88,624451868,83.97,0.75,5.45
2022-01-03,3661,89,621595197,51.2,0.67,7.13
2022-01-03,1301,90,615088633,10.3,2.27,1.75
2022-01-03,1101,91,597825872,13.91,7.1,1.49
2022-01-03,6438,92,591221684,13.14,3.58,2.62
2022-01-03,6271,93,587316876,20.82,1.87,2.36
2022-01-03,2436,94,585251132,23.12,1.67,4.78
2022-01-03,2614,95,578888984,23.91,2.2,3.12
2022-01-03,1476,96,567905901,31.52,1.76,8.64
2022-01-03,2886,97,566471660,18.7,4.47,1.49
2022-01-03,2375,98,563962191,12.49,1.91,1.71
2022-01-03,3006,99,547302553,10.96,1.22,3.87
2022-01-03,1303,100,542510104,9.01,2.78,1.72
2022-01-03,6491,101,541168735,25.95,1.16,5.89
2022-01-03,6698,102,532625091,110.19,0.86,3.18
2022-01-03,4919,103,531767658,30.06,0.54,4.05
2022-01-03,2342,104,527160600,24.59,0.99,3.5
2022-01-03,2388,105,524286429,7.49,0.93,4.5
2022-01-03,2637,106,521987018,10.79,1.87,1.89
2022-01-03,0056,107,520067339,,,
2022-01-03,3714,108,519801763,,0.0,1.04
2022-01-03,3059,109,517446712,56.75,1.06,1.5
2022-01-03,6706,110,515864632,19.13,1.82,4.48
2022-01-03,6205,111,506936993,39.05,2.15,2.71
2022-01-03,8016,112,502845957,8.16,2.34,3.87
2022-01-03,2014,113,501929518,9.4,0.74,2.66
2022-01-03,6691,114,501344750,20.61,4.66,5.61
2022-01-03,2369,115,494400375,19.21,0.0,1.88
2022-01-03,4994,116,486151098,26.22,4.59,4.48
2022-01-03,3042,117,482705544,11.66,3.58,2.83
2022-01-03,3036,118,472918048,9.75,4.31,1.38
2022-01-03,8103,119,468543034,14.03,2.58,1.57
2022-01-03,2891,120,467874201,9.68,4.08,1.24
2022-01-03,2353,121,466741780,8.48,4.98,1.47
2022-01-03,4739,122,465712706,34.51,0.82,3.63
2022-01-03,2201,123,461832661,9.16,2.33,0.84
2022-01-03,3653,124,450304167,48.69,1.47,7.48
2022-01-03,6756,125,450153530,47.46,0.89,11.56
2022-01-03,3588,126,442772774,33.56,0.73,5.24
2022-01-03,4755,127,434251666,36.61,1.77,4.39
2022-01-03,3443,128,433497065,50.04,0.86,16.38
2022-01-03,2606,129,432392614,14.18,2.0,2.08
2022-01-03,4906,130,428268909,22.61,6.11,1.1
2022-01-03,8070,131,423327744,17.66,3.36,3.12
2022-01-03,2027,132,422865753,10.0,1.75,2.11
2022-01-03,3019,133,416919331,22.04,1.05,2.28
2022-01-03,4934,134,410081803,,0.0,4.58
2022-01-03,8454,135,406094230,101.59,0.72,38.4
2022-01-03,3706,136,403764144,3.34,2.9,0.83
2022-01-03,2636,137,400247653,6.25,2.25,2.18
2022-01-03,6116,138,392387681,5.41,2.82,1.06
2022-01-03,6515,139,387382640,39.38,3.03,5.4
2022-01-03,8112,140,382306765,8.04,5.88,2.07
2022-01-03,6669,141,367552775,21.74,2.94,7.69
2022-01-03,2312,142,365467129,,1.84,1.42
2022-01-03,2464,143,363231651,16.67,4.46,2.14
2022-01-03,2892,144,360827654,15.84,4.1,1.42
2022-01-03,4770,145,360575834,27.39,1.49,6.18
2022-01-03,3563,146,359621009,15.58,4.32,4.48
2022-01-03,3045,147,355951636,26.66,4.28,4.53
2022-01-03,1314,148,353065360,10.61,0.0,0.57
2022-01-03,2393,149,348601180,11.84,4.21,1.3
2022-01-03,6282,150,348120467,47.93,3.34,1.9
2022-04-01,2330,1,18328227645,25.6,1.87,7.04
2022-04-01,2454,2,10627369757,12.85,8.11,3.31
2022-04-01,2603,3,9410907938,3.07,13.0,2.24
2022-04-01,3035,4,7969737047,67.1,1.06,9.89
2022-04-01,2609,5,6444245810,2.67,15.81,1.89
2022-04-01,1708,6,6390605909,21.49,3.46,2.39
2022-04-01,4919,7,6041329296,25.96,2.73,4.91
2022-04-01,3037,8,5616189015,27.18,1.4,5.92
2022-04-01,2303,9,4440132288,11.83,5.67,2.35
2022-04-01,2618,10,4135146709,25.98,1.82,2.0
2022-04-01,2610,11,3185888528,17.22,3.09,2.18
2022-04-01,3532,12,3173478003,77.2,0.79,5.23
2022-04-01,2888,13,3118085247,7.17,3.82,0.62
2022-04-01,3189,14,3043223539,23.66,2.22,3.14
2022-04-01,1732,15,2790991546,104.13,0.73,4.18
2022-04-01,2344,16,2660104722,8.81,3.33,1.45
2022-04-01,2368,17,2533642843,16.28,2.5,4.18
2022-04-01,2317,18,2476028386,10.4,4.98,1.05
2022-04-01,1314,19,2452288473,14.05,3.0,0.63
2022-04-01,2615,20,2064436363,3.78,7.5,2.71
2022-04-01,2891,21,1746224722,11.01,4.19,1.39
2022-04-01,2481,22,1673625028,19.94,2.99,2.98
2022-04-01,2881,23,1623534539,7.15,3.89,1.09
2022-04-01,4755,24,1589528585,28.77,2.6,4.68
2022-04-01,2382,25,1547111669,9.91,7.63,2.07
2022-04-01,1795,26,1528741850,24.39,1.48,3.09
2022-04-01,2379,27,1489707797,12.64,3.36,5.47
2022-04-01,1560,28,1478455996,27.64,2.14,3.94
2022-04-01,2338,29,1460420804,17.51,2.06,4.07
2022-04-01,1760,30,1443680470,84.43,1.46,4.57
2022-04-01,2002,31,1417749977,9.63,7.91,1.71
2022-04-01,3006,32,1394149861,8.72,5.03,3.41
2022-04-01,2409,33,1382527055,3.07,5.08,0.81
2022-04-01,3017,34,1343606710,13.95,3.76,3.26
2022-04-01,3661,35,1340965975,52.68,0.95,7.58
2022-04-01,2345,36,1329273258,27.25,2.61,8.25
2022-04-01,2308,37,1313312362,26.02,2.05,4.51
2022-04-01,6415,38,1249858420,54.55,0.54,13.18
2022-04-01,8046,39,1244089576,32.13,1.9,8.4
2022-04-01,3008,40,1223039475,13.3,3.77,1.75
2022-04-01,0050,41,1123614950,,,
2022-04-01,2351,42,1112426120,33.97,1.89,4.68
2022-04-01,3711,43,1078912253,6.94,4.05,1.7
2022-04-01,5269,44,1073196010,41.19,1.37,8.08
2022-04-01,2882,45,1057273144,6.85,3.85,1.06
2022-04-01,2412,46,1035194315,27.55,3.63,2.6
2022-04-01,2497,47,1019520017,128.4,0.0,8.86
2022-04-01,2642,48,982196136,32.26,2.58,2.82
2022-04-01,2883,49,954246582,10.16,2.85,1.22
2022-04-01,4739,50,943835438,37.21,1.84,3.65
2022-04-01,3034,51,914417743,6.69,3.65,3.69
2022-04-01,2313,52,910857832,11.24,3.72,1.78
2022-04-01,2607,53,896039716,37.6,1.06,1.45
2022-04-01,2886,54,878900055,22.8,3.67,1.78
2022-04-01,6781,55,868301995,45.6,1.15,10.76
2022-04-01,6669,56,854019936,20.02,3.23,6.32
2022-04-01,9958,57,851232693,21.23,2.58,3.66
2022-04-01,1609,58,823443700,13.12,2.41,1.89
2022-04-01,4968,59,817166957,36.69,1.81,7.12
2022-04-01,1301,60,816146472,9.55,7.66,1.69
2022-04-01,2887,61,804096288,12.41,4.9,1.27
2022-04-01,2327,62,794825307,9.15,2.35,2.64
2022-04-01,2834,63,788134135,19.62,3.63,0.99
2022-04-01,6531,64,779674633,23.52,1.87,9.94
2022-04-01,2376,65,770203687,6.21,9.2,2.21
2022-04-01,5871,66,755401101,18.71,2.57,3.69
2022-04-01,6443,67,745996515,410.5,0.0,3.57
2022-04-01,2408,68,722682338,9.38,5.35,1.24
2022-04-01,1513,69,707595440,12.89,5.19,2.21
2022-04-01,2884,70,690245015,21.43,4.06,2.27
2022-04-01,9919,71,671554893,52.8,1.14,1.95
2022-04-01,2357,72,668505459,6.23,11.24,1.19
2022-04-01,3481,73,655448774,3.07,2.39,0.58
2022-04-01,2371,74,634855114,23.09,0.0,2.22
2022-04-01,1727,75,628027972,27.04,1.03,3.69
2022-04-01,3443,76,626690167,46.61,1.38,12.93
2022-04-01,1216,77,616298614,18.89,4.08,3.22
2022-04-01,1303,78,604539150,9.12,8.02,1.79
2022-04-01,1476,79,604169516,26.04,2.46,6.34
2022-04-01,6770,80,591229894,11.43,3.52,2.76
2022-04-01,4927,81,574258208,14.28,2.9,2.66
2022-04-01,4133,82,571334153,102.34,0.96,2.4
2022-04-01,1590,83,564163620,28.69,1.44,5.26
2022-04-01,3016,84,558113162,86.57,1.03,7.16
2022-04-01,3653,85,554721334,42.84,1.67,7.24
2022-04-01,2885,86,550852742,9.27,6.77,1.2
2022-04-01,3515,87,548368507,10.61,6.33,3.05
2022-04-01,6235,88,532816914,40.26,0.78,2.68
2022-04-01,2337,89,504742295,6.26,4.46,1.6
2022-04-01,2031,90,498185353,8.21,5.76,2.05
2022-04-01,1101,91,493504834,15.5,6.77,1.54
2022-04-01,2498,92,487909405,,0.0,1.82
2022-04-01,2395,93,487411883,35.16,2.14,7.66
2022-04-01,2014,94,484767293,10.53,6.02,2.96
2022-04-01,3708,95,482279619,55.25,1.36,1.89
2022-04-01,1722,96,476831897,23.77,3.8,1.37
2022-04-01,3645,97,472784621,26.1,1.99,2.72
2022-04-01,2890,98,465638740,12.99,4.81,1.3
2022-04-01,3092,99,465427387,282.0,1.96,3.37
2022-04-01,5388,100,453176773,23.78,2.96,2.48
2022-04-01,6271,101,448978029,18.68,3.11,2.25
2022-04-01,2912,102,445397413,30.87,3.42,8.0
2022-04-01,2006,103,434490587,8.59,9.21,1.72
2022-04-01,2457,104,433005673,,0.0,2.96
2022-04-01,4958,105,420974010,10.63,4.61,1.22
2022-04-01,2027,106,413852971,9.05,3.84,1.79
2022-04-01,2312,107,410018708,1660.0,1.2,1.51
2022-04-01,6719,108,408413472,39.9,1.19,15.3
2022-04-01,2892,109,404661514,18.75,3.51,1.65
2022-04-01,9914,110,399279252,16.53,3.11,4.33
2022-04-01,3406,111,393978462,21.98,1.78,2.95
2022-04-01,8454,112,388685776,52.05,1.28,19.5
2022-04-01,5706,113,388575782,57.69,2.96,3.29
2022-04-01,5880,114,387735394,19.64,4.38,1.71
2022-04-01,4938,115,387004593,9.42,6.9,1.16
2022-04-01,2377,116,385218327,6.49,8.08,2.33
2022-04-01,0056,117,381685177,,,
2022-04-01,6477,118,378038148,53.48,0.85,2.55
2022-04-01,9921,119,370270799,16.54,3.82,3.57
2022-04-01,3665,120,367888470,20.22,3.05,2.72
2022-04-01,2542,121,364995346,7.5,4.38,1.51
2022-04-01,3714,122,361976078,22.32,2.81,0.93
2022-04-01,6706,123,360148218,14.11,5.18,3.51
2022-04-01,9802,124,354785458,19.72,3.36,2.59
2022-04-01,2915,125,332216009,5.22,4.29,0.76
2022-04-01,4906,126,327850461,18.2,4.5,1.06
2022-04-01,2049,127,322115403,23.21,1.87,2.71
2022-04-01,2515,128,321959736,5.91,5.12,0.69
2022-04-01,2637,129,321896719,7.92,6.29,1.86
2022-04-01,1325,130,313440292,13.9,4.42,1.31
2022-04-01,3701,131,310797031,59.33,0.0,5.42
2022-04-01,2353,132,310093384,8.17,7.69,1.4
2022-04-01,6243,133,304267988,38.9,2.27,3.11
2022-04-01,2401,134,303373621,18.56,5.36,2.17
2022-04-01,1529,135,302967540,29.87,2.2,1.9
2022-04-01,9945,136,302004916,10.22,6.32,1.42
2022-04-01,8016,137,296551971,5.87,10.87,3.0
2022-04-01,2324,138,295050964,9.28,7.43,1.05
2022-04-01,2611,139,288255894,14.26,8.25,1.37
2022-04-01,1326,140,285969341,12.04,6.08,1.18
2022-04-01,6251,141,274378994,14.82,2.79,1.26
2022-04-01,1312,142,273054878,4.25,7.41,0.7
2022-04-01,1102,143,270522970,11.29,7.08,1.08
2022-04-01,4904,144,269255643,26.11,4.45,3.66
2022-04-01,4952,145,265103980,12.91,6.91,3.4
2022-04-01,2801,146,263430009,22.86,3.13,1.17
2022-04-01,3533,147,263349828,21.79,2.24,4.49
2022-04-01,6533,148,260274042,129.47,0.69,4.38
2022-04-01,2897,149,259008352,16.97,2.9,0.86
2022-04-01,1712,150,257075337,15.73,5.22,1.94
2022-07-01,2330,1,33459624760,17.83,2.43,5.08
2022-07-01,2603,2,15557604867,1.39,22.56,0.97
2022-07-01,2609,3,7533126646,1.35,25.71,0.92
2022-07-01,3037,4,7431097037,12.9,2.33,3.21
2022-07-01,3035,5,6762734084,25.83,1.92,5.27
2022-07-01,2317,6,6758749961,10.45,4.91,1.06
2022-07-01,2454,7,6562692799,8.18,11.93,2.14
2022-07-01,2498,8,6497657003,,0.0,1.52
2022-07-01,2303,9,5322506465,7.29,7.88,1.57
2022-07-01,3661,10,4860277026,29.37,1.74,4.04
2022-07-01,2618,11,4752002114,12.93,2.02,1.82
2022-07-01,0050,12,4168809309,,,
2022-07-01,2615,13,3996354087,2.1,10.81,1.43
2022-07-01,4919,14,3641509478,13.27,4.08,3.54
2022-07-01,1513,15,3289217924,13.6,5.05,2.12
2022-07-01,5871,16,3255397779,12.68,3.44,2.54
2022-07-01,1560,17,2957714690,23.3,2.04,3.85
2022-07-01,1760,18,2862900894,61.93,1.23,5.64
2022-07-01,3034,19,2846062010,3.98,17.85,2.17
2022-07-01,8046,20,2788198331,12.24,4.1,3.52
2022-07-01,1795,21,2748329515,26.69,1.35,3.23
2022-07-01,2882,22,2710916007,6.28,7.04,0.97
2022-07-01,2368,23,2494659239,11.79,3.21,2.98
2022-07-01,2412,24,2477834660,26.72,3.72,2.48
2022-07-01,3443,25,2437736944,34.65,1.59,10.09
2022-07-01,3189,26,2372730720,11.42,3.46,2.04
2022-07-01,2327,27,2207741453,6.3,3.58,1.45
2022-07-01,0056,28,2012793082,,,
2022-07-01,2881,29,1907547001,5.56,6.0,0.91
2022-07-01,2891,30,1904291939,9.69,5.08,1.17
2022-07-01,2610,31,1889475596,9.78,3.77,1.71
2022-07-01,2308,32,1885304310,21.89,2.48,3.45
2022-07-01,1605,33,1782263219,7.17,4.61,1.08
2022-07-01,2376,34,1772479757,3.79,14.72,1.28
2022-07-01,3532,35,1755942117,30.48,1.35,2.91
2022-07-01,3533,36,1699124061,16.09,2.62,3.45
2022-07-01,1301,37,1675723044,9.42,7.59,1.61
2022-07-01,6235,38,1609388441,31.48,0.72,2.81
2022-07-01,3006,39,1530323265,3.82,10.8,1.48
2022-07-01,3008,40,1521645045,11.95,4.15,1.58
2022-07-01,3711,41,1510814362,4.68,9.4,1.29
2022-07-01,6531,42,1502078748,13.92,3.12,3.25
2022-07-01,3481,43,1402768847,2.56,9.05,0.4
2022-07-01,2883,44,1278505086,7.57,6.99,1.01
2022-07-01,2409,45,1263441307,2.64,6.64,0.63
2022-07-01,2357,46,1234675851,5.09,13.57,0.94
2022-07-01,1303,47,1224385169,8.34,9.07,1.5
2022-07-01,2344,48,1200446350,4.82,4.99,0.97
2022-07-01,2634,49,1192270201,29.86,1.08,2.1
2022-07-01,8261,50,1162798513,10.1,5.85,3.36
2022-07-01,3017,51,1149053601,9.89,4.95,2.52
2022-07-01,2408,52,1136609383,5.6,7.66,0.83
2022-07-01,3653,53,1123424367,26.74,2.22,5.65
2022-07-01,6781,54,1118795169,30.46,1.64,6.88
2022-07-01,6415,55,1109078775,33.73,0.8,8.56
2022-07-01,6770,56,1098233297,8.45,4.83,1.95
2022-07-01,8478,57,1098071209,12.03,2.97,4.22
2022-07-01,6477,58,1082509690,43.36,0.96,2.17
2022-07-01,1101,59,1074167078,14.06,4.96,1.19
2022-07-01,2637,60,1045011531,4.6,8.9,1.16
2022-07-01,9802,61,1030844760,20.9,2.68,3.13
2022-07-01,2388,62,1013358616,10.95,2.09,1.92
2022-07-01,2002,63,1012042910,6.87,10.8,1.21
2022-07-01,2884,64,987391717,19.8,4.6,1.98
2022-07-01,6789,65,982129156,40.92,0.62,9.38
2022-07-01,2345,66,974305090,24.63,2.79,7.05
2022-07-01,4958,67,956195567,8.56,5.22,1.06
2022-07-01,2049,68,953572314,17.8,1.97,2.58
2022-07-01,3406,69,948403316,16.47,2.34,2.26
2022-07-01,6278,70,929458215,5.25,7.37,1.35
2022-07-01,2482,71,899993326,17.5,0.0,1.81
2022-07-01,6669,72,892772036,12.47,3.77,3.87
2022-07-01,6719,73,882596523,29.25,1.8,3.79
2022-07-01,2377,74,876644305,5.06,10.0,2.05
2022-07-01,5269,75,871815715,21.53,2.51,4.55
2022-07-01,6206,76,840546193,14.57,4.5,2.7
2022-07-01,1216,77,829660381,20.64,3.98,3.1
2022-07-01,8114,78,829150031,14.1,3.67,2.83
2022-07-01,5258,79,828046475,13.25,1.13,2.66
2022-07-01,8464,80,827153910,14.54,4.0,4.13
2022-07-01,2379,81,823798597,9.37,7.78,3.83
2022-07-01,9945,82,804900587,10.56,9.96,2.07
2022-07-01,2201,83,786362820,8.12,3.38,0.79
2022-07-01,3708,84,781251071,56.37,1.24,1.9
2022-07-01,1319,85,770151490,37.28,1.82,1.24
2022-07-01,3045,86,754682334,28.24,3.94,4.51
2022-07-01,2371,87,742847126,16.81,0.0,1.96
2022-07-01,8028,88,708117832,29.7,1.35,3.23
2022-07-01,1504,89,678770635,14.38,4.65,0.81
2022-07-01,9958,90,673699503,18.66,2.75,3.63
2022-07-01,2313,91,661791831,8.02,4.39,1.49
2022-07-01,4961,92,661403842,3.61,13.33,1.36
2022-07-01,3596,93,632576172,13.74,6.21,1.99
2022-07-01,2888,94,630021360,7.39,4.71,0.5
2022-07-01,2886,95,629731394,18.75,4.68,1.46
2022-07-01,2892,96,622406156,16.97,4.65,1.45
2022-07-01,3545,97,621917841,2.96,19.18,1.21
2022-07-01,4739,98,606165768,23.17,2.49,2.58
2022-07-01,1609,99,575672340,13.31,3.78,1.59
2022-07-01,9921,100,567653291,13.7,4.52,2.77
2022-07-01,2337,101,567121503,4.31,5.54,1.21
2022-07-01,4938,102,563466855,8.69,8.76,0.95
2022-07-01,4915,103,561301178,11.71,5.14,1.79
2022-07-01,4904,104,551492099,28.89,3.8,4.17
2022-07-01,2382,105,544164506,9.18,8.32,1.8
2022-07-01,2885,106,533061615,7.51,9.18,0.89
2022-07-01,6271,107,530204418,10.52,4.79,1.4
2022-07-01,2834,108,526803407,14.3,4.16,0.85
2022-07-01,6443,109,526188048,190.0,0.0,2.62
2022-07-01,2324,110,524973134,8.03,8.93,0.91
2022-07-01,2340,111,523743653,24.33,7.52,1.77
2022-07-01,8454,112,519367983,35.16,2.18,12.18
2022-07-01,2481,113,514895823,9.85,5.18,1.77
2022-07-01,2338,114,511242602,23.76,2.99,2.94
2022-07-01,4968,115,507215233,59.38,2.46,5.24
2022-07-01,2027,116,507154173,4.68,5.74,1.05
2022-07-01,1476,117,496871049,19.94,2.96,4.81
2022-07-01,2351,118,492074444,23.31,2.55,3.3
2022-07-01,6550,119,490919221,,0.0,11.29
2022-07-01,1590,120,486529301,28.78,1.39,5.45
2022-07-01,2915,121,483684847,3.93,6.8,0.88
2022-07-01,2353,122,473281791,6.05,10.88,1.03
2022-07-01,2492,123,465342278,5.87,5.44,0.87
2022-07-01,3665,124,457923626,19.44,3.25,2.42
2022-07-01,1102,125,447713042,10.89,7.69,0.95
2022-07-01,4755,126,435355824,16.41,3.41,3.5
2022-07-01,8016,127,431298091,3.39,17.02,2.42
2022-07-01,3231,128,424683540,7.89,8.35,0.88
2022-07-01,3714,129,421906880,10.14,4.21,0.63
2022-07-01,1524,130,408595519,29.92,1.67,1.31
2022-07-01,9941,131,404597328,17.19,3.55,3.99
2022-07-01,2354,132,400954982,15.31,3.62,0.64
2022-07-01,2497,133,397356363,51.63,0.0,5.32
2022-07-01,6202,134,385987414,8.02,10.36,2.9
2022-07-01,1326,135,379260394,13.67,6.51,1.07
2022-07-01,2887,136,375962118,10.88,6.88,0.97
2022-07-01,2301,137,373574824,11.11,7.89,1.82
2022-07-01,5876,138,372803131,16.4,3.46,1.47
2022-07-01,6414,139,370159639,14.86,3.44,1.73
2022-07-01,2890,140,366426886,11.56,5.41,1.15
2022-07-01,3062,141,360425281,,0.19,1.58
2022-07-01,2542,142,341112155,10.17,11.83,1.4
2022-07-01,2449,143,340297015,8.34,7.53,1.36
2022-07-01,2395,144,339671109,30.18,2.3,7.63
2022-07-01,6533,145,338853914,46.47,1.2,2.52
2022-07-01,2636,146,331611738,2.57,16.09,1.02
2022-07-01,6505,147,326190328,19.62,4.09,2.39
2022-07-01,2606,148,324303702,6.1,7.71,1.13
2022-07-01,2383,149,321924104,9.87,5.76,2.67
2022-07-01,2312,150,321740089,66.11,1.68,1.02
2022-10-03,2330,1,16068149231,14.18,2.64,4.33
2022-10-03,2603,2,10333283314,2.17,12.04,1.75
2022-10-03,6550,3,6648274223,,0.0,9.89
2022-10-03,3035,4,5219100922,15.76,2.44,4.54
2022-10-03,3661,5,4810155647,38.52,1.32,5.38
2022-10-03,2609,6,4739787811,1.0,31.5,0.79
2022-10-03,8478,7,3422330515,17.81,1.8,6.52
2022-10-03,3443,8,3215419716,33.77,1.24,13.39
2022-10-03,3037,9,2958467887,7.57,2.89,2.49
2022-10-03,2388,10,2710887015,15.03,1.33,3.0
2022-10-03,1605,11,2629209945,7.19,4.13,1.26
2022-10-03,2615,12,2488621947,1.22,17.07,0.86
2022-10-03,1795,13,2268494080,30.06,1.23,3.63
2022-10-03,2317,14,2143649886,9.71,5.15,1.01
2022-10-03,2368,15,2075002807,13.08,2.35,4.04
2022-10-03,2303,16,2054944118,5.92,8.49,1.56
2022-10-03,2412,17,1901382771,23.57,4.13,2.39
2022-10-03,8046,18,1876162533,7.9,5.31,2.84
2022-10-03,6533,19,1872930860,72.23,0.74,4.04
2022-10-03,2454,20,1795428707,6.86,13.32,2.24
2022-10-03,2618,21,1536579622,10.81,2.11,1.72
2022-10-03,2498,22,1448453576,,0.0,1.67
2022-10-03,1760,23,1377139514,45.47,1.11,5.76
2022-10-03,3406,24,1313702539,14.48,2.39,2.19
2022-10-03,2610,25,1271614219,8.29,4.22,1.65
2022-10-03,3711,26,1262411947,4.47,9.08,1.26
2022-10-03,0050,27,1228448047,,,
2022-10-03,2327,28,1204535407,6.32,3.59,1.35
2022-10-03,2882,29,1048703661,5.89,8.97,1.3
2022-10-03,2891,30,964785292,8.76,6.35,1.14
2022-10-03,3008,31,946995335,10.46,4.29,1.48
2022-10-03,0056,32,940521518,,,
2022-10-03,4919,33,928823533,10.51,4.65,2.95
2022-10-03,2881,34,873767513,5.19,7.16,1.05
2022-10-03,6719,35,835465905,12.6,3.06,2.27
2022-10-03,1101,36,832590167,19.68,5.94,1.06
2022-10-03,6781,37,826601064,18.75,2.44,4.77
2022-10-03,3025,38,821955309,19.85,1.53,2.26
2022-10-03,3189,39,810914185,6.68,4.77,1.39
2022-10-03,2886,40,809254727,19.65,5.38,1.41
2022-10-03,2884,41,778697132,19.5,5.29,1.84
2022-10-03,2379,42,769073389,7.13,10.04,3.57
2022-10-03,3454,43,715932716,38.97,1.09,3.66
2022-10-03,3034,44,704668821,3.09,23.68,2.31
2022-10-03,2308,45,699691067,24.88,2.18,4.02
2022-10-03,2345,46,650692231,24.86,2.25,9.52
2022-10-03,6669,47,639389942,13.34,3.11,4.72
2022-10-03,8996,48,600997249,51.44,1.4,5.17
2022-10-03,2408,49,599414907,5.43,7.78,0.83
2022-10-03,3653,50,568600639,25.68,1.82,6.38
2022-10-03,2637,51,567583264,3.16,10.2,0.94
2022-10-03,3533,52,565583877,16.31,2.15,4.22
2022-10-03,6531,53,549488094,10.3,3.92,2.43
2022-10-03,3046,54,544785107,20.14,0.0,5.73
2022-10-03,3017,55,538480925,11.2,3.98,2.91
2022-10-03,5388,56,538450839,15.44,2.94,2.32
2022-10-03,6415,57,528723453,23.43,1.06,5.88
2022-10-03,6770,58,523795155,4.27,6.35,1.35
2022-10-03,2892,59,519868922,17.45,4.68,1.56
2022-10-03,2351,60,504817107,21.21,2.64,3.33
2022-10-03,2364,61,495752549,49.53,0.96,8.58
2022-10-03,2382,62,493599286,9.74,8.89,1.91
2022-10-03,4958,63,482215924,7.78,4.88,1.11
2022-10-03,2497,64,473870954,38.49,0.0,6.04
2022-10-03,5269,65,473399099,14.06,3.91,3.05
2022-10-03,2377,66,460464936,5.51,9.95,1.93
2022-10-03,2383,67,454520698,9.37,6.25,2.75
2022-10-03,1301,68,451633974,7.44,9.48,1.47
2022-10-03,4915,69,445054239,11.34,5.09,1.89
2022-10-03,9802,70,439957789,12.91,2.73,2.7
2022-10-03,2367,71,435417722,,0.0,1.25
2022-10-03,2002,72,432241577,6.94,11.72,1.25
2022-10-03,1476,73,430400797,17.56,3.08,4.85
2022-10-03,1736,74,430205159,,0.65,2.88
2022-10-03,2357,75,424297536,4.87,17.95,0.83
2022-10-03,5880,76,410519698,17.6,5.06,1.7
2022-10-03,6153,77,409165333,,0.0,1.05
2022-10-03,6443,78,402294030,86.1,0.0,3.02
2022-10-03,1590,79,380996818,22.23,1.85,3.96
2022-10-03,1529,80,368445325,35.9,4.11,1.82
2022-10-03,1303,81,368188056,7.67,11.08,1.39
2022-10-03,2358,82,363495168,12.54,1.87,1.11
2022-10-03,2883,83,362789018,6.86,8.47,1.17
2022-10-03,2834,84,358896147,14.43,3.75,0.98
2022-10-03,4904,85,358369591,22.71,4.68,3.85
2022-10-03,1216,86,358053247,20.75,4.07,3.32
2022-10-03,2027,87,353261562,4.31,4.99,1.15
2022-10-03,1477,88,352884655,14.36,5.19,3.33
2022-10-03,3045,89,352879600,24.45,4.5,4.61
2022-10-03,9945,90,346432126,6.73,14.04,3.73
2022-10-03,2338,91,337049018,38.03,3.7,3.51
2022-10-03,2707,92,330310090,11.03,6.7,6.39
2022-10-03,5871,93,330239495,11.87,3.63,2.58
2022-10-03,8454,94,328954121,30.16,2.58,12.25
2022-10-03,1560,95,326252057,15.99,2.3,3.43
2022-10-03,3532,96,314770262,17.44,1.6,2.42
2022-10-03,2395,97,313534622,24.07,2.69,6.18
2022-10-03,2890,98,307800394,11.95,5.34,1.28
2022-10-03,6491,99,304761498,18.2,2.28,4.66
2022-10-03,2474,100,302063803,11.02,6.04,0.78
2022-10-03,2301,101,293795365,12.39,7.12,1.91
2022-10-03,1536,102,291862609,61.63,1.51,3.0
2022-10-03,3027,103,281906987,65.13,0.0,1.62
2022-10-03,2059,104,279631889,14.06,2.33,3.3
2022-10-03,2376,105,275088312,4.95,13.57,1.68
2022-10-03,3665,106,271766099,14.48,3.43,2.21
2022-10-03,2912,107,271046732,32.79,3.17,9.64
2022-10-03,2313,108,270968168,7.62,4.07,1.55
2022-10-03,2888,109,266043929,10.64,4.94,0.62
2022-10-03,2885,110,263204812,8.77,9.33,0.97
2022-10-03,2731,111,263063219,,0.0,5.84
2022-10-03,1802,112,259061627,6.31,9.95,1.04
2022-10-03,2353,113,258951997,7.12,10.43,1.05
2022-10-03,2887,114,253359436,13.87,8.18,0.88
2022-10-03,6271,115,251027080,8.4,5.37,1.28
2022-10-03,4968,116,244330782,,3.48,4.16
2022-10-03,3702,117,242417371,7.04,7.63,1.15
2022-10-03,4938,118,237535081,10.02,8.7,0.92
2022-10-03,2607,119,237529818,12.24,1.29,1.16
2022-10-03,2880,120,236335077,18.22,5.08,1.63
2022-10-03,8261,121,235760732,12.47,5.74,2.35
2022-10-03,2324,122,235392172,7.97,9.32,0.84
2022-10-03,2753,123,235050099,21.12,3.51,3.99
2022-10-03,2542,124,223661044,15.51,12.57,1.43
2022-10-03,2449,125,214766199,5.33,9.82,1.13
2022-10-03,5258,126,213461060,11.35,1.04,2.75
2022-10-03,1102,127,209827214,9.63,8.72,0.89
2022-10-03,2105,128,208677747,25.93,3.43,1.4
2022-10-03,6285,129,206725542,21.3,2.56,1.88
2022-10-03,6505,130,206407584,15.99,4.67,2.28
2022-10-03,1513,131,204450392,12.14,4.98,2.29
2022-10-03,6205,132,203654886,25.42,2.55,2.76
2022-10-03,3231,133,197597371,7.94,8.22,0.89
2022-10-03,4961,134,196575811,3.2,17.75,1.19
2022-10-03,6239,135,196104033,5.79,8.88,1.19
2022-10-03,3006,136,195085849,3.59,12.33,1.44
2022-10-03,1326,137,193975255,15.82,6.98,1.1
2022-10-03,1319,138,193856730,20.44,1.75,1.28
2022-10-03,1402,139,189255241,18.48,4.67,0.83
2022-10-03,2356,140,187078182,11.24,6.17,1.45
2022-10-03,9910,141,185664564,23.64,2.61,6.84
2022-10-03,6456,142,184705189,6.76,6.29,0.85
2022-10-03,2206,143,182267581,12.01,3.48,1.8
2022-10-03,3504,144,181253813,83.63,0.0,2.95
2022-10-03,6409,145,176053300,39.25,1.69,21.87
2022-10-03,9904,146,174647439,5.77,5.41,1.23
2022-10-03,2347,147,174319156,5.45,9.38,1.47
2022-10-03,2360,148,171547956,18.74,3.95,3.98
2022-10-03,5203,149,166906119,,1.94,2.48
2022-10-03,8016,150,165430342,3.19,19.45,1.91
2023-01-03,2330,1,6871973708,13.25,2.43,4.29
2023-01-03,3661,2,5264554386,36.63,1.33,4.81
2023-01-03,2317,3,4674470643,9.41,5.25,0.95
2023-01-03,8996,4,4496482624,75.0,0.78,8.82
2023-01-03,3443,5,4262102457,31.84,1.02,13.64
2023-01-03,1513,6,4118405811,14.8,3.88,2.78
2023-01-03,3034,7,3858609275,5.84,15.4,3.32
2023-01-03,2603,8,3820730738,0.88,11.25,0.63
2023-01-03,1605,9,3546814012,7.49,3.41,1.4
2023-01-03,1795,10,3303666707,21.14,0.77,4.88
2023-01-03,2454,11,2862420546,7.9,11.34,2.41
2023-01-03,3454,12,2748226203,33.69,0.68,5.42
2023-01-03,2609,13,2250937549,1.02,30.96,0.68
2023-01-03,1760,14,2140747616,55.02,0.85,7.15
2023-01-03,6533,15,1803566655,50.98,0.55,5.16
2023-01-03,3035,16,1766413234,15.17,2.24,4.61
2023-01-03,2615,17,1736276922,1.75,15.15,0.95
2023-01-03,0050,18,1673263794,,,
2023-01-03,3515,19,1625762023,10.54,8.72,2.2
2023-01-03,1342,20,1622513911,20.0,2.34,4.98
2023-01-03,2882,21,1579910566,8.17,8.76,1.99
2023-01-03,2498,22,1491122752,,0.0,1.79
2023-01-03,8046,23,1466305807,8.45,4.29,3.1
2023-01-03,2303,24,1429088126,6.14,7.25,1.64
2023-01-03,3037,25,1391074626,6.62,2.79,2.29
2023-01-03,4763,26,1353389236,13.15,2.49,4.61
2023-01-03,2308,27,1318858764,23.91,1.93,4.08
2023-01-03,1519,28,1301451548,25.81,1.91,3.76
2023-01-03,4961,29,1259475033,5.56,13.82,1.33
2023-01-03,2376,30,1180641220,7.91,10.81,2.04
2023-01-03,2201,31,1134026392,,2.37,1.23
2023-01-03,1752,32,1092584774,25.42,2.95,2.74
2023-01-03,2618,33,1006348361,11.13,2.1,1.79
2023-01-03,6806,34,935317375,74.1,2.21,1.91
2023-01-03,9802,35,923013792,8.15,3.04,2.1
2023-01-03,2412,36,835471675,23.89,4.08,2.36
2023-01-03,8478,37,822481230,16.69,1.64,6.06
2023-01-03,3008,38,816093472,11.67,3.38,1.84
2023-01-03,3592,39,806344410,5.29,13.82,1.98
2023-01-03,2327,40,798582129,8.33,2.17,1.62
2023-01-03,2002,41,785733425,11.46,10.25,1.41
2023-01-03,1701,42,739346212,17.77,2.86,1.3
2023-01-03,2388,43,719328480,11.31,1.45,2.59
2023-01-03,3545,44,688892264,,25.3,1.53
2023-01-03,3711,45,684130154,5.25,7.4,1.41
2023-01-03,3406,46,642371866,11.74,2.29,2.06
2023-01-03,1477,47,627213225,16.0,4.21,3.72
2023-01-03,6415,48,608055848,26.49,0.99,5.74
2023-01-03,2382,49,601942254,9.5,9.15,1.7
2023-01-03,2338,50,593569061,61.62,2.29,4.75
2023-01-03,2707,51,570360077,34.54,5.09,7.63
2023-01-03,5269,52,566196021,16.44,3.64,3.18
2023-01-03,5871,53,556807177,14.08,3.0,2.76
2023-01-03,1301,54,556804419,9.17,9.43,1.5
2023-01-03,1590,55,538112678,29.64,1.43,4.89
2023-01-03,2211,56,525194562,9.02,5.84,1.03
2023-01-03,2610,57,512072772,9.95,4.39,1.63
2023-01-03,3708,58,511339539,10.87,1.44,1.47
2023-01-03,2368,59,497853567,9.76,2.47,3.23
2023-01-03,2409,60,483330386,,6.47,0.6
2023-01-03,4977,61,480713404,25.3,3.1,2.81
2023-01-03,3533,62,475735806,15.11,1.93,4.16
2023-01-03,2723,63,460073877,49.32,3.42,2.4
2023-01-03,3481,64,455928043,,9.38,0.4
2023-01-03,2892,65,446768606,17.65,4.56,1.6
2023-01-03,2379,66,444333070,7.94,9.34,3.18
2023-01-03,6491,67,441948124,19.52,2.05,4.84
2023-01-03,2465,68,434562192,,4.78,4.07
2023-01-03,6515,69,432912116,15.19,2.68,4.31
2023-01-03,2881,70,425948872,8.05,6.21,1.43
2023-01-03,8016,71,420468687,4.42,17.25,2.01
2023-01-03,3189,72,416592824,6.71,4.25,1.45
2023-01-03,6770,73,416173946,4.93,5.66,1.38
2023-01-03,6443,74,412339683,54.23,0.0,2.79
2023-01-03,1720,75,412224308,13.05,4.21,2.34
2023-01-03,1216,76,410732304,21.01,4.05,3.09
2023-01-03,2753,77,408861562,23.45,2.86,4.82
2023-01-03,3027,78,404324330,83.57,0.0,2.2
2023-01-03,4770,79,400693605,16.63,2.44,4.14
2023-01-03,2634,80,393753885,21.33,0.99,2.15
2023-01-03,2408,81,393042779,7.39,6.98,0.89
2023-01-03,1101,82,390507579,27.92,5.97,1.15
2023-01-03,2891,83,383875152,11.08,5.64,1.34
2023-01-03,6414,84,382363721,11.95,3.3,1.65
2023-01-03,2345,85,374326358,18.38,2.48,7.43
2023-01-03,0056,86,372787005,,,
2023-01-03,6531,87,367265115,11.62,3.45,2.58
2023-01-03,1476,88,344798800,18.17,2.48,5.39
2023-01-03,4958,89,339115425,7.04,4.67,1.08
2023-01-03,2637,90,336373546,3.71,8.79,0.95
2023-01-03,4919,91,336350104,10.78,4.24,3.01
2023-01-03,4746,92,333450350,,2.82,1.18
2023-01-03,1303,93,326528572,11.36,10.43,1.48
2023-01-03,2885,94,310697613,10.36,8.31,1.09
2023-01-03,8454,95,301443798,43.24,2.12,16.34
2023-01-03,6781,96,299588005,18.07,2.28,4.61
2023-01-03,3653,97,298021351,22.63,1.86,6.08
2023-01-03,2886,98,297429748,21.63,5.41,1.45
2023-01-03,9958,99,289151931,30.4,3.29,2.95
2023-01-03,2606,100,285077019,7.12,6.32,1.19
2023-01-03,2357,101,284470109,6.56,15.56,0.93
2023-01-03,2890,102,284002573,11.53,5.42,1.28
2023-01-03,6669,103,281715289,11.03,3.09,4.0
2023-01-03,2014,104,273534153,40.45,10.33,2.23
2023-01-03,1514,105,266721139,15.1,4.1,1.96
2023-01-03,2027,106,260843196,5.33,4.46,1.19
2023-01-03,2383,107,260000449,11.29,5.67,2.81
2023-01-03,6271,108,257113791,10.4,4.53,1.46
2023-01-03,3704,109,254224344,10.12,1.47,1.46
2023-01-03,1319,110,253479375,12.72,1.98,1.09
2023-01-03,9904,111,242564337,5.7,4.48,1.36
2023-01-03,9945,112,242191591,5.73,16.07,4.35
2023-01-03,2884,113,242008060,21.05,5.58,1.85
2023-01-03,2880,114,241476247,18.31,4.93,1.74
2023-01-03,2313,115,240652018,6.9,3.95,1.48
2023-01-03,3231,116,226053001,6.67,7.53,0.88
2023-01-03,2727,117,225723562,47.41,0.0,4.13
2023-01-03,2324,118,224345954,10.74,8.62,0.86
2023-01-03,2301,119,223536742,11.46,7.01,1.86
2023-01-03,1609,120,223277380,13.45,4.56,1.4
2023-01-03,1560,121,217388589,12.12,2.59,2.83
2023-01-03,8341,122,214951973,20.19,4.6,6.32
2023-01-03,1536,123,212638262,33.84,2.04,2.13
2023-01-03,2377,124,206913453,7.78,8.57,2.16
2023-01-03,1529,125,206136648,53.25,4.23,1.88
2023-01-03,2474,126,203015825,8.71,5.99,0.72
2023-01-03,1810,127,200786143,21.38,1.08,0.89
2023-01-03,2912,128,198279798,29.18,3.33,8.13
2023-01-03,9921,129,197846326,11.15,5.0,2.49
2023-01-03,6409,130,197105685,33.71,1.56,18.42
2023-01-03,2425,131,196759083,7.82,1.95,1.47
2023-01-03,6196,132,195056172,10.66,3.74,2.62
2023-01-03,4968,133,193750105,153.38,3.08,4.17
2023-01-03,9910,134,192099759,20.0,2.01,7.45
2023-01-03,1326,135,189634115,22.38,6.81,1.21
2023-01-03,2883,136,185613541,9.44,7.91,1.39
2023-01-03,6235,137,184978059,22.76,0.82,2.32
2023-01-03,1707,138,181068154,17.46,3.63,2.73
2023-01-03,6782,139,180364581,27.53,1.34,11.39
2023-01-03,6550,140,175960884,,0.0,7.13
2023-01-03,1402,141,174077807,18.22,4.73,0.8
2023-01-03,2731,142,170340560,,0.0,6.95
2023-01-03,2834,143,170303633,12.62,3.62,1.05
2023-01-03,2347,144,165043472,6.04,8.46,1.43
2023-01-03,4938,145,164184422,9.49,7.85,0.93
2023-01-03,3045,146,159449463,24.4,4.51,4.38
2023-01-03,3006,147,157973872,5.91,11.87,1.47
2023-01-03,1102,148,157354232,9.35,8.37,0.89
2023-01-03,6719,149,154713089,13.0,3.11,2.15
2023-01-03,2371,150,152590239,7.07,0.0,1.64
2023-04-06,2330,1,14130223516,13.52,2.08,4.67
2023-04-06,2454,2,7072674882,10.14,10.09,2.72
2023-04-06,6235,3,6561142585,48.58,0.85,4.75
2023-04-06,1795,4,5389712978,23.37,1.28,5.09
2023-04-06,3443,5,5166621210,38.64,1.31,17.79
2023-04-06,2317,6,4091954496,10.14,5.12,0.99
2023-04-06,3034,7,3430824315,9.47,11.83,4.04
2023-04-06,3035,8,3107316463,20.34,2.49,5.81
2023-04-06,3037,9,2994073860,7.19,5.56,2.48
2023-04-06,3661,10,2895770270,47.45,1.06,6.7
2023-04-06,2345,11,2357835339,21.63,2.37,8.65
2023-04-06,8046,12,2340543947,9.13,6.56,3.3
2023-04-06,2603,13,2321544640,1.0,44.3,0.61
2023-04-06,2308,14,2268003733,23.41,3.34,4.1
2023-04-06,6669,15,2204096970,13.88,4.44,5.07
2023-04-06,1605,16,2180619892,9.52,3.64,1.49
2023-04-06,6531,17,2023090637,26.87,2.17,4.77
2023-04-06,5269,18,1984594245,29.82,1.78,5.1
2023-04-06,3231,19,1879661619,10.56,6.28,1.22
2023-04-06,2344,20,1822212742,7.88,3.91,1.08
2023-04-06,1760,21,1703198973,81.92,1.15,7.45
2023-04-06,2408,22,1581049472,14.07,3.21,1.14
2023-04-06,2376,23,1512803533,13.41,8.7,2.44
2023-04-06,6285,24,1455899698,13.1,4.95,2.01
2023-04-06,4968,25,1454113206,220.49,2.6,5.11
2023-04-06,2303,26,1443096236,7.58,6.82,1.97
2023-04-06,2609,27,1414498787,1.24,31.25,0.65
2023-04-06,3711,28,1257335889,7.78,7.82,1.6
2023-04-06,4967,29,1232281408,6930.0,1.44,2.37
2023-04-06,3017,30,1188931822,12.05,3.82,3.24
2023-04-06,2884,31,1143906054,23.14,2.36,1.84
2023-04-06,2412,32,1097898974,25.64,3.9,2.45
2023-04-06,1609,33,1075514131,21.57,3.55,1.72
2023-04-06,6533,34,1067745211,72.69,0.29,5.19
2023-04-06,1519,35,1056336264,22.87,3.41,4.63
2023-04-06,2457,36,1053448389,324.21,0.0,3.71
2023-04-06,1216,37,1048771085,24.04,4.34,3.28
2023-04-06,2382,38,1039445326,11.97,6.67,2.05
2023-04-06,2606,39,1026225653,10.71,5.38,1.44
2023-04-06,2727,40,1019416774,57.82,1.63,7.03
2023-04-06,6415,41,1008509887,29.83,0.95,5.86
2023-04-06,2482,42,993069250,22.54,2.34,4.31
2023-04-06,2356,43,992330975,19.82,4.42,2.04
2023-04-06,3008,44,991848315,12.68,3.98,1.85
2023-04-06,2368,45,985637111,10.02,3.72,3.2
2023-04-06,0050,46,975648621,,,
2023-04-06,1590,47,968550170,38.24,1.17,5.91
2023-04-06,4977,48,961649638,22.26,2.68,2.58
2023-04-06,6414,49,960925665,8.11,5.68,1.8
2023-04-06,1560,50,901514107,13.71,2.35,2.97
2023-04-06,2436,51,885017797,66.87,2.16,3.11
2023-04-06,4746,52,881034496,23.32,1.26,1.27
2023-04-06,2327,53,804587236,9.55,1.92,1.79
2023-04-06,2208,54,794802086,,0.0,2.26
2023-04-06,1342,55,794384825,21.66,3.42,5.4
2023-04-06,3481,56,792808900,,7.22,0.55
2023-04-06,2379,57,776365304,12.03,7.11,4.17
2023-04-06,3454,58,774523960,31.44,2.16,6.25
2023-04-06,1513,59,748938548,18.37,3.66,3.41
2023-04-06,3056,60,738265029,5.3,17.01,1.54
2023-04-06,8454,61,724674199,54.58,1.63,19.1
2023-04-06,1504,62,717019524,25.98,3.52,1.12
2023-04-06,4763,63,703162800,20.23,2.87,7.22
2023-04-06,2231,64,697576621,40.74,1.46,6.27
2023-04-06,5871,65,696606540,14.04,2.99,2.7
2023-04-06,2388,66,689900586,,1.17,3.27
2023-04-06,2882,67,686468130,18.18,8.33,1.14
2023-04-06,8028,68,673366905,29.25,1.28,3.18
2023-04-06,2498,69,671843956,,0.0,2.06
2023-04-06,8222,70,615850582,143.57,0.0,3.58
2023-04-06,3006,71,613713093,21.33,2.2,1.93
2023-04-06,0056,72,613517741,,,
2023-04-06,2484,73,612353368,7.89,5.78,1.48
2023-04-06,2891,74,612157035,13.91,5.76,1.18
2023-04-06,2201,75,604725367,,1.36,1.52
2023-04-06,3032,76,601761896,13.88,4.35,1.95
2023-04-06,2453,77,599124011,26.93,3.25,3.3
2023-04-06,3406,78,595069412,13.29,3.11,2.21
2023-04-06,2615,79,590357742,2.04,7.37,0.84
2023-04-06,2402,80,571788789,22.71,3.67,1.34
2023-04-06,2731,81,570065462,,0.0,9.77
2023-04-06,5222,82,564938449,49.46,1.65,6.15
2023-04-06,3665,83,544003788,11.05,3.73,1.89
2023-04-06,2409,84,542807548,,4.3,0.77
2023-04-06,2027,85,535745506,6.66,9.81,1.27
2023-04-06,1301,86,533477845,16.09,4.6,1.63
2023-04-06,2618,87,533213735,20.04,3.02,1.61
2023-04-06,3025,88,530461384,32.05,3.28,2.54
2023-04-06,2352,89,518232325,7.69,6.19,1.56
2023-04-06,3046,90,517446608,23.73,2.09,6.05
2023-04-06,2324,91,517306661,15.24,4.72,0.95
2023-04-06,6770,92,514629484,6.04,3.16,1.37
2023-04-06,2301,93,512144673,12.1,6.05,2.1
2023-04-06,4164,94,508067941,31.95,2.85,1.86
2023-04-06,3653,95,507544298,24.93,2.52,6.85
2023-04-06,6515,96,504064742,22.69,3.04,6.76
2023-04-06,2338,97,497073083,27.08,2.69,4.19
2023-04-06,6409,98,495849185,34.15,2.52,18.14
2023-04-06,1101,99,495780774,49.26,1.37,1.23
2023-04-06,1762,100,492048646,13.54,1.6,1.98
2023-04-06,2881,101,489574219,16.96,6.16,1.41
2023-04-06,2634,102,488756543,24.28,2.57,2.5
2023-04-06,2395,103,488578442,25.92,3.07,6.37
2023-04-06,2049,104,479350598,19.31,2.25,2.49
2023-04-06,2002,105,478445852,26.32,3.25,1.47
2023-04-06,4938,106,476195084,12.46,5.67,1.03
2023-04-06,3023,107,476075090,27.5,2.54,6.27
2023-04-06,3533,108,472854147,15.64,2.84,4.29
2023-04-06,2645,109,468736780,23.1,3.86,3.35
2023-04-06,5388,110,453084272,12.9,4.66,2.52
2023-04-06,2886,111,448741653,25.0,5.0,1.53
2023-04-06,2357,112,446370274,13.68,5.55,0.95
2023-04-06,6753,113,441512753,43.52,0.78,6.49
2023-04-06,6271,114,440525071,9.93,5.55,1.27
2023-04-06,6550,115,421487019,,0.0,8.6
2023-04-06,8996,116,419528865,68.84,0.65,10.07
2023-04-06,6278,117,408366092,7.24,7.0,1.49
2023-04-06,1477,118,407011252,14.83,6.73,3.39
2023-04-06,2337,119,403268602,7.1,5.24,1.21
2023-04-06,4919,120,401365896,14.71,4.73,3.54
2023-04-06,6239,121,389538411,7.92,7.61,1.31
2023-04-06,3189,122,379363729,7.53,5.6,1.53
2023-04-06,2912,123,373213344,30.01,3.36,7.64
2023-04-06,5258,124,372534401,11.25,1.5,3.03
2023-04-06,3045,125,356145198,25.96,4.24,4.44
2023-04-06,4958,126,355345206,7.69,5.19,1.13
2023-04-06,2610,127,350118690,40.1,2.39,1.65
2023-04-06,2637,128,348515337,4.51,10.19,1.01
2023-04-06,2890,129,343748983,11.82,4.83,1.22
2023-04-06,9921,130,337018865,11.77,4.44,2.06
2023-04-06,2353,131,331355302,17.07,5.26,1.3
2023-04-06,1303,132,329994886,19.09,3.88,1.63
2023-04-06,3532,133,326171292,12.91,4.55,2.51
2023-04-06,6139,134,318869894,11.33,6.97,1.3
2023-04-06,1476,135,318490746,19.45,3.53,5.25
2023-04-06,2385,136,318198192,9.38,7.8,1.93
2023-04-06,5284,137,317214709,22.34,2.47,2.64
2023-04-06,1218,138,312518441,2.52,3.26,1.19
2023-04-06,2449,139,311137628,8.73,7.17,1.65
2023-04-06,2342,140,310490481,13.35,4.26,2.76
2023-04-06,2885,141,304793628,13.02,4.24,1.09
2023-04-06,2834,142,298923596,10.67,2.53,1.04
2023-04-06,2481,143,298353050,15.59,4.18,2.01
2023-04-06,2605,144,294249679,75.0,1.96,0.94
2023-04-06,2313,145,293249884,6.89,5.84,1.42
2023-04-06,2723,146,288603684,52.61,1.77,2.33
2023-04-06,2892,147,283289493,17.05,4.51,1.57
2023-04-06,6719,148,278638600,20.77,3.27,2.73
2023-04-06,1319,149,277306693,12.54,5.48,1.14
2023-04-06,2753,150,276613515,18.56,4.05,3.74
2023-07-03,2609,1,18900808677,1.96,28.86,0.7
2023-07-03,1795,2,14658088763,20.79,1.16,5.56
2023-07-03,2382,3,11389437672,21.57,3.74,4.05
2023-07-03,3231,4,10571455744,22.36,2.72,2.81
2023-07-03,6669,5,10138888800,17.28,3.34,6.22
2023-07-03,2317,6,10089020094,12.76,4.61,1.14
2023-07-03,2330,7,8743824984,14.71,1.9,4.88
2023-07-03,3017,8,8387984158,24.23,1.85,6.67
2023-07-03,2603,9,7608707274,0.91,68.29,0.39
2023-07-03,2376,10,6432941251,35.08,2.5,4.25
2023-07-03,3035,11,6069108035,24.78,2.19,5.93
2023-07-03,3661,12,5359256300,69.46,0.68,9.98
2023-07-03,2301,13,5324409452,18.13,3.96,3.4
2023-07-03,2308,14,5323679841,28.1,2.71,4.87
2023-07-03,2618,15,4629788864,26.04,2.0,2.41
2023-07-03,3443,16,4010065460,54.59,0.84,24.88
2023-07-03,6282,17,3768153619,45.7,0.41,2.55
2023-07-03,2368,18,3593027410,17.79,2.29,5.7
2023-07-03,2356,19,3552398719,28.67,3.4,2.85
2023-07-03,8996,20,3548804232,87.32,0.4,16.18
2023-07-03,1513,21,3191483249,24.64,2.4,4.15
2023-07-03,3037,22,3033450458,9.74,4.45,2.87
2023-07-03,4763,23,2960840603,28.39,1.88,9.26
2023-07-03,3034,24,2906879119,11.98,8.71,3.65
2023-07-03,2421,25,2862457486,21.07,2.55,4.66
2023-07-03,6285,26,2833911717,12.39,4.72,1.93
2023-07-03,1477,27,2779509699,20.83,4.72,5.82
2023-07-03,5388,28,2696203846,13.99,3.95,3.14
2023-07-03,2303,29,2573598416,7.22,7.46,1.7
2023-07-03,2371,30,2569969124,14.11,0.0,2.54
2023-07-03,6515,31,2457004083,26.04,2.59,9.45
2023-07-03,3711,32,2230468063,8.68,7.92,1.76
2023-07-03,3665,33,2209263490,13.04,3.1,2.33
2023-07-03,1605,34,2186999842,8.98,4.25,1.27
2023-07-03,2454,35,2141017531,10.81,11.0,3.27
2023-07-03,2615,36,2064786369,3.28,8.49,0.74
2023-07-03,9958,37,2043703882,416.67,0.36,4.59
2023-07-03,1905,38,1951130404,96.29,1.01,2.13
2023-07-03,2345,39,1908814769,23.0,2.04,9.1
2023-07-03,3704,40,1874387384,11.51,2.45,1.95
2023-07-03,2206,41,1676659514,19.73,2.08,3.56
2023-07-03,2610,42,1601626195,145.83,1.75,2.21
2023-07-03,6415,43,1590323282,30.61,1.2,4.82
2023-07-03,3653,44,1423074636,35.04,1.79,10.52
2023-07-03,0056,45,1389610852,,,
2023-07-03,8210,46,1386561400,24.73,2.17,4.49
2023-07-03,3515,47,1384010809,46.72,3.62,3.68
2023-07-03,2412,48,1330214063,24.06,4.09,2.28
2023-07-03,1609,49,1304419581,10.87,1.55,2.11
2023-07-03,4906,50,1285040740,20.51,4.35,1.01
2023-07-03,1514,51,1259445517,28.6,2.06,3.78
2023-07-03,2449,52,1228478964,11.72,5.89,1.91
2023-07-03,2383,53,1177653950,19.49,3.43,4.16
2023-07-03,2634,54,1156190859,29.38,1.76,3.53
2023-07-03,4938,55,1149217927,12.34,5.26,1.16
2023-07-03,2357,56,1144388872,90.06,4.8,1.06
2023-07-03,2327,57,1131898355,10.11,2.0,1.72
2023-07-03,2419,58,1083899743,25.92,4.26,2.34
2023-07-03,5258,59,1079749463,12.83,1.2,3.52
2023-07-03,3481,60,1072321810,,0.0,0.6
2023-07-03,3706,61,1054650006,4.83,3.62,0.74
2023-07-03,3025,62,1043960280,39.37,2.0,3.96
2023-07-03,2402,63,1032680498,29.34,2.99,1.71
2023-07-03,2395,64,1013075726,30.05,2.56,8.53
2023-07-03,8046,65,980377438,9.77,6.67,3.92
2023-07-03,6112,66,936108437,27.48,2.51,3.69
2023-07-03,0050,67,910555077,,,
2023-07-03,6531,68,898390970,33.67,2.33,4.92
2023-07-03,3356,69,895513223,36.34,2.39,2.88
2023-07-03,6625,70,869473493,192.75,0.0,10.1
2023-07-03,2457,71,860421048,151.54,0.0,4.73
2023-07-03,4968,72,821817188,,0.0,6.9
2023-07-03,2331,73,813680443,26.55,2.39,1.68
2023-07-03,4904,74,810308531,25.06,4.21,3.8
2023-07-03,2377,75,780101088,19.85,3.67,3.36
2023-07-03,1504,76,760505064,24.0,2.78,1.34
2023-07-03,8478,77,759915961,25.92,1.71,9.77
2023-07-03,1528,78,758173563,22.53,0.56,1.41
2023-07-03,2201,79,756153629,,1.22,1.64
2023-07-03,6781,80,755089516,22.86,2.3,5.29
2023-07-03,6451,81,746653906,34.65,0.99,1.97
2023-07-03,1503,82,738396571,38.5,1.3,2.69
2023-07-03,4532,83,735596134,16.68,4.12,1.19
2023-07-03,6533,84,733410543,134.96,0.32,4.91
2023-07-03,3380,85,728883023,24.55,3.89,2.44
2023-07-03,2059,86,719559138,18.75,2.82,4.2
2023-07-03,6235,87,714854290,73.78,0.42,9.42
2023-07-03,3533,88,713402723,15.72,3.03,3.62
2023-07-03,3596,89,692766138,13.2,5.12,2.17
2023-07-03,3008,90,690188990,13.97,4.0,1.86
2023-07-03,6806,91,689544039,109.09,0.42,2.49
2023-07-03,2332,92,687469187,32.61,0.95,1.55
2023-07-03,3045,93,668462634,24.3,4.53,3.98
2023-07-03,3032,94,658531519,18.32,3.14,2.62
2023-07-03,3046,95,642339923,31.45,1.54,8.99
2023-07-03,2427,96,624152537,25.65,1.19,2.15
2023-07-03,1301,97,610819456,24.88,4.91,1.58
2023-07-03,3406,98,610494797,14.14,3.0,2.41
2023-07-03,3027,99,609524110,5530.0,0.54,3.02
2023-07-03,2388,100,606197960,,0.18,3.16
2023-07-03,3583,101,599401676,20.93,2.33,3.58
2023-07-03,2486,102,599021757,111.63,0.83,2.59
2023-07-03,3454,103,595041538,24.56,2.64,4.92
2023-07-03,8016,104,564116091,11.74,9.0,3.19
2023-07-03,2329,105,556416468,14.21,3.5,1.76
2023-07-03,2324,106,554168525,19.8,4.04,1.16
2023-07-03,2409,107,552533384,,4.31,0.84
2023-07-03,2352,108,545463867,11.59,4.22,2.37
2023-07-03,2323,109,542434242,,0.0,0.92
2023-07-03,4155,110,539590759,43.88,5.35,2.21
2023-07-03,5706,111,535715249,,0.27,6.53
2023-07-03,3044,112,528816316,11.05,6.01,1.51
2023-07-03,6789,113,528560317,61.0,0.78,4.74
2023-07-03,2886,114,523980359,23.21,3.45,1.69
2023-07-03,2353,115,523442409,29.13,4.72,1.51
2023-07-03,3042,116,522827908,12.3,7.28,2.32
2023-07-03,6139,117,489249229,13.85,5.32,1.64
2023-07-03,2340,118,488791285,65.37,2.25,2.26
2023-07-03,6271,119,475718796,11.42,5.82,1.19
2023-07-03,6719,120,465923009,32.82,3.34,2.73
2023-07-03,4746,121,462864739,13.94,1.1,1.46
2023-07-03,1907,122,461550987,32.72,2.37,1.19
2023-07-03,5269,123,461075685,33.91,1.9,4.83
2023-07-03,4967,124,460724601,,1.39,2.59
2023-07-03,2002,125,459359337,72.68,3.36,1.42
2023-07-03,2379,126,454241464,15.69,6.89,4.18
2023-07-03,2360,127,442625704,20.94,3.12,5.75
2023-07-03,2344,128,438135219,14.81,3.65,1.2
2023-07-03,3447,129,437369040,17.88,3.78,3.88
2023-07-03,3038,130,434997129,14.47,3.8,2.93
2023-07-03,2891,131,433566664,18.06,3.98,1.26
2023-07-03,2105,132,431087310,24.72,3.56,1.57
2023-07-03,2408,133,426752665,34.03,3.04,1.26
2023-07-03,4915,134,426565079,11.04,5.92,1.78
2023-07-03,2338,135,409461664,14.74,3.01,4.1
2023-07-03,2881,136,400784886,59.51,2.45,1.2
2023-07-03,3346,137,381732064,119.07,0.59,1.96
2023-07-03,1216,138,372994443,24.21,4.12,3.34
2023-07-03,1611,139,372471980,67.59,1.53,1.47
2023-07-03,3022,140,367208498,10.17,3.74,1.71
2023-07-03,8222,141,362611828,134.35,0.0,5.46
2023-07-03,6239,142,361847935,10.45,6.57,1.49
2023-07-03,2474,143,361007681,12.17,5.75,0.74
2023-07-03,2636,144,356081770,5.64,13.14,1.28
2023-07-03,2882,145,355805848,68.73,2.08,1.03
2023-07-03,2482,146,353039907,22.38,2.1,4.48
2023-07-03,2727,147,349136910,36.96,1.54,7.04
2023-07-03,1603,148,346180823,17.32,1.31,1.01
2023-07-03,2606,149,343152379,10.1,6.19,1.24
2023-07-03,5871,150,340822750,13.22,3.21,2.4
2023-10-02,2382,1,24753091520,28.15,2.36,5.94
2023-10-02,3231,2,20680246263,28.24,2.34,3.31
2023-10-02,2330,3,14300676237,14.31,2.06,4.33
2023-10-02,2376,4,10234556889,41.85,2.14,5.44
2023-10-02,3715,5,7008572762,43.15,0.94,3.92
2023-10-02,3017,6,6334550750,29.0,1.46,7.05
2023-10-02,3661,7,5787982835,87.0,0.48,14.23
2023-10-02,6669,8,5628453435,20.22,3.05,7.85
2023-10-02,2368,9,5139204997,29.6,1.62,7.65
2023-10-02,3443,10,4855659365,45.24,0.99,23.81
2023-10-02,3035,11,4576120676,38.11,1.6,9.02
2023-10-02,2301,12,4305371194,19.76,3.59,3.57
2023-10-02,2356,13,3619287553,34.57,2.87,3.28
2023-10-02,2383,14,3432409047,36.04,1.87,7.37
2023-10-02,4763,15,3386587425,36.53,0.86,17.22
2023-10-02,2363,16,3217089314,47.4,2.74,1.54
2023-10-02,3036,17,3212254876,22.96,3.91,1.99
2023-10-02,6531,18,3205253135,49.01,1.77,6.17
2023-10-02,2059,19,3166174739,25.84,2.22,5.76
2023-10-02,2388,20,3122090383,267.39,0.12,4.71
2023-10-02,2454,21,2963606586,14.41,10.2,3.26
2023-10-02,3037,22,2895593697,12.14,4.48,3.2
2023-10-02,1519,23,2886478901,50.0,0.96,16.02
2023-10-02,2603,24,2544473771,1.71,61.67,0.57
2023-10-02,3044,25,2500490867,20.57,3.52,2.8
2023-10-02,2421,26,2497814171,22.76,2.13,5.59
2023-10-02,8210,27,2489119154,31.08,1.78,5.76
2023-10-02,1560,28,2443820331,24.39,2.5,4.11
2023-10-02,6235,29,2393434857,46.08,0.46,8.29
2023-10-02,2308,30,2278319494,25.61,2.93,4.92
2023-10-02,3450,31,1879372773,6220.0,0.8,2.37
2023-10-02,2345,32,1843237904,30.69,1.5,13.6
2023-10-02,3008,33,1662760765,14.95,3.99,1.83
2023-10-02,6139,34,1656046486,18.93,3.06,2.98
2023-10-02,3653,35,1502915769,35.91,1.78,9.06
2023-10-02,2317,36,1462459227,11.62,5.07,1.04
2023-10-02,0056,37,1423634702,,,
2023-10-02,2329,38,1413706832,23.72,1.95,3.24
2023-10-02,3583,39,1377635249,28.61,1.7,4.64
2023-10-02,8046,40,1375279524,11.87,6.73,3.8
2023-10-02,6213,41,1368760609,47.1,3.18,1.83
2023-10-02,5269,42,1357954005,40.61,1.76,5.0
2023-10-02,3706,43,1349240667,5.64,3.06,0.94
2023-10-02,2313,44,1315046000,11.48,4.97,1.8
2023-10-02,2618,45,1306214697,12.75,2.72,1.67
2023-10-02,6451,46,1252669256,54.6,0.79,2.61
2023-10-02,2357,47,1249471810,84.66,4.03,1.26
2023-10-02,8996,48,1247477485,50.25,0.51,11.81
2023-10-02,1609,49,1238738520,9.21,1.5,2.06
2023-10-02,2303,50,1162309309,7.34,7.87,1.75
2023-10-02,3034,51,1093362874,13.04,8.64,4.72
2023-10-02,2355,52,1032240852,29.11,2.0,1.09
2023-10-02,6285,53,997523760,15.14,3.53,2.54
2023-10-02,3617,54,969372775,17.94,1.88,4.14
2023-10-02,3032,55,950917979,18.88,2.51,3.41
2023-10-02,4961,56,922170789,28.75,3.04,3.11
2023-10-02,3533,57,916946679,16.05,3.0,3.8
2023-10-02,3013,58,903796437,34.5,0.62,3.15
2023-10-02,6271,59,896142824,14.35,7.45,0.98
2023-10-02,2449,60,889760383,16.8,4.44,2.74
2023-10-02,9910,61,886214847,26.9,4.58,8.41
2023-10-02,5258,62,847041947,13.63,1.06,3.76
2023-10-02,6282,63,844040282,75.75,0.44,2.25
2023-10-02,0050,64,838587439,,,
2023-10-02,1513,65,835180051,38.93,3.04,3.6
2023-10-02,1319,66,819580671,20.1,3.21,1.95
2023-10-02,2486,67,803433926,77.98,0.83,2.64
2023-10-02,2201,68,762109006,,1.13,1.6
2023-10-02,2327,69,761055461,12.1,1.87,1.76
2023-10-02,2002,70,755958467,,3.96,1.26
2023-10-02,2324,71,743332211,20.46,3.88,1.17
2023-10-02,2609,72,734582654,2.29,44.99,0.56
2023-10-02,2402,73,699606827,31.86,2.41,2.09
2023-10-02,5225,74,672873204,8.09,4.89,1.74
2023-10-02,2377,75,664971175,21.45,3.94,3.01
2023-10-02,6806,76,629388961,85.04,0.46,2.25
2023-10-02,2360,77,612067980,26.23,2.84,5.98
2023-10-02,6491,78,609293561,17.91,2.53,4.31
2023-10-02,2408,79,608524537,,3.15,1.21
2023-10-02,2412,80,606125367,24.22,4.03,2.48
2023-10-02,3481,81,605614263,,0.0,0.52
2023-10-02,3711,82,593484958,10.22,7.92,1.71
2023-10-02,2353,83,592339127,37.91,4.04,1.58
2023-10-02,1618,84,589734547,22.07,2.01,1.27
2023-10-02,2206,85,587132759,11.93,2.35,3.01
2023-10-02,2409,86,579235421,,4.98,0.76
2023-10-02,1504,87,563756490,18.81,2.88,1.34
2023-10-02,6191,88,549306632,12.26,4.06,1.66
2023-10-02,9958,89,538799458,143.7,0.27,5.79
2023-10-02,5871,90,533562775,11.97,3.65,2.21
2023-10-02,2634,91,531870374,24.44,1.96,3.21
2023-10-02,1477,92,531178675,22.56,4.27,6.01
2023-10-02,3006,93,528275419,,2.2,2.12
2023-10-02,2457,94,525753949,96.92,0.0,3.7
2023-10-02,6117,95,524958868,467.78,0.0,3.46
2023-10-02,1301,96,518039752,265.33,5.28,1.48
2023-10-02,8016,97,508664339,16.7,7.93,3.37
2023-10-02,3014,98,483097864,19.48,3.82,4.6
2023-10-02,2886,99,476613419,17.99,3.51,1.68
2023-10-02,1522,100,464607365,16.54,4.09,1.75
2023-10-02,1101,101,462505241,27.13,1.51,1.13
2023-10-02,4906,102,454832516,16.31,3.96,1.18
2023-10-02,3042,103,450289715,15.17,7.14,2.79
2023-10-02,2379,104,449007556,19.03,6.78,5.39
2023-10-02,2610,105,445190444,32.2,2.16,1.78
2023-10-02,1590,106,439972854,33.17,1.31,5.21
2023-10-02,2882,107,439459592,34.23,2.02,1.02
2023-10-02,2204,108,439035579,,4.19,1.64
2023-10-02,1795,109,423162431,13.24,1.45,4.04
2023-10-02,2881,110,421212053,41.64,2.47,1.14
2023-10-02,1514,111,409473018,24.07,2.39,3.3
2023-10-02,8112,112,408088026,19.4,7.96,1.98
2023-10-02,8478,113,404117176,17.54,2.58,6.81
2023-10-02,6515,114,402023100,22.32,3.24,7.25
2023-10-02,2367,115,400019420,46.4,1.5,1.32
2023-10-02,3005,116,397957497,13.56,4.75,2.51
2023-10-02,2455,117,378354619,106.38,1.53,9.99
2023-10-02,3596,118,376293866,15.99,3.95,2.68
2023-10-02,6415,119,349806813,47.77,1.45,3.98
2023-10-02,1476,120,338360822,26.48,3.4,6.02
2023-10-02,2337,121,331924638,20.86,5.68,1.19
2023-10-02,3665,122,327285195,13.64,3.72,1.88
2023-10-02,2606,123,325930851,11.53,6.41,1.21
2023-10-02,6533,124,320957557,323.2,0.37,4.25
2023-10-02,2354,125,316364363,18.06,2.78,0.81
2023-10-02,4967,126,316295202,,1.45,2.45
2023-10-02,2891,127,315708473,13.76,4.08,1.22
2023-10-02,1216,128,296668304,20.74,4.48,3.38
2023-10-02,2727,129,294404536,16.55,1.78,5.52
2023-10-02,9938,130,293587206,24.05,4.39,1.51
2023-10-02,2615,131,293353390,7.44,10.56,0.63
2023-10-02,6585,132,292015774,30.13,2.59,2.78
2023-10-02,3702,133,290485163,15.71,6.42,1.43
2023-10-02,3515,134,288798431,55.15,3.64,3.53
2023-10-02,2344,135,286885949,40.0,3.91,1.15
2023-10-02,6409,136,278841640,30.12,2.69,21.42
2023-10-02,3406,137,277962498,14.43,3.21,2.3
2023-10-02,2395,138,277481512,22.95,3.19,6.28
2023-10-02,5388,139,276593226,14.63,3.64,3.24
2023-10-02,2352,140,276079753,11.06,4.4,2.2
2023-10-02,2405,141,272419786,333.0,1.2,1.56
2023-10-02,2605,142,271574740,35.79,2.22,0.82
2023-10-02,1503,143,254347189,27.23,1.72,1.88
2023-10-02,2892,144,252925839,14.92,4.14,1.49
2023-10-02,2884,145,251732602,19.02,2.36,1.64
2023-10-02,1802,146,248717232,,0.0,1.22
2023-10-02,1605,147,243591183,11.35,4.85,1.07
2023-10-02,2888,148,240591463,,0.0,0.61
2023-10-02,5469,149,237439616,9.92,3.97,1.14
2023-10-02,1612,150,235590271,16.31,5.35,1.25
2024-01-02,2330,1,16549619798,17.17,1.85,4.59
2024-01-02,3661,2,11100831915,93.84,0.38,14.56
2024-01-02,3231,3,10609147054,22.0,2.77,2.56
2024-01-02,2454,4,10539569604,22.37,7.75,3.98
2024-01-02,2618,5,9655270338,10.57,2.39,1.82
2024-01-02,2382,6,9242593841,21.49,2.8,4.55
2024-01-02,2603,7,9240837773,5.16,46.36,0.71
2024-01-02,2609,8,8956551748,8.89,37.74,0.66
2024-01-02,1519,9,7003889807,46.03,0.73,18.1
2024-01-02,2376,10,6859737563,34.41,2.43,4.49
2024-01-02,2353,11,6115850492,50.78,2.87,2.08
2024-01-02,3443,12,6084649255,54.03,0.84,24.9
2024-01-02,2486,13,3920166987,80.95,0.78,2.69
2024-01-02,3035,14,3619732982,49.86,1.39,9.95
2024-01-02,3008,15,3492706545,21.92,3.07,2.32
2024-01-02,3017,16,3435551513,26.79,1.52,6.15
2024-01-02,2303,17,3337876509,9.7,6.94,1.86
2024-01-02,2356,18,3164325581,33.18,2.94,3.02
2024-01-02,6669,19,2863587960,24.66,2.84,7.62
2024-01-02,2610,20,2821818073,22.13,2.06,1.81
2024-01-02,2357,21,2560400762,44.05,3.09,1.55
2024-01-02,6139,22,2510575617,17.71,2.14,3.73
2024-01-02,2324,23,2485970576,24.72,3.03,1.42
2024-01-02,2388,24,2391988922,682.61,0.1,5.8
2024-01-02,8210,25,2276829797,45.68,1.54,6.15
2024-01-02,2317,26,2128017722,11.29,5.05,0.98
2024-01-02,2615,27,2118336445,,9.14,0.7
2024-01-02,1514,28,2029868260,33.35,1.67,4.58
2024-01-02,6415,29,2015640992,118.65,0.96,5.63
2024-01-02,2377,30,1930535675,22.78,3.33,3.37
2024-01-02,2383,31,1880984499,25.72,2.3,5.03
2024-01-02,2421,32,1802849480,19.89,2.39,3.88
2024-01-02,1503,33,1696602525,26.68,1.68,1.94
2024-01-02,3034,34,1684019047,14.08,7.25,5.03
2024-01-02,6531,35,1676491415,65.27,1.52,6.8
2024-01-02,3711,36,1601195172,15.1,6.58,1.95
2024-01-02,2345,37,1570259629,30.56,1.52,11.9
2024-01-02,4763,38,1567819044,16.32,1.29,6.97
2024-01-02,3037,39,1566161139,16.05,4.62,2.96
2024-01-02,3533,40,1519395925,19.82,2.44,4.25
2024-01-02,2352,41,1517826208,31.41,4.27,2.47
2024-01-02,2344,42,1495210449,,3.33,1.38
2024-01-02,2362,43,1475691338,26.32,3.35,0.61
2024-01-02,1795,44,1469478341,18.81,1.26,4.34
2024-01-02,5269,45,1467649710,64.77,1.15,7.12
2024-01-02,2379,46,1460710457,25.79,5.9,5.53
2024-01-02,5521,47,1458720322,95.63,0.0,1.41
2024-01-02,6756,48,1416752827,92.39,2.62,6.89
2024-01-02,2308,49,1349270638,24.9,3.17,4.08
2024-01-02,0056,50,1321112459,,,
2024-01-02,1513,51,1314502142,38.02,2.78,3.98
2024-01-02,2327,52,1297985654,14.58,1.7,1.8
2024-01-02,2313,53,1293993970,17.17,3.9,2.14
2024-01-02,3006,54,1209171128,,1.88,2.51
2024-01-02,2891,55,1208401404,11.96,3.53,1.38
2024-01-02,2368,56,1202000763,31.59,1.61,7.0
2024-01-02,6239,57,1171706403,18.91,5.13,2.0
2024-01-02,3706,58,1121899878,45.47,3.01,0.89
2024-01-02,6695,59,1070146794,,0.0,4.26
2024-01-02,2059,60,1038632589,30.09,2.25,5.33
2024-01-02,2301,61,1036933421,17.72,3.91,3.16
2024-01-02,3005,62,977425019,16.67,3.5,3.1
2024-01-02,3653,63,931592340,41.1,1.59,9.38
2024-01-02,9958,64,925009116,90.84,0.28,5.17
2024-01-02,6719,65,901608793,441.43,3.22,3.08
2024-01-02,5871,66,869712741,13.46,3.4,2.27
2024-01-02,3406,67,866116864,17.22,2.84,2.34
2024-01-02,6285,68,859022090,17.18,3.07,2.68
2024-01-02,0050,69,848793104,,,
2024-01-02,6526,70,822152367,82.91,2.71,10.84
2024-01-02,8046,71,812264425,15.95,7.2,3.41
2024-01-02,3715,72,801974299,28.11,0.94,3.53
2024-01-02,2449,73,726394062,17.8,4.17,2.76
2024-01-02,6799,74,687719886,36.26,1.58,5.86
2024-01-02,2606,75,669876021,18.85,5.7,1.29
2024-01-02,2408,76,656233125,,2.78,1.38
2024-01-02,3481,77,654067794,,0.0,0.56
2024-01-02,3044,78,653088680,17.1,3.88,2.34
2024-01-02,3702,79,627954514,25.13,4.79,1.79
2024-01-02,6689,80,621628716,60.86,2.08,3.17
2024-01-02,6515,81,592759769,35.27,2.68,8.37
2024-01-02,1504,82,591000634,17.46,3.16,1.27
2024-01-02,9945,83,590772910,18.87,0.0,1.31
2024-01-02,2409,84,553707796,,4.36,0.86
2024-01-02,6770,85,551716796,48.81,3.58,1.23
2024-01-02,6781,86,530745276,27.44,2.66,4.7
2024-01-02,4938,87,528917056,14.76,4.58,1.22
2024-01-02,2636,88,525771043,8.34,11.65,1.38
2024-01-02,2885,89,520783425,13.88,3.42,1.27
2024-01-02,1101,90,518751792,29.41,1.44,1.14
2024-01-02,6176,91,518261841,10.74,7.19,1.87
2024-01-02,6533,92,512286138,,0.32,4.89
2024-01-02,8112,93,507615191,20.71,7.2,1.95
2024-01-02,3036,94,503320851,27.67,3.86,1.86
2024-01-02,1216,95,499302061,21.79,4.25,3.32
2024-01-02,4958,96,487179868,13.87,5.53,1.07
2024-01-02,1477,97,481234102,21.66,4.2,5.51
2024-01-02,2385,98,481034682,17.82,4.29,3.38
2024-01-02,2727,99,478792484,15.95,1.9,5.05
2024-01-02,2412,100,477660560,25.21,3.9,2.5
2024-01-02,2515,101,472243631,31.4,3.93,0.93
2024-01-02,2890,102,469527400,12.81,4.13,1.34
2024-01-02,4968,103,459117379,,0.0,7.37
2024-01-02,3545,104,442959581,73.63,0.47,2.47
2024-01-02,2457,105,420087219,69.76,0.0,3.16
2024-01-02,1560,106,419964426,30.94,2.11,4.65
2024-01-02,2886,107,409184324,17.39,3.36,1.73
2024-01-02,2002,108,407063462,,3.7,1.34
2024-01-02,6117,109,404938353,1286.67,0.0,5.93
2024-01-02,1319,110,398098558,17.42,3.31,1.8
2024-01-02,2882,111,394061189,17.23,1.98,1.1
2024-01-02,2881,112,389400284,30.47,2.32,1.28
2024-01-02,6472,113,387000304,22.82,1.7,8.48
2024-01-02,2363,114,386904309,57.88,2.21,1.98
2024-01-02,3504,115,383113535,,0.0,2.51
2024-01-02,2915,116,380291240,11.95,3.08,0.8
2024-01-02,2492,117,369698839,34.67,1.98,1.24
2024-01-02,2637,118,365781119,13.4,12.4,0.83
2024-01-02,2371,119,361157457,51.52,0.0,1.82
2024-01-02,4961,120,361030249,15.51,3.38,1.81
2024-01-02,1733,121,360684152,28.61,3.4,2.31
2024-01-02,9910,122,358722266,32.26,5.1,7.53
2024-01-02,2455,123,358222980,96.91,1.46,9.94
2024-01-02,2206,124,358174035,10.69,2.46,2.7
2024-01-02,2337,125,352199487,,5.73,1.19
2024-01-02,3515,126,351307024,48.81,3.24,3.75
2024-01-02,2605,127,348191128,26.12,1.95,0.89
2024-01-02,3596,128,346486965,15.76,3.81,2.63
2024-01-02,2498,129,346236294,,0.0,1.73
2024-01-02,1609,130,344883549,8.93,1.66,1.83
2024-01-02,3338,131,338803515,26.29,2.97,3.17
2024-01-02,2331,132,337018547,26.72,2.52,1.49
2024-01-02,6789,133,336299114,153.67,0.74,5.19
2024-01-02,2883,134,328740744,16.82,0.0,0.97
2024-01-02,6715,135,327522758,22.42,2.74,3.62
2024-01-02,2884,136,324073052,20.23,2.2,1.78
2024-01-02,6213,137,322423935,44.76,3.55,1.55
2024-01-02,4915,138,316279826,12.05,5.78,1.83
2024-01-02,2892,139,312206825,16.03,4.04,1.53
2024-01-02,2201,140,309955429,99.73,1.24,1.41
2024-01-02,6214,141,309048285,19.33,4.26,2.07
2024-01-02,1605,142,306616948,28.8,4.7,1.07
2024-01-02,2474,143,303541166,13.15,5.1,0.82
2024-01-02,2467,144,303304340,20.79,5.28,3.22
2024-01-02,6668,145,300386214,,0.0,2.57
2024-01-02,8081,146,300261134,17.01,5.23,3.35
2024-01-02,2634,147,295512108,22.81,2.01,2.99
2024-01-02,8454,148,294736661,34.87,2.95,13.67
2024-01-02,4919,149,293074092,24.48,4.95,3.7
2024-01-02,3376,150,292741576,29.43,4.88,1.5
2024-04-01,2382,1,19212764899,27.45,3.19,5.85
2024-04-01,2330,2,17301753062,23.82,1.69,5.77
2024-04-01,3231,3,13867959144,30.63,2.12,3.37
2024-04-01,2317,4,11925127763,14.68,3.59,1.4
2024-04-01,2603,5,7056786174,10.03,5.97,0.81
2024-04-01,3017,6,6494412297,40.03,1.26,9.64
2024-04-01,2454,7,6409200810,23.99,4.74,5.01
2024-04-01,6139,8,6038498071,20.02,3.51,5.29
2024-04-01,3661,9,6018771295,76.44,0.66,14.11
2024-04-01,2327,10,5172953470,14.92,3.54,1.94
2024-04-01,2308,11,4215796563,26.03,1.92,4.36
2024-04-01,1513,12,4163826698,55.3,2.03,5.57
2024-04-01,3711,13,3994826449,20.38,3.47,2.17
2024-04-01,2376,14,3936657170,42.69,1.95,5.4
2024-04-01,6213,15,3887876288,57.53,1.4,2.0
2024-04-01,3583,16,3753456164,38.95,1.27,6.35
2024-04-01,4958,17,3712763218,19.31,2.59,1.25
2024-04-01,2356,18,3639604485,34.39,2.55,3.45
2024-04-01,6669,19,3522259930,33.32,1.83,9.5
2024-04-01,3443,20,3084701365,49.48,1.08,17.93
2024-04-01,2492,21,2958061783,30.32,1.73,1.29
2024-04-01,2371,22,2775050690,49.82,0.0,2.38
2024-04-01,2303,23,2769630682,10.62,5.8,1.8
2024-04-01,3376,24,2751754516,41.28,3.38,2.14
2024-04-01,6414,25,2649484608,20.9,3.56,2.16
2024-04-01,2486,26,2649344222,72.53,0.98,3.47
2024-04-01,3037,27,2644123925,24.55,1.55,3.24
2024-04-01,1795,28,2627513568,19.85,1.51,4.7
2024-04-01,2383,29,2450909190,24.92,2.51,5.1
2024-04-01,3034,30,2363375296,15.37,6.28,5.33
2024-04-01,6197,31,2361611816,29.33,2.75,5.56
2024-04-01,8996,32,2350303027,56.28,1.1,12.0
2024-04-01,2354,33,2269912825,21.2,2.35,0.86
2024-04-01,3013,34,2139756400,47.91,0.65,3.72
2024-04-01,3036,35,2108646133,38.04,3.04,2.15
2024-04-01,2618,36,2089636852,8.09,5.56,1.63
2024-04-01,2301,37,2078631181,15.82,4.51,2.73
2024-04-01,6189,38,2071676936,24.16,3.63,3.8
2024-04-01,1560,39,1991622002,46.0,1.48,6.36
2024-04-01,5269,40,1973450630,76.74,0.81,8.73
2024-04-01,6239,41,1870519397,18.0,3.63,2.63
2024-04-01,2421,42,1824551548,27.35,2.61,5.06
2024-04-01,4763,43,1765313015,15.05,1.11,7.64
2024-04-01,3035,44,1723980356,54.53,1.29,9.1
2024-04-01,2049,45,1716531976,47.83,0.91,2.78
2024-04-01,4938,46,1712722673,16.53,4.1,1.38
2024-04-01,2891,47,1706750026,11.34,3.16,1.44
2024-04-01,2313,48,1658611420,22.63,1.89,2.41
2024-04-01,3005,49,1628183015,20.93,3.88,3.66
2024-04-01,1503,50,1575148418,68.07,0.98,4.93
2024-04-01,1504,51,1500441059,20.36,3.91,1.48
2024-04-01,2385,52,1413251290,20.73,3.65,3.96
2024-04-01,3706,53,1402655361,34.53,2.54,1.01
2024-04-01,2634,54,1348364133,23.05,2.61,3.0
2024-04-01,2408,55,1344242238,,3.07,1.29
2024-04-01,2404,56,1294563899,15.71,5.38,6.03
2024-04-01,3715,57,1270056599,20.53,2.02,3.05
2024-04-01,6472,58,1204799224,22.28,1.8,7.43
2024-04-01,6491,59,1185605734,22.56,2.09,3.77
2024-04-01,2379,60,1172723024,31.32,4.83,6.79
2024-04-01,6531,61,1146398015,45.74,1.72,5.84
2024-04-01,8033,62,1095750438,,0.0,8.53
2024-04-01,3406,63,1091749683,17.96,2.45,2.61
2024-04-01,2009,64,1077912959,,1.0,2.41
2024-04-01,2353,65,1063105655,28.23,3.46,1.86
2024-04-01,2388,66,1041928818,160.98,0.11,4.96
2024-04-01,5258,67,1039998083,17.01,1.16,4.15
2024-04-01,9958,68,1006907757,48.87,1.38,5.77
2024-04-01,6806,69,999837525,50.17,1.02,2.86
2024-04-01,2449,70,997686712,21.55,3.11,3.24
2024-04-01,5225,71,993732500,16.82,5.21,3.15
2024-04-01,3008,72,983716895,18.53,2.72,2.0
2024-04-01,2345,73,983534588,28.82,2.17,10.2
2024-04-01,1319,74,966261424,24.12,3.25,2.86
2024-04-01,6176,75,961863812,14.93,5.9,2.3
2024-04-01,1522,76,954397510,18.56,3.37,2.21
2024-04-01,2882,77,941065968,15.59,1.84,1.01
2024-04-01,2368,78,937049976,33.79,1.43,7.09
2024-04-01,1301,79,933932524,61.65,1.41,1.3
2024-04-01,8046,80,909107596,23.28,2.63,2.83
2024-04-01,2324,81,908834960,20.77,3.28,1.33
2024-04-01,0050,82,904051439,,,
2024-04-01,4961,83,893549974,15.56,3.07,1.93
2024-04-01,2357,84,891190360,19.73,4.02,1.31
2024-04-01,0056,85,882889306,,,
2024-04-01,3702,86,858276589,21.41,4.16,2.08
2024-04-01,9921,87,850731119,24.08,2.39,2.43
2024-04-01,5871,88,838104521,12.37,3.82,2.01
2024-04-01,1514,89,824291403,35.39,1.65,5.74
2024-04-01,6415,90,811595554,174.74,0.58,4.21
2024-04-01,6789,91,789120817,277.23,0.32,5.91
2024-04-01,1582,92,777327878,19.54,4.61,1.87
2024-04-01,6550,93,775292804,,0.0,7.49
2024-04-01,1590,94,761905270,33.02,1.51,5.4
2024-04-01,1477,95,749042410,22.7,4.38,5.73
2024-04-01,1609,96,737665921,11.27,1.36,2.18
2024-04-01,2367,97,736087147,,1.12,1.83
2024-04-01,3014,98,735266801,16.99,4.78,4.2
2024-04-01,2467,99,721952725,39.88,2.31,6.28
2024-04-01,2455,100,716181043,70.08,1.29,10.3
2024-04-01,3617,101,702316627,15.42,3.19,3.12
2024-04-01,3481,102,693933123,,0.0,0.6
2024-04-01,2352,103,687612783,28.84,2.76,2.31
2024-04-01,2412,104,682088930,26.58,3.76,2.57
2024-04-01,3708,105,678995988,10.2,3.82,1.74
2024-04-01,2059,106,642091745,44.4,1.13,7.31
2024-04-01,6768,107,637576138,26.76,5.11,1.07
2024-04-01,3059,108,628499967,30.55,1.8,1.23
2024-04-01,1524,109,627703631,17.39,3.51,2.27
2024-04-01,2439,110,623883200,20.6,3.79,2.15
2024-04-01,5234,111,619785163,30.98,2.59,5.18
2024-04-01,6505,112,619008366,31.22,2.79,2.03
2024-04-01,3044,113,618526854,17.82,3.63,2.48
2024-04-01,2881,114,606423861,15.38,2.16,1.27
2024-04-01,2474,115,599826316,15.76,4.72,0.91
2024-04-01,6442,116,591440040,54.55,1.52,4.46
2024-04-01,1303,117,586983797,71.88,1.22,1.27
2024-04-01,3596,118,564803629,17.81,3.58,2.91
2024-04-01,3533,119,559209620,28.16,1.84,5.67
2024-04-01,3045,120,550673832,25.62,4.13,3.71
2024-04-01,3413,121,549833009,14.88,3.95,2.55
2024-04-01,3042,122,542876328,19.98,4.07,2.88
2024-04-01,6695,123,531339584,,0.0,3.78
2024-04-01,3563,124,525488666,55.8,1.71,4.67
2024-04-01,6605,125,525053767,14.98,3.04,2.09
2024-04-01,3653,126,516726746,56.86,1.08,11.39
2024-04-01,2883,127,515899549,13.59,0.0,0.98
2024-04-01,2344,128,513920163,,3.64,1.24
2024-04-01,4968,129,513681951,,0.0,8.68
2024-04-01,2834,130,513624001,12.44,8.41,1.1
2024-04-01,2464,131,510091306,52.92,1.06,2.2
2024-04-01,5388,132,509575481,16.01,3.64,2.89
2024-04-01,2609,133,508362953,32.34,45.15,0.56
2024-04-01,3622,134,497049416,17.49,3.05,1.51
2024-04-01,3450,135,492857458,,0.67,2.87
2024-04-01,2886,136,492262840,17.22,3.25,1.71
2024-04-01,8016,137,490681196,18.68,4.13,3.16
2024-04-01,3312,138,483624703,21.72,4.65,2.64
2024-04-01,2515,139,482223408,35.37,3.59,0.99
2024-04-01,3010,140,460712183,13.3,4.37,1.51
2024-04-01,1808,141,455702146,7.2,12.2,4.11
2024-04-01,6271,142,454228752,27.36,1.59,1.29
2024-04-01,2472,143,449332042,13.41,3.73,1.75
2024-04-01,2402,144,442024417,23.19,3.34,1.74
2024-04-01,6257,145,442017690,18.84,3.74,1.94
2024-04-01,1216,146,439053291,23.68,3.92,3.48
2024-04-01,5469,147,436945925,12.03,2.62,1.05
2024-04-01,4915,148,436914420,15.4,4.84,2.25
2024-04-01,3032,149,431333838,14.85,4.36,3.01
2024-04-01,8112,150,430170091,18.4,5.53,2.28
2024-07-01,2330,1,20320957284,29.3,1.34,6.9
2024-07-01,2317,2,16078735485,19.8,2.5,2.01
2024-07-01,3017,3,11937347985,48.59,0.94,13.25
2024-07-01,2359,4,9626479281,54.05,1.02,5.6
2024-07-01,2303,5,8252906214,12.9,5.27,1.89
2024-07-01,2454,6,7460027114,24.58,3.89,6.11
2024-07-01,2365,7,6677484120,101.5,0.74,2.95
2024-07-01,3450,8,5737494677,2166.67,0.0,4.87
2024-07-01,6753,9,5293197846,23.96,1.07,4.92
2024-07-01,2313,10,5158113323,18.93,1.97,2.31
2024-07-01,2382,11,5011646115,26.28,2.92,7.04
2024-07-01,2609,12,4903049636,23.93,2.71,0.89
2024-07-01,3583,13,4574510259,43.65,1.03,7.74
2024-07-01,3661,14,4573201995,49.57,0.93,5.92
2024-07-01,6472,15,4501872114,32.92,1.36,10.25
2024-07-01,2615,16,4394394446,252.94,1.74,1.11
2024-07-01,2301,17,4394245343,17.4,4.08,3.05
2024-07-01,2603,18,4258939121,8.6,5.19,0.87
2024-07-01,3045,19,4244914824,26.33,3.94,3.75
2024-07-01,2882,20,3949609791,11.48,3.44,1.09
2024-07-01,6446,21,3692920045,437.59,0.0,7.91
2024-07-01,6139,22,3690935346,17.57,3.4,4.73
2024-07-01,3312,23,3616535513,40.41,1.36,5.07
2024-07-01,2618,24,3560053747,9.59,4.65,2.09
2024-07-01,3711,25,3540301176,22.5,3.16,2.44
2024-07-01,2379,26,3511763015,25.97,2.92,5.72
2024-07-01,2464,27,3499938192,77.67,0.72,3.27
2024-07-01,2449,28,3413985753,23.68,2.75,3.47
2024-07-01,6806,29,3385076338,51.95,0.94,2.98
2024-07-01,3034,30,3347483976,16.08,5.16,5.23
2024-07-01,2308,31,3254897312,31.47,1.65,4.8
2024-07-01,6669,32,3030625855,33.86,1.61,9.39
2024-07-01,1795,33,3029006287,21.23,1.47,4.89
2024-07-01,9958,34,3024062220,42.77,1.01,6.0
2024-07-01,8028,35,3022020180,48.74,2.03,3.83
2024-07-01,3035,36,2997842337,63.71,1.28,6.41
2024-07-01,3443,37,2974079780,65.42,0.89,20.43
2024-07-01,0056,38,2871176751,,,
2024-07-01,6213,39,2766805347,56.97,1.27,2.16
2024-07-01,8996,40,2552483260,69.88,0.88,15.78
2024-07-01,6442,41,2499134652,97.33,0.58,10.01
2024-07-01,1513,42,2483977202,51.1,1.94,4.95
2024-07-01,4958,43,2423701377,18.01,2.58,1.22
2024-07-01,2368,44,2324439170,22.94,1.72,5.95
2024-07-01,2467,45,2270253002,48.3,1.76,7.34
2024-07-01,2327,46,2254630291,16.93,3.03,2.23
2024-07-01,4904,47,2244895516,27.43,3.76,3.35
2024-07-01,4566,48,2161908708,26.07,1.5,2.19
2024-07-01,1560,49,2080785946,53.82,1.16,8.55
2024-07-01,3231,50,2014292330,20.83,2.42,2.73
2024-07-01,1503,51,1962873413,55.24,1.03,3.81
2024-07-01,2383,52,1956020181,22.96,2.15,6.18
2024-07-01,4938,53,1923535813,17.36,3.85,1.47
2024-07-01,2412,54,1865307260,26.74,3.76,2.5
2024-07-01,3413,55,1833763499,15.48,3.34,2.76
2024-07-01,2610,56,1790200771,17.11,2.84,1.9
2024-07-01,2891,57,1755983722,12.01,4.71,1.64
2024-07-01,1514,58,1665503813,43.56,1.24,6.79
2024-07-01,2357,59,1646248774,15.96,3.43,1.42
2024-07-01,2352,60,1572554154,26.28,3.08,2.1
2024-07-01,5871,61,1568324752,11.45,4.31,1.7
2024-07-01,3376,62,1560047422,44.63,1.69,2.79
2024-07-01,2881,63,1550989399,14.26,3.11,1.31
2024-07-01,6189,64,1535595587,18.28,3.55,3.52
2024-07-01,6869,65,1529297609,31.75,2.41,7.35
2024-07-01,3533,66,1504672225,26.91,1.66,5.69
2024-07-01,6415,67,1501043380,281.33,0.44,5.39
2024-07-01,3008,68,1499271370,17.39,2.5,2.15
2024-07-01,2353,69,1473564768,25.37,3.37,1.93
2024-07-01,3005,70,1440649541,17.24,4.34,3.45
2024-07-01,0050,71,1437551892,,,
2024-07-01,6117,72,1418562382,46.44,0.0,8.26
2024-07-01,2888,73,1413197530,33.2,0.0,0.6
2024-07-01,2367,74,1404648780,73.78,0.0,2.35
2024-07-01,5269,75,1375975885,55.24,0.92,7.85
2024-07-01,4967,76,1350504534,18.2,1.37,3.92
2024-07-01,3047,77,1338928925,,0.0,2.75
2024-07-01,1477,78,1331752341,25.1,3.8,7.93
2024-07-01,4919,79,1317151036,24.22,2.41,3.3
2024-07-01,4763,80,1298088876,11.39,1.38,6.16
2024-07-01,4562,81,1232336006,,0.0,4.68
2024-07-01,2345,82,1219234912,33.58,1.82,10.11
2024-07-01,3665,83,1210040902,26.31,2.46,2.48
2024-07-01,2337,84,1174036219,,1.93,1.01
2024-07-01,2374,85,1146696407,30.23,1.73,2.26
2024-07-01,2354,86,1144054717,22.93,2.13,0.95
2024-07-01,3406,87,1118812795,18.86,1.83,3.49
2024-07-01,6285,88,1094120427,19.15,3.82,2.35
2024-07-01,3481,89,1091969658,,0.0,0.56
2024-07-01,3037,90,1067868736,26.51,1.67,2.89
2024-07-01,1609,91,1055112390,33.01,3.1,2.72
2024-07-01,2376,92,1035446180,33.94,2.19,4.91
2024-07-01,3048,93,1007210698,130.16,2.4,2.13
2024-07-01,3653,94,1000058590,65.51,0.84,15.09
2024-07-01,4968,95,985273953,,0.0,8.89
2024-07-01,3708,96,980008754,11.12,3.84,1.86
2024-07-01,3535,97,916535201,,0.0,3.47
2024-07-01,2417,98,913924400,139.14,0.31,2.23
2024-07-01,3338,99,907553746,27.48,2.24,3.93
2024-07-01,2404,100,897842106,14.59,5.62,7.32
2024-07-01,9910,101,888191289,26.12,2.96,5.65
2024-07-01,2347,102,874458111,15.61,4.13,1.72
2024-07-01,5243,103,871433625,21.6,2.33,1.47
2024-07-01,3042,104,869139788,18.22,3.9,2.81
2024-07-01,6197,105,867854978,29.16,2.28,7.02
2024-07-01,2883,106,866957096,11.64,3.36,0.94
2024-07-01,6805,107,849670055,66.87,0.73,11.54
2024-07-01,6278,108,844686290,12.44,4.05,1.8
2024-07-01,3024,109,835017392,58.68,0.45,2.16
2024-07-01,8112,110,822574069,17.74,4.99,2.68
2024-07-01,2408,111,817550031,,0.0,1.27
2024-07-01,2474,112,815434890,12.05,4.4,0.93
2024-07-01,4961,113,809741196,15.23,4.0,1.82
2024-07-01,2371,114,805812755,44.76,0.0,2.35
2024-07-01,6239,115,779153474,16.22,3.74,2.46
2024-07-01,2455,116,775204555,46.92,1.38,9.07
2024-07-01,1590,117,768920701,27.47,1.79,4.73
2024-07-01,8374,118,766453300,,0.33,5.21
2024-07-01,3702,119,765335270,18.22,3.85,1.89
2024-07-01,2392,120,759488779,14.57,2.57,1.49
2024-07-01,2377,121,757689106,20.17,2.99,3.15
2024-07-01,2356,122,754929851,31.75,2.67,3.37
2024-07-01,6215,123,737255970,61.02,1.67,3.47
2024-07-01,5388,124,730726253,13.54,4.26,2.44
2024-07-01,6890,125,722012753,48.72,1.64,3.57
2024-07-01,6770,126,714379045,,0.0,1.2
2024-07-01,2351,127,706440202,34.48,2.0,3.39
2024-07-01,2324,128,701346402,18.34,3.5,1.24
2024-07-01,1476,129,687527915,24.37,2.63,5.96
2024-07-01,3010,130,681205714,15.89,3.64,1.8
2024-07-01,2385,131,666710454,15.95,4.59,3.36
2024-07-01,6789,132,663803324,240.0,0.29,6.56
2024-07-01,6515,133,654069185,72.53,1.01,11.27
2024-07-01,1101,134,649726579,30.23,2.98,1.09
2024-07-01,6269,135,638494285,14.88,5.46,1.22
2024-07-01,2886,136,633303323,17.27,4.42,1.62
2024-07-01,6526,137,632704537,98.54,0.67,7.66
2024-07-01,9904,138,630496915,7.04,3.22,0.74
2024-07-01,3532,139,620691200,23.59,2.78,2.92
2024-07-01,8210,140,619360548,25.34,1.67,5.87
2024-07-01,2406,141,616073819,,0.0,2.32
2024-07-01,3044,142,609368507,16.99,3.43,2.45
2024-07-01,6177,143,609333441,13.36,5.57,2.83
2024-07-01,3013,144,608404863,58.25,0.45,5.17
2024-07-01,8081,145,604787876,16.0,4.66,4.02
2024-07-01,2889,146,603144114,27.97,5.94,1.34
2024-07-01,8478,147,601723459,18.14,2.91,5.45
2024-07-01,6176,148,598042399,13.3,5.39,2.34
2024-07-01,2348,149,595913049,13.94,4.12,4.41
2024-07-01,2885,150,593476430,13.5,4.06,1.36
2024-10-01,2330,1,27093881327,27.3,1.34,6.65
2024-10-01,2454,2,8060023400,19.0,4.55,5.01
2024-10-01,2615,3,6970075767,18.75,1.51,1.22
2024-10-01,2317,4,6812209357,16.91,2.89,1.7
2024-10-01,2455,5,4950092182,41.73,1.34,9.92
2024-10-01,3450,6,4882643732,308.87,0.0,7.01
2024-10-01,3017,7,4863960856,33.93,1.19,9.38
2024-10-01,3661,8,4529357700,31.81,1.16,4.5
2024-10-01,2609,9,4243108277,9.94,2.84,0.82
2024-10-01,2382,10,3658603508,20.55,3.36,5.56
2024-10-01,2603,11,3288551612,6.06,4.88,0.89
2024-10-01,1519,12,3284925804,51.02,1.08,28.33
2024-10-01,2383,13,3237158223,18.09,2.26,5.32
2024-10-01,2498,14,2750667088,,0.0,1.91
2024-10-01,3013,15,2705346182,63.04,0.3,7.04
2024-10-01,0056,16,2593070876,,,
2024-10-01,2888,17,2548649464,9.67,0.0,0.7
2024-10-01,5871,18,2455551765,11.56,4.23,1.77
2024-10-01,2308,19,2295918032,29.33,1.67,4.84
2024-10-01,6805,20,2204227721,67.79,0.65,12.11
2024-10-01,2543,21,2165212194,21.18,2.0,4.97
2024-10-01,3008,22,2016977515,16.28,2.57,2.02
2024-10-01,3665,23,1918910177,28.18,1.83,3.04
2024-10-01,2357,24,1908465345,13.16,2.97,1.61
2024-10-01,2399,25,1894458223,,0.0,2.6
2024-10-01,6669,26,1881906860,19.76,2.39,6.65
2024-10-01,0050,27,1816503951,,,
2024-10-01,6415,28,1796230820,145.45,0.41,5.61
2024-10-01,9958,29,1765108722,29.77,1.27,4.71
2024-10-01,3653,30,1737664445,68.98,0.73,15.33
2024-10-01,2363,31,1735334451,,0.43,2.05
2024-10-01,3711,32,1613154820,20.7,3.43,2.17
2024-10-01,3443,33,1611755805,42.98,1.32,15.12
2024-10-01,6438,34,1574210500,23.6,3.26,2.96
2024-10-01,2388,35,1549602235,125.23,0.07,4.78
2024-10-01,2449,36,1535762479,21.46,2.86,3.48
2024-10-01,3715,37,1501010967,15.97,2.02,2.87
2024-10-01,2059,38,1479699705,23.74,1.3,5.78
2024-10-01,2881,39,1474777939,12.7,2.76,1.41
2024-10-01,1513,40,1450578531,24.82,2.12,4.68
2024-10-01,4763,41,1371104043,10.1,1.41,5.45
2024-10-01,2303,42,1343617543,12.61,5.59,1.89
2024-10-01,3037,43,1330052954,23.12,2.08,2.39
2024-10-01,1590,44,1319616213,23.67,1.93,4.14
2024-10-01,6139,45,1258700801,12.85,3.96,4.32
2024-10-01,3034,46,1252495477,14.31,6.19,5.41
2024-10-01,2345,47,1213298065,30.91,1.91,10.89
2024-10-01,2882,48,1206414525,11.97,3.0,1.23
2024-10-01,3583,49,1194315817,44.48,0.92,7.62
2024-10-01,2353,50,1181595979,22.59,3.79,1.7
2024-10-01,2637,51,1159138337,11.62,3.48,1.19
2024-10-01,2486,52,1145769093,198.04,0.64,4.61
2024-10-01,5269,53,1123907155,37.21,1.18,3.75
2024-10-01,2891,54,1113010370,10.84,5.19,1.54
2024-10-01,3019,55,1110242493,31.32,1.58,2.36
2024-10-01,3045,56,1103185687,27.43,3.72,4.48
2024-10-01,1477,57,1081380927,20.71,4.54,6.2
2024-10-01,2376,58,1073851597,20.99,2.47,4.24
2024-10-01,2618,59,1054428881,8.63,4.76,1.9
2024-10-01,2327,60,1028729225,13.21,3.54,1.81
2024-10-01,6442,61,1023843525,60.69,0.57,9.75
2024-10-01,3035,62,1005320825,56.22,1.64,5.33
2024-10-01,2379,63,1005312911,19.8,3.27,5.42
2024-10-01,2014,64,999515129,,0.44,2.15
2024-10-01,6869,65,977172914,40.95,2.28,5.98
2024-10-01,2385,66,948701838,13.7,4.92,2.83
2024-10-01,4977,67,938108164,376.79,2.09,2.22
2024-10-01,4958,68,932875274,14.75,2.9,1.07
2024-10-01,2324,69,881877330,16.75,3.48,1.19
2024-10-01,2412,70,878157724,26.75,3.78,2.68
2024-10-01,3708,71,871322461,19.02,4.42,1.7
2024-10-01,4904,72,865351955,28.09,3.57,3.9
2024-10-01,4583,73,851625850,51.48,1.44,5.73
2024-10-01,3533,74,828620940,21.52,1.79,5.24
2024-10-01,2613,75,815918230,33.82,1.56,1.65
2024-10-01,2887,76,814950605,15.33,5.43,1.14
2024-10-01,4915,77,807643510,17.92,4.07,2.63
2024-10-01,9921,78,777068280,27.54,2.33,2.47
2024-10-01,3189,79,768548665,379.31,0.91,1.59
2024-10-01,3481,80,762403849,,0.0,0.62
2024-10-01,3231,81,750941233,18.26,2.56,2.62
2024-10-01,2351,82,743564413,36.88,1.83,3.83
2024-10-01,6239,83,733140888,10.92,5.26,1.86
2024-10-01,6873,84,722097878,35.74,1.61,4.9
2024-10-01,1301,85,719719916,63.1,1.89,0.99
2024-10-01,3376,86,697610081,31.21,1.99,2.41
2024-10-01,2371,87,682294963,77.58,0.0,2.04
2024-10-01,2356,88,680832705,23.62,3.38,2.59
2024-10-01,2605,89,676719108,13.64,2.53,0.99
2024-10-01,2002,90,668025978,106.14,1.5,1.15
2024-10-01,2368,91,666809563,19.11,1.78,5.25
2024-10-01,1216,92,663964243,27.22,3.37,4.07
2024-10-01,4569,93,655123424,45.13,1.76,3.03
2024-10-01,2497,94,643519810,35.58,1.17,4.72
2024-10-01,6890,95,641599720,64.2,1.24,3.99
2024-10-01,6451,96,618452307,76.14,1.13,3.51
2024-10-01,3702,97,612780217,15.93,4.76,1.57
2024-10-01,2359,98,607378681,116.67,1.16,4.72
2024-10-01,3406,99,605814809,11.37,2.47,2.45
2024-10-01,4968,100,605272522,700.0,0.0,7.33
2024-10-01,1319,101,588074438,15.38,3.86,2.41
2024-10-01,2301,102,582580234,17.26,4.44,2.67
2024-10-01,2362,103,581778814,21.25,2.62,0.81
2024-10-01,2884,104,572222161,18.85,4.89,1.9
2024-10-01,1802,105,571188649,117.19,0.0,1.1
2024-10-01,2313,106,568200835,15.23,2.19,2.0
2024-10-01,2360,107,565621208,36.52,1.75,7.37
2024-10-01,6409,108,560970155,53.7,1.72,25.09
2024-10-01,3545,109,556742842,44.34,1.15,1.96
2024-10-01,8210,110,554081104,19.57,1.89,5.25
2024-10-01,3025,111,551055604,20.67,4.5,5.51
2024-10-01,1795,112,548342983,17.24,1.78,3.74
2024-10-01,3044,113,544081817,13.04,3.89,2.24
2024-10-01,8028,114,542289114,75.76,1.44,5.69
2024-10-01,2347,115,538990691,14.93,4.25,1.6
2024-10-01,1101,116,532617470,35.85,2.97,1.09
2024-10-01,6176,117,530334943,15.32,5.01,2.72
2024-10-01,6446,118,526384645,161.15,0.0,8.43
2024-10-01,3149,119,524684572,,0.0,3.17
2024-10-01,1402,120,518241063,21.91,3.46,0.91
2024-10-01,2606,121,517376063,12.44,4.24,1.23
2024-10-01,9914,122,514921517,43.43,2.71,3.16
2024-10-01,4571,123,507057697,25.65,1.65,3.64
2024-10-01,9938,124,504200139,21.41,1.32,1.83
2024-10-01,4938,125,468994091,15.1,3.83,1.41
2024-10-01,2377,126,467261783,19.23,3.09,2.92
2024-10-01,5876,127,465519851,17.43,4.69,0.99
2024-10-01,6526,128,462844558,58.58,0.79,6.14
2024-10-01,2049,129,455216604,39.07,1.17,2.15
2024-10-01,2408,130,444852467,,0.0,0.85
2024-10-01,3167,131,442139818,312.5,0.33,5.82
2024-10-01,9904,132,432480726,7.63,2.99,0.79
2024-10-01,1560,133,432071921,46.91,1.29,7.07
2024-10-01,2395,134,429620314,30.67,2.96,6.0
2024-10-01,2883,135,428117664,11.75,3.04,1.02
2024-10-01,2344,136,426642897,116.67,0.0,0.96
2024-10-01,2404,137,421792524,12.3,6.73,5.53
2024-10-01,6531,138,418029149,29.65,2.34,4.41
2024-10-01,3588,139,409071252,47.05,0.66,3.16
2024-10-01,6782,140,404370902,30.91,0.94,5.05
2024-10-01,2316,141,400665427,7.34,1.01,0.96
2024-10-01,6706,142,397482607,,0.0,3.68
2024-10-01,2885,143,390284948,13.64,4.13,1.35
2024-10-01,2436,144,389177522,40.82,1.88,3.28
2024-10-01,1540,145,388455827,22.01,2.39,2.68
2024-10-01,1711,146,377439195,75.43,0.57,1.72
2024-10-01,1514,147,373404843,36.9,1.44,6.02
2024-10-01,8070,148,370991359,27.75,4.13,2.41
2024-10-01,8374,149,370161312,,0.21,8.05
2024-10-01,6863,150,353899145,34.95,1.01,3.92
2025-01-02,2330,1,47883206644,26.63,1.22,6.92
2025-01-02,2454,2,10011026495,19.88,4.07,5.18
2025-01-02,3661,3,9499443885,43.22,0.72,7.02
2025-01-02,2317,4,7588159603,15.86,2.96,1.58
2025-01-02,3706,5,6532086684,26.32,1.84,1.43
2025-01-02,1597,6,6436964242,180.43,0.64,4.6
2025-01-02,2049,7,6161137439,55.29,0.81,3.01
2025-01-02,3450,8,5218020739,152.22,0.0,9.69
2025-01-02,6669,9,5016264915,24.63,1.65,5.93
2025-01-02,2308,10,4783630401,29.26,1.54,4.96
2025-01-02,2382,11,4692119032,19.94,3.21,5.36
2025-01-02,6781,12,4681391075,49.62,1.05,6.86
2025-01-02,2383,13,4129674955,23.07,1.67,6.41
2025-01-02,2345,14,3969736075,43.31,1.33,14.46
2025-01-02,6442,15,3909523691,69.49,0.35,14.43
2025-01-02,3037,16,3481273241,28.21,2.04,2.42
2025-01-02,2059,17,3203056880,30.9,0.96,7.36
2025-01-02,3665,18,3169903365,33.13,1.45,3.34
2025-01-02,0056,19,3082997331,,,
2025-01-02,1519,20,3068194441,40.72,1.29,21.68
2025-01-02,3443,21,3047524125,51.94,1.09,16.48
2025-01-02,2618,22,3023748107,9.38,3.88,2.14
2025-01-02,3017,23,2957686538,31.75,1.13,8.95
2025-01-02,2603,24,2911093463,4.36,4.39,0.91
2025-01-02,2609,25,2853166092,5.32,2.61,0.83
2025-01-02,2303,26,2842388293,10.56,6.86,1.49
2025-01-02,5871,27,2757961667,9.09,5.56,1.3
2025-01-02,2357,28,2756842770,13.34,2.81,1.69
2025-01-02,0050,29,2749829175,,,
2025-01-02,4583,30,2736228881,69.91,1.11,7.22
2025-01-02,4763,31,2714443862,11.35,1.42,6.3
2025-01-02,2630,32,2518983659,56.74,1.35,2.39
2025-01-02,3231,33,2508036464,19.22,2.52,2.41
2025-01-02,6215,34,2429218717,60.26,1.06,5.21
2025-01-02,2486,35,2355751269,391.07,0.59,4.93
2025-01-02,2368,36,2338603569,21.25,1.47,5.82
2025-01-02,6789,37,2324622778,80.68,0.32,5.6
2025-01-02,4977,38,2298714555,151.52,1.47,3.04
2025-01-02,2379,39,2295678831,19.86,2.84,5.83
2025-01-02,2883,40,2258080260,10.15,2.97,1.01
2025-01-02,3029,41,2234081843,28.91,2.96,4.28
2025-01-02,9105,42,2094088381,,,
2025-01-02,3533,43,2086137025,28.32,1.34,6.52
2025-01-02,2891,44,2002849989,11.76,4.65,1.61
2025-01-02,2404,45,2002695987,16.53,4.61,6.77
2025-01-02,2354,46,1974645410,28.9,1.97,0.98
2025-01-02,2324,47,1940182343,15.64,3.38,1.2
2025-01-02,2374,48,1879781215,38.55,1.42,2.69
2025-01-02,6689,49,1762242805,46.32,1.59,2.93
2025-01-02,6757,50,1720207084,12.88,0.0,5.69
2025-01-02,2233,51,1717401472,24.86,1.93,4.26
2025-01-02,2882,52,1676542827,11.66,2.94,1.19
2025-01-02,6415,53,1667104446,95.71,0.52,4.34
2025-01-02,2359,54,1658294214,,1.03,5.07
2025-01-02,3406,55,1620328409,12.02,2.44,2.31
2025-01-02,2610,56,1521329549,15.62,2.6,1.95
2025-01-02,5269,57,1497967490,41.09,0.97,4.59
2025-01-02,2801,58,1467347872,14.48,4.81,1.02
2025-01-02,8033,59,1421757271,265.38,0.0,7.87
2025-01-02,2615,60,1419554350,7.63,1.79,0.97
2025-01-02,3008,61,1394136540,15.75,2.58,2.01
2025-01-02,2353,62,1335973869,23.95,3.91,1.63
2025-01-02,3694,63,1315385312,24.76,1.62,2.95
2025-01-02,1216,64,1295063496,23.78,3.75,3.5
2025-01-02,2886,65,1270909428,15.88,4.72,1.56
2025-01-02,2412,66,1266524257,26.17,3.87,2.55
2025-01-02,3045,67,1229136841,24.4,3.82,4.17
2025-01-02,3034,68,1220638146,14.73,6.34,4.84
2025-01-02,6191,69,1214615522,9.8,5.22,1.36
2025-01-02,3711,70,1214066539,21.43,3.24,2.25
2025-01-02,3044,71,1154384748,13.65,3.62,2.3
2025-01-02,2504,72,1114283675,12.8,4.0,2.38
2025-01-02,3653,73,1112965085,73.93,0.68,15.51
2025-01-02,2474,74,1105298726,15.25,5.1,0.79
2025-01-02,2449,75,1071699065,18.9,2.83,3.32
2025-01-02,1513,76,1062965796,21.71,2.3,4.19
2025-01-02,4576,77,1059963939,614.58,0.07,4.65
2025-01-02,2356,78,1057958299,26.41,2.96,2.71
2025-01-02,1477,79,1034972865,20.04,4.97,6.05
2025-01-02,6805,80,1032569761,54.36,0.7,10.44
2025-01-02,2328,81,1027181315,20.8,3.11,1.52
2025-01-02,2881,82,1021206388,11.58,2.76,1.47
2025-01-02,3035,83,988397167,54.51,1.82,4.67
2025-01-02,2464,84,966445903,83.47,0.61,3.58
2025-01-02,2327,85,943183892,13.25,4.07,1.77
2025-01-02,2455,86,941708280,40.08,1.4,9.1
2025-01-02,8046,87,934961077,99.25,4.14,1.91
2025-01-02,6214,88,926181734,20.96,3.65,2.24
2025-01-02,2376,89,917918446,21.65,2.38,3.52
2025-01-02,9904,90,915300097,8.06,2.91,0.79
2025-01-02,4938,91,886750712,13.1,4.48,1.2
2025-01-02,3059,92,880023235,34.0,1.79,1.19
2025-01-02,2498,93,866972887,,0.0,1.81
2025-01-02,3019,94,854826680,32.72,1.01,3.58
2025-01-02,6526,95,822871948,50.68,0.74,6.26
2025-01-02,3013,96,814140250,55.71,0.29,6.87
2025-01-02,6515,97,799179420,43.07,1.01,8.5
2025-01-02,3189,98,798622031,69.31,1.0,1.44
2025-01-02,2388,99,795050685,73.31,0.1,2.64
2025-01-02,1536,100,790671325,,1.5,2.16
2025-01-02,6451,101,783246648,136.61,1.07,3.7
2025-01-02,3702,102,778079756,15.06,4.78,1.59
2025-01-02,8028,103,772606837,80.88,1.31,6.06
2025-01-02,6005,104,757272531,11.98,5.12,1.33
2025-01-02,3025,105,750486936,18.22,4.0,5.54
2025-01-02,1301,106,727348821,,2.87,0.71
2025-01-02,2377,107,714717240,21.86,2.95,2.94
2025-01-02,2332,108,708582604,83.1,2.24,1.6
2025-01-02,4968,109,700628866,350.0,0.0,7.92
2025-01-02,6285,110,698104093,19.82,4.44,2.13
2025-01-02,2348,111,687124588,12.71,4.83,4.45
2025-01-02,6919,112,679961315,,0.0,9.24
2025-01-02,2367,113,674921231,22.66,0.0,1.93
2025-01-02,3504,114,667913567,,0.0,2.68
2025-01-02,2887,115,644925643,12.9,5.7,1.09
2025-01-02,2371,116,639385433,13.42,0.0,1.75
2025-01-02,2360,117,634069465,36.24,1.68,7.15
2025-01-02,2313,118,629560815,15.12,2.16,1.94
2025-01-02,2885,119,624833537,14.83,3.76,1.43
2025-01-02,6239,120,622083926,9.64,5.88,1.61
2025-01-02,4912,121,595948219,22.48,1.07,2.6
2025-01-02,2002,122,585075449,74.04,1.82,0.95
2025-01-02,6446,123,582542431,108.27,0.0,7.67
2025-01-02,3376,124,574086249,31.81,1.98,2.24
2025-01-02,8996,125,564056138,52.8,1.28,8.69
2025-01-02,6558,126,556657383,,0.0,2.45
2025-01-02,2301,127,506878029,18.72,4.49,2.69
2025-01-02,1504,128,505408364,19.96,4.1,1.43
2025-01-02,2393,129,502300855,16.64,3.78,1.93
2025-01-02,3545,130,496195892,38.98,1.19,1.87
2025-01-02,6139,131,481992908,12.68,3.99,3.95
2025-01-02,2915,132,472970848,9.7,3.49,0.71
2025-01-02,2809,133,470212570,10.32,5.79,1.07
2025-01-02,6531,134,468983045,34.79,2.26,4.42
2025-01-02,2211,135,468782281,15.13,7.18,1.45
2025-01-02,6928,136,459035703,,1.39,2.89
2025-01-02,2888,137,457937630,16.23,0.0,0.74
2025-01-02,3481,138,455700773,,0.0,0.51
2025-01-02,1303,139,453437009,74.75,2.34,0.66
2025-01-02,1605,140,441653668,25.7,4.6,0.69
2025-01-02,6176,141,440403145,15.49,5.14,2.57
2025-01-02,5388,142,423249916,14.51,4.17,2.27
2025-01-02,9941,143,416652808,14.06,5.35,1.96
2025-01-02,1316,144,410975762,,0.0,1.36
2025-01-02,2314,145,405581758,,0.0,7.65
2025-01-02,2409,146,405466931,,6.25,0.73
2025-01-02,2890,147,396631671,12.88,4.39,1.42
2025-01-02,6937,148,395285691,58.91,0.56,7.38
2025-01-02,3031,149,393802966,17.77,3.24,1.43
2025-01-02,3592,150,385610625,14.13,3.9,2.53
2025-04-01,2330,1,31491275577,20.87,1.8,5.71
2025-04-01,2454,2,9603895550,21.87,3.7,5.87
2025-04-01,2317,3,9269985746,13.83,3.82,1.28
2025-04-01,3661,4,9045263800,33.35,1.5,5.45
2025-04-01,2303,5,6620728091,12.22,6.2,1.53
2025-04-01,1519,6,4772440677,28.8,2.33,14.22
2025-04-01,3450,7,4607117086,60.86,0.22,7.65
2025-04-01,2382,8,3837751328,15.11,5.56,4.06
2025-04-01,3017,9,3156444902,21.75,2.18,6.16
2025-04-01,2634,10,3091048304,23.39,2.57,2.78
2025-04-01,2603,11,2936910991,3.52,14.35,0.85
2025-04-01,8222,12,2891259335,35.97,1.31,4.03
2025-04-01,0056,13,2845213623,,,
2025-04-01,3711,14,2776776829,19.99,3.48,2.01
2025-04-01,6669,15,2590766850,14.07,4.29,3.63
2025-04-01,6753,16,2507862854,18.16,1.1,3.48
2025-04-01,3019,17,2474527155,25.39,2.72,2.8
2025-04-01,3231,18,2406273524,16.83,3.74,2.21
2025-04-01,2383,19,2325307332,19.72,3.12,5.38
2025-04-01,2308,20,2314093740,27.36,1.89,4.19
2025-04-01,0050,21,2284423833,,,
2025-04-01,2357,22,2283276784,14.5,5.55,1.69
2025-04-01,3034,23,2100086993,16.51,5.07,4.95
2025-04-01,2059,24,2034113700,25.78,1.93,7.45
2025-04-01,2368,25,2008643479,17.24,3.02,4.54
2025-04-01,2888,26,1985382207,11.11,0.0,0.8
2025-04-01,3376,27,1960830783,34.94,1.65,2.64
2025-04-01,6781,28,1948296515,34.46,1.43,5.08
2025-04-01,3037,29,1829684386,28.73,1.57,1.56
2025-04-01,2609,30,1818161223,4.19,9.74,0.79
2025-04-01,2379,31,1771250543,17.61,4.86,5.09
2025-04-01,2049,32,1636743768,43.36,0.99,2.31
2025-04-01,2882,33,1631753659,9.05,3.25,1.12
2025-04-01,1316,34,1596323841,,0.0,1.52
2025-04-01,3035,35,1574174851,54.88,1.37,4.37
2025-04-01,3008,36,1571821975,12.72,3.95,1.8
2025-04-01,8028,37,1528915772,42.81,1.48,5.12
2025-04-01,3653,38,1472491105,42.95,1.41,10.18
2025-04-01,2345,39,1454122420,27.43,1.87,9.06
2025-04-01,2881,40,1436738072,8.85,2.86,1.4
2025-04-01,2408,41,1365005147,,0.0,0.72
2025-04-01,2891,42,1356436994,11.15,4.51,1.66
2025-04-01,3443,43,1274591305,42.14,1.47,12.87
2025-04-01,6515,44,1252215300,29.43,2.57,6.3
2025-04-01,6919,45,1235725740,,0.0,11.75
2025-04-01,2449,46,1233838585,14.28,4.41,2.56
2025-04-01,2327,47,1218558292,12.99,4.09,1.57
2025-04-01,2412,48,1203257442,27.08,3.85,2.62
2025-04-01,2027,49,1180598909,30.3,2.2,1.59
2025-04-01,6442,50,1140382991,29.2,2.12,8.36
2025-04-01,2404,51,1127645980,13.94,6.12,5.86
2025-04-01,3665,52,1058776566,22.64,2.3,2.75
2025-04-01,3533,53,991327345,17.29,2.91,4.46
2025-04-01,2453,54,941551228,22.78,3.73,3.21
2025-04-01,3481,55,923784277,19.14,6.45,0.53
2025-04-01,5269,56,919864765,36.71,1.01,4.1
2025-04-01,2344,57,908555100,139.23,0.0,0.89
2025-04-01,4583,58,897680092,51.27,1.66,5.7
2025-04-01,2324,59,884983905,14.33,4.23,1.01
2025-04-01,4763,60,868795362,10.39,5.43,5.34
2025-04-01,2337,61,855308780,,2.3,0.92
2025-04-01,2385,62,848371330,13.8,5.83,2.7
2025-04-01,5871,63,846212070,9.63,5.29,1.26
2025-04-01,1513,64,826292995,18.08,3.47,3.44
2025-04-01,2376,65,821443135,16.87,2.58,3.08
2025-04-01,2883,66,805557472,9.59,2.87,1.04
2025-04-01,1736,67,804474170,27.03,0.46,5.45
2025-04-01,2301,68,802789331,18.17,4.78,2.39
2025-04-01,2887,69,775085978,12.13,5.76,1.07
2025-04-01,2618,70,759260678,7.76,5.76,1.83
2025-04-01,3563,71,751528501,85.24,1.28,5.46
2025-04-01,2885,72,747690483,12.29,5.43,1.4
2025-04-01,1319,73,735204898,17.7,4.05,2.81
2025-04-01,2486,74,721005187,1127.5,0.55,4.05
2025-04-01,3045,75,710216747,25.38,3.88,4.11
2025-04-01,6805,76,681338939,32.96,1.36,7.29
2025-04-01,2356,77,660267009,21.33,3.93,2.18
2025-04-01,6799,78,658251318,40.91,1.71,3.2
2025-04-01,2884,79,624443295,17.82,4.48,1.84
2025-04-01,6139,80,618303223,12.79,5.88,3.8
2025-04-01,1216,81,616509686,22.55,3.65,3.45
2025-04-01,2886,82,613402824,16.97,4.53,1.62
2025-04-01,1102,83,594058673,12.93,4.69,0.92
2025-04-01,2328,84,589154072,22.78,2.41,1.65
2025-04-01,2615,85,589005034,4.85,4.27,0.88
2025-04-01,6239,86,580029391,13.85,5.56,1.66
2025-04-01,6285,87,574186289,19.64,3.43,2.12
2025-04-01,9958,88,562317964,24.82,2.35,3.44
2025-04-01,2360,89,559080604,23.53,3.08,4.98
2025-04-01,6472,90,558281092,18.26,2.29,5.59
2025-04-01,3706,91,555010757,17.29,3.53,1.14
2025-04-01,6446,92,547985058,59.48,0.42,6.42
2025-04-01,2363,93,543574698,53.33,0.92,1.88
2025-04-01,4916,94,533784941,2055.0,0.97,1.93
2025-04-01,3596,95,531510957,20.04,3.32,3.13
2025-04-01,1590,96,523414134,22.38,2.48,3.56
2025-04-01,4958,97,521285223,11.23,4.44,0.95
2025-04-01,2313,98,520829916,12.64,4.04,1.59
2025-04-01,2630,99,517930784,58.81,1.57,2.38
2025-04-01,2105,100,509636307,21.01,4.62,1.87
2025-04-01,2371,101,508820133,6.31,7.2,1.35
2025-04-01,1301,102,506953350,,1.32,0.83
2025-04-01,8996,103,502920409,35.49,1.74,6.12
2025-04-01,4968,104,495026885,94.12,0.69,5.74
2025-04-01,1514,105,491740975,32.58,1.93,4.53
2025-04-01,3013,106,491708687,31.04,0.54,5.1
2025-04-01,2002,107,491197295,176.54,1.44,1.15
2025-04-01,6438,108,487085944,23.59,2.74,2.87
2025-04-01,2429,109,463506926,,0.0,5.43
2025-04-01,2474,110,461220240,10.87,4.68,0.87
2025-04-01,3023,111,457033507,17.31,4.03,4.0
2025-04-01,2610,112,452184586,9.66,3.01,1.62
2025-04-01,6558,113,445676400,492.0,0.61,3.05
2025-04-01,3044,114,443088360,12.63,5.11,2.11
2025-04-01,2543,115,440747621,16.9,6.17,4.94
2025-04-01,1476,116,438086331,18.95,3.71,4.35
2025-04-01,6757,117,437951554,14.76,6.8,5.36
2025-04-01,1503,118,435321671,25.82,3.0,2.08
2025-04-01,4938,119,434670945,13.79,5.15,1.12
2025-04-01,6451,120,430797688,406.25,1.51,2.59
2025-04-01,2637,121,428901789,8.63,3.95,0.99
2025-04-01,1101,122,427836010,22.19,3.09,1.01
2025-04-01,4572,123,419665072,23.32,2.94,3.17
2025-04-01,2912,124,416364302,22.75,3.56,6.21
2025-04-01,6197,125,412368562,15.36,5.24,3.69
2025-04-01,1605,126,407509531,35.14,2.06,0.71
2025-04-01,2006,127,404196072,12.21,5.33,1.68
2025-04-01,4904,128,402235606,25.98,3.85,3.66
2025-04-01,2395,129,400418181,36.82,2.19,6.45
2025-04-01,2892,130,400168542,15.06,4.22,1.43
2025-04-01,1303,131,397499497,74.17,2.25,0.71
2025-04-01,6670,132,391760568,13.04,5.44,3.37
2025-04-01,2354,133,389626271,25.3,2.19,0.82
2025-04-01,6890,134,388445608,23.84,2.47,3.73
2025-04-01,5876,135,387250061,16.31,3.97,1.11
2025-04-01,5244,136,386013640,19.35,3.15,1.76
2025-04-01,1477,137,382965766,18.97,5.4,5.33
2025-04-01,1560,138,376177396,31.31,1.8,4.54
2025-04-01,9904,139,375781370,6.42,3.15,0.73
2025-04-01,6415,140,365128338,67.77,0.6,4.4
2025-04-01,2353,141,358940335,20.11,4.59,1.45
2025-04-01,2347,142,356959631,13.06,5.55,1.56
2025-04-01,2439,143,353866220,14.79,5.84,1.76
2025-04-01,2409,144,353817652,,2.17,0.69
2025-04-01,3406,145,349968097,10.65,4.41,1.86
2025-04-01,1795,146,346928046,12.26,2.45,2.93
2025-04-01,3189,147,344768893,754.55,1.2,1.2
2025-04-01,2359,148,340365411,169.05,0.7,4.23
2025-04-01,2890,149,339443162,12.74,5.61,1.38
2025-04-01,2455,150,339186767,32.64,2.7,6.58
2025-07-01,2330,1,57235426744,21.49,1.57,6.16
2025-07-01,2317,2,17001710493,13.3,3.5,1.4
2025-07-01,6669,3,13837696100,16.34,3.02,4.6
2025-07-01,3661,4,11806494020,38.56,1.15,6.19
2025-07-01,2454,5,11339208385,19.51,4.24,5.24
2025-07-01,3706,6,10871910930,17.98,2.91,1.37
2025-07-01,2382,7,8594486278,16.13,4.63,5.62
2025-07-01,6191,8,7761224529,14.22,3.32,1.8
2025-07-01,3017,9,7248800705,29.84,1.32,10.16
2025-07-01,2345,10,6374889420,28.65,1.44,10.73
2025-07-01,3231,11,6244493363,18.05,3.17,2.49
2025-07-01,2408,12,5427896027,,0.0,0.94
2025-07-01,2891,13,5004285599,12.5,5.23,1.79
2025-07-01,2383,14,4869057044,28.2,1.89,9.38
2025-07-01,2308,15,4525274204,28.01,1.64,4.54
2025-07-01,2881,16,4315509648,7.86,5.11,1.39
2025-07-01,3535,17,4108415574,160.0,0.95,3.72
2025-07-01,3665,18,3814747757,29.7,1.43,4.37
2025-07-01,2368,19,3790092911,23.3,2.04,7.06
2025-07-01,0050,20,3767256390,,,
2025-07-01,2885,21,3750799298,12.34,5.66,1.31
2025-07-01,2357,22,3729562815,12.46,5.23,1.71
2025-07-01,3167,23,3478967390,48.08,0.8,3.96
2025-07-01,2603,24,3409632889,2.88,16.33,0.7
2025-07-01,3711,25,3238711345,18.42,3.64,2.03
2025-07-01,3450,26,3213569303,35.73,0.24,6.35
2025-07-01,3443,27,2811638635,46.82,1.22,14.3
2025-07-01,2360,28,2800496907,28.89,2.05,7.89
2025-07-01,3515,29,2721737444,26.15,1.76,4.04
2025-07-01,2882,30,2690345223,9.86,5.52,1.19
2025-07-01,6558,31,2687353356,5430.0,0.55,3.41
2025-07-01,3045,32,2618461899,23.85,3.93,3.86
2025-07-01,3037,33,2612999500,48.07,1.34,1.8
2025-07-01,6781,34,2486980290,37.06,1.14,5.96
2025-07-01,6139,35,2374604488,16.87,4.51,4.63
2025-07-01,3653,36,2367628890,51.05,0.99,15.15
2025-07-01,2412,37,2294373958,27.84,3.7,2.65
2025-07-01,2303,38,2251170810,12.38,6.48,1.41
2025-07-01,2886,39,2143934732,19.69,3.85,1.64
2025-07-01,2609,40,1981618224,4.06,10.32,0.73
2025-07-01,1519,41,1952849203,36.49,1.73,23.84
2025-07-01,2884,42,1886340183,18.46,3.93,2.01
2025-07-01,3034,43,1762433021,15.86,5.19,4.49
2025-07-01,2615,44,1730565851,4.97,3.84,0.94
2025-07-01,0056,45,1729951966,,,
2025-07-01,9904,46,1714560773,6.28,5.33,0.66
2025-07-01,2385,47,1699553946,11.02,7.43,2.38
2025-07-01,3376,48,1680323898,33.07,2.82,2.29
2025-07-01,2474,49,1646531607,12.06,7.38,0.83
2025-07-01,3032,50,1644167009,19.2,3.09,2.87
2025-07-01,6919,51,1604570435,,0.0,22.07
2025-07-01,1216,52,1602608023,22.89,3.67,3.27
2025-07-01,2353,53,1568956277,18.6,5.68,1.23
2025-07-01,2344,54,1533562939,,0.0,0.99
2025-07-01,2324,55,1496420518,12.17,4.85,0.94
2025-07-01,6515,56,1478480085,29.04,1.93,8.73
2025-07-01,6446,57,1473199481,46.88,0.4,6.28
2025-07-01,4904,58,1451929435,24.49,3.98,3.41
2025-07-01,1101,59,1431632448,20.59,3.82,0.79
2025-07-01,3035,60,1410768388,44.0,1.6,3.67
2025-07-01,2449,61,1403279700,11.77,3.88,2.63
2025-07-01,9958,62,1347800910,41.1,1.7,5.02
2025-07-01,3013,63,1323104174,32.13,0.46,5.7
2025-07-01,4763,64,1320582013,10.87,5.24,4.83
2025-07-01,2059,65,1293540805,26.31,1.6,8.04
2025-07-01,2892,66,1270385067,16.04,4.11,1.48
2025-07-01,6472,67,1270262476,18.33,1.95,6.47
2025-07-01,2618,68,1265301633,7.15,5.99,1.87
2025-07-01,3008,69,1251522265,11.92,4.16,1.72
2025-07-01,2888,70,1243666240,43.85,0.0,0.8
2025-07-01,6805,71,1227207860,40.73,0.99,10.19
2025-07-01,5871,72,1223658291,10.38,4.98,1.28
2025-07-01,1477,73,1223575763,13.79,7.17,4.36
2025-07-01,2404,74,1222142097,17.09,4.47,10.37
2025-07-01,3533,75,1189213620,16.14,3.05,3.95
2025-07-01,6442,76,1185352959,28.05,1.85,9.9
2025-07-01,3645,77,1168641699,33.62,1.88,2.54
2025-07-01,2880,78,1158812101,16.63,4.89,1.65
2025-07-01,3036,79,1148272188,16.16,4.55,1.53
2025-07-01,6742,80,1108228192,315.79,0.5,2.99
2025-07-01,2890,81,1099943778,13.88,5.06,1.47
2025-07-01,1560,82,1093865156,44.16,1.24,6.8
2025-07-01,8210,83,1077464185,26.79,1.51,7.57
2025-07-01,2376,84,1024520142,17.64,3.49,3.37
2025-07-01,2379,85,1007182583,17.0,4.55,6.34
2025-07-01,6117,86,1005337055,32.25,2.02,5.11
2025-07-01,3030,87,1004329120,17.25,3.5,3.8
2025-07-01,2883,88,996213716,8.3,6.19,0.94
2025-07-01,2504,89,969142609,9.86,7.26,1.64
2025-07-01,6269,90,929767617,,0.0,0.83
2025-07-01,3702,91,923506474,17.1,4.37,1.42
2025-07-01,6531,92,916737193,31.51,2.34,4.37
2025-07-01,3090,93,899438448,15.79,5.44,2.76
2025-07-01,3044,94,861487960,14.53,4.19,2.42
2025-07-01,2328,95,859303406,19.43,2.71,1.48
2025-07-01,8021,96,857069950,26.42,2.76,1.37
2025-07-01,4961,97,850861165,12.16,6.55,1.41
2025-07-01,5269,98,844087620,34.49,1.6,4.02
2025-07-01,6257,99,823749278,13.89,5.05,1.95
2025-07-01,1504,100,821953582,17.45,4.62,1.39
2025-07-01,2301,101,807063158,19.66,4.04,2.85
2025-07-01,1303,102,796018991,86.25,2.54,0.64
2025-07-01,2359,103,782359384,195.0,0.73,4.18
2025-07-01,3019,104,757919086,21.84,2.96,2.7
2025-07-01,4938,105,753730763,11.43,5.85,1.02
2025-07-01,2327,106,742191452,12.42,4.09,1.58
2025-07-01,7722,107,738801015,81.0,0.21,4.65
2025-07-01,2455,108,713766578,36.05,2.6,6.57
2025-07-01,6285,109,695589875,15.93,4.03,1.75
2025-07-01,6239,110,673438990,15.64,5.32,1.68
2025-07-01,2347,111,663238203,12.25,6.16,1.47
2025-07-01,2354,112,649993232,24.9,2.15,0.83
2025-07-01,3596,113,641163391,17.2,3.78,2.92
2025-07-01,2409,114,626609433,24.5,2.45,0.61
2025-07-01,6112,115,614153455,,1.06,2.64
2025-07-01,2887,116,607397685,11.17,5.71,0.96
2025-07-01,1513,117,606599965,22.77,2.81,4.18
2025-07-01,2801,118,595686667,14.08,5.22,1.04
2025-07-01,2377,119,582602935,22.68,3.46,2.44
2025-07-01,2207,120,578654357,17.22,3.42,4.66
2025-07-01,6505,121,575998301,76.53,2.13,1.21
2025-07-01,1590,122,565042037,22.66,2.41,3.77
2025-07-01,2458,123,560296341,13.53,6.37,3.82
2025-07-01,2610,124,558972168,8.56,3.68,1.47
2025-07-01,8996,125,557411834,39.36,1.56,7.34
2025-07-01,2809,126,544329411,16.12,0.0,1.05
2025-07-01,3406,127,544007598,11.5,4.3,1.97
2025-07-01,2371,128,542668637,6.19,7.65,1.5
2025-07-01,5876,129,535216098,16.19,3.9,1.1
2025-07-01,5284,130,530121226,43.25,0.74,3.64
2025-07-01,2439,131,523722834,13.44,6.46,1.71
2025-07-01,2451,132,512178063,23.4,5.94,2.51
2025-07-01,6533,133,511121524,,0.0,3.06
2025-07-01,5880,134,500943382,20.0,4.03,1.46
2025-07-01,5234,135,500641814,41.85,1.89,9.17
2025-07-01,8028,136,480717861,35.6,1.62,5.08
2025-07-01,6409,137,474001715,26.27,3.31,10.4
2025-07-01,6153,138,468933190,,0.0,0.91
2025-07-01,1476,139,468054379,16.26,4.16,4.31
2025-07-01,2393,140,464582894,11.14,7.57,1.48
2025-07-01,2912,141,458171152,23.53,3.46,5.93
2025-07-01,6691,142,447532589,20.41,3.97,8.84
2025-07-01,3563,143,447068241,52.15,1.12,6.17
2025-07-01,1301,144,443236202,,1.4,0.78
2025-07-01,5469,145,441418387,9.27,4.08,0.9
2025-07-01,3481,146,429337208,8.09,8.58,0.4
2025-07-01,6197,147,428137793,17.6,4.75,4.73
2025-07-01,6415,148,418531489,53.39,0.68,3.86
2025-07-01,2313,149,417819247,11.69,4.13,1.6
2025-07-01,4583,150,414133868,58.72,1.49,6.75
2025-10-01,2330,1,48288398204,23.54,1.28,7.5
2025-10-01,3231,2,42282203129,21.5,2.6,3.07
2025-10-01,2317,3,12838949104,16.7,2.65,2.08
2025-10-01,2344,4,11437384590,,0.0,1.74
2025-10-01,6770,5,11027525704,,0.0,1.38
2025-10-01,2382,6,10586997656,16.03,4.54,5.88
2025-10-01,3653,7,10581348190,80.19,0.59,22.82
2025-10-01,2454,8,10039506669,19.27,4.2,5.44
2025-10-01,3706,9,9644658089,22.03,2.2,1.86
2025-10-01,3017,10,9563721819,33.51,0.97,13.42
2025-10-01,2308,11,8883079951,51.78,0.8,10.66
2025-10-01,6669,12,7718375640,17.38,2.24,6.74
2025-10-01,1504,13,7678481475,39.58,2.11,3.19
2025-10-01,3715,14,6753899461,27.9,1.57,3.68
2025-10-01,3450,15,6583523675,46.87,0.18,8.69
2025-10-01,2327,16,6113282870,17.63,2.94,2.38
2025-10-01,3661,17,5726403655,42.83,1.07,7.82
2025-10-01,0050,18,4503366313,,,
2025-10-01,2376,19,4498351808,17.9,3.41,3.77
2025-10-01,6446,20,4271113180,45.97,0.39,6.53
2025-10-01,2345,21,4270523120,33.54,1.06,14.84
2025-10-01,2301,22,4206160787,29.48,2.66,4.78
2025-10-01,1802,23,3753348261,,0.0,1.9
2025-10-01,8996,24,3744028193,59.03,1.12,10.32
2025-10-01,3376,25,3652668795,67.53,2.29,3.11
2025-10-01,8021,26,3607502998,63.43,1.09,3.72
2025-10-01,2303,27,3604784626,14.0,6.44,1.65
2025-10-01,4722,28,3359498415,130.41,0.73,6.68
2025-10-01,8046,29,3313991643,570.0,0.44,3.4
2025-10-01,1795,30,3165215893,13.82,2.26,3.3
2025-10-01,3443,31,3158285990,49.56,1.19,16.62
2025-10-01,3037,32,2990874851,118.32,0.97,2.7
2025-10-01,2383,33,2956836745,35.8,1.35,11.91
2025-10-01,8028,34,2956825846,48.29,1.2,7.29
2025-10-01,6515,35,2808699965,51.51,1.1,14.8
2025-10-01,2368,36,2760166208,33.46,1.38,10.28
2025-10-01,2324,37,2604361762,17.45,4.41,1.14
2025-10-01,2360,38,2506355677,36.79,1.49,10.71
2025-10-01,2449,39,2478471986,18.39,2.42,4.59
2025-10-01,2492,40,2374939627,28.21,2.38,1.12
2025-10-01,3711,41,2368678727,20.79,3.25,2.41
2025-10-01,3034,42,2230459246,13.28,6.73,4.24
2025-10-01,6805,43,2203417657,48.52,0.79,13.04
2025-10-01,2374,44,2090442367,55.96,2.06,3.73
2025-10-01,2404,45,2053519663,24.21,3.07,13.85
2025-10-01,6781,46,2032629760,34.73,1.05,7.29
2025-10-01,2408,47,1975256987,,0.0,1.53
2025-10-01,6919,48,1931661072,,0.0,31.46
2025-10-01,6706,49,1925743815,,0.0,1.77
2025-10-01,2357,50,1924198634,13.67,5.03,2.06
2025-10-01,2379,51,1911544688,16.28,4.89,6.19
2025-10-01,1605,52,1889666441,134.21,1.96,0.84
2025-10-01,6442,53,1859667634,50.16,1.08,17.25
2025-10-01,0056,54,1808927456,,,
2025-10-01,1560,55,1789106279,46.73,1.16,7.07
2025-10-01,3481,56,1783032761,12.23,6.76,0.55
2025-10-01,3665,57,1716818555,30.97,1.02,5.46
2025-10-01,4958,58,1566618528,17.27,2.96,1.62
2025-10-01,6139,59,1441164168,22.18,3.75,6.71
2025-10-01,3305,60,1414500695,37.33,2.09,3.17
2025-10-01,2059,61,1377489075,49.0,0.97,14.84
2025-10-01,2891,62,1355122154,12.26,5.34,1.96
2025-10-01,2375,63,1324967482,22.93,1.9,0.95
2025-10-01,6213,64,1291137830,30.77,1.73,2.05
2025-10-01,5284,65,1288143229,45.91,0.5,5.65
2025-10-01,2881,66,1276515418,11.04,4.86,1.63
2025-10-01,2356,67,1267355910,19.59,3.77,2.51
2025-10-01,2887,68,1232536885,13.0,4.95,1.21
2025-10-01,3045,69,1211197543,22.56,4.15,4.15
2025-10-01,4585,70,1186527354,448.95,0.0,21.23
2025-10-01,2882,71,1165726763,12.51,5.36,1.38
2025-10-01,6197,72,1121040632,21.04,4.26,5.08
2025-10-01,2883,73,1110715408,12.42,6.38,1.03
2025-10-01,2603,74,1104219195,2.94,18.31,0.77
2025-10-01,5871,75,1069641653,9.6,5.75,1.22
2025-10-01,3044,76,1061993674,16.94,3.42,3.54
2025-10-01,1101,77,1028476473,23.11,4.2,0.84
2025-10-01,2337,78,1019846312,,0.0,1.11
2025-10-01,2498,79,931304792,30.61,0.0,2.24
2025-10-01,4938,80,902809983,14.85,6.39,1.04
2025-10-01,3036,81,899336800,16.47,4.2,2.26
2025-10-01,6191,82,891103305,20.17,2.49,2.96
2025-10-01,2609,83,888898133,3.68,14.34,0.59
2025-10-01,6239,84,873158006,20.28,4.76,2.07
2025-10-01,2409,85,852994831,17.41,2.18,0.7
2025-10-01,2354,86,845752428,29.45,2.0,1.04
2025-10-01,6415,87,832998897,36.54,0.97,2.99
2025-10-01,3583,88,819206133,31.7,1.17,6.14
2025-10-01,2634,89,805828728,65.47,2.45,3.17
2025-10-01,3005,90,803177750,20.08,3.84,4.55
2025-10-01,1303,91,782474826,,1.77,0.99
2025-10-01,2316,92,775479133,12.19,0.52,1.71
2025-10-01,3030,93,755840984,21.69,2.7,5.39
2025-10-01,2890,94,754248089,13.99,4.99,1.54
2025-10-01,6531,95,747532307,88.67,2.05,5.21
2025-10-01,2884,96,731158175,17.65,3.9,2.15
2025-10-01,4904,97,710684148,23.87,4.01,3.77
2025-10-01,2618,98,709762517,7.01,6.35,1.61
2025-10-01,6409,99,705959793,17.59,4.71,10.79
2025-10-01,1519,100,699423393,37.21,1.74,21.55
2025-10-01,3533,101,693332910,21.35,2.74,5.49
2025-10-01,8210,102,680015339,27.2,1.28,9.6
2025-10-01,3016,103,677448687,470.83,0.88,3.35
2025-10-01,4916,104,675623576,43.1,0.62,2.91
2025-10-01,5269,105,646184105,25.79,2.04,3.69
2025-10-01,2313,106,622460030,15.47,3.3,2.12
2025-10-01,2377,107,620198353,20.79,4.41,1.93
2025-10-01,6449,108,619479695,33.81,1.83,4.6
2025-10-01,2429,109,610136759,,0.0,12.91
2025-10-01,3008,110,608772835,13.8,4.14,1.77
2025-10-01,3167,111,596668106,41.51,0.56,5.81
2025-10-01,4763,112,593026172,7.48,7.65,3.87
2025-10-01,2385,113,582845932,11.52,7.38,2.66
2025-10-01,3708,114,581389010,94.81,1.84,1.83
2025-10-01,6695,115,578290218,,0.0,3.23
2025-10-01,3149,116,567699825,,0.0,3.45
2025-10-01,2885,117,558977454,13.03,5.34,1.45
2025-10-01,2886,118,548528504,19.23,3.78,1.73
2025-10-01,3035,119,547107126,46.27,1.94,3.29
2025-10-01,3019,120,545636705,21.1,2.55,3.42
2025-10-01,5469,121,536803456,15.07,2.83,1.53
2025-10-01,2009,122,531666930,104.08,1.26,2.08
2025-10-01,2105,123,526383929,20.42,6.57,1.53
2025-10-01,2049,124,521157164,47.04,1.12,2.1
2025-10-01,6257,125,515012800,18.64,4.4,2.33
2025-10-01,4967,126,510754004,37.08,3.37,1.97
2025-10-01,9910,127,488433709,26.72,3.86,6.24
2025-10-01,6472,128,488171592,17.68,2.3,6.0
2025-10-01,5434,129,480015929,15.53,3.98,3.38
2025-10-01,1590,130,473777623,19.74,2.64,3.37
2025-10-01,2353,131,473555099,20.03,5.62,1.33
2025-10-01,3189,132,461453100,88.33,0.94,1.53
2025-10-01,2412,133,460321185,27.45,3.72,2.84
2025-10-01,1216,134,450401833,22.37,3.83,3.82
2025-10-01,6753,135,448213075,35.56,0.87,4.32
2025-10-01,2395,136,417979568,28.57,2.64,5.76
2025-10-01,3006,137,416338911,,1.39,2.13
2025-10-01,1402,138,412463915,17.77,5.81,0.68
2025-10-01,2329,139,407501799,35.98,2.17,3.06
2025-10-01,2328,140,407211290,26.5,2.04,2.13
2025-10-01,1717,141,406816175,29.29,2.93,1.98
2025-10-01,2892,142,404074945,16.43,4.01,1.6
2025-10-01,3702,143,380348309,14.11,4.91,1.62
2025-10-01,2474,144,377714184,16.01,8.72,0.83
2025-10-01,6789,145,373646137,52.56,1.08,4.99
2025-10-01,6271,146,373286316,15.33,2.62,0.93
2025-10-01,8271,147,371683454,30.74,3.11,2.09
2025-10-01,2801,148,371222645,13.38,5.05,1.1
2025-10-01,3535,149,364913225,,0.61,6.62
2025-10-01,4977,150,359155387,21.03,1.87,2.76
2026-01-02,2330,1,62469965712,25.9,1.07,8.22
2026-01-02,2344,2,36674571197,,0.0,4.31
2026-01-02,2408,3,27966612651,,0.0,4.08
2026-01-02,2454,4,18471115845,22.1,3.67,5.58
2026-01-02,2449,5,15211858904,30.29,1.5,6.95
2026-01-02,6770,6,14600797303,,0.0,2.15
2026-01-02,2308,7,14507759588,51.74,0.7,10.74
2026-01-02,3231,8,14087931136,20.08,2.45,3.06
2026-01-02,3481,9,13790925317,15.6,5.52,0.66
2026-01-02,2317,10,13613204429,17.01,2.5,1.98
2026-01-02,2327,11,12828394368,24.15,2.07,3.15
2026-01-02,3661,12,12728369810,49.49,1.0,7.77
2026-01-02,2368,13,9258745775,40.39,0.93,11.94
2026-01-02,3017,14,8489042455,38.18,0.68,15.59
2026-01-02,3443,15,8262839395,84.69,0.73,25.01
2026-01-02,2337,16,7314045530,,0.0,1.9
2026-01-02,3715,17,7161729657,42.19,1.18,4.56
2026-01-02,4967,18,6988952051,63.65,1.55,4.08
2026-01-02,6669,19,6945600820,18.76,1.65,7.71
2026-01-02,3450,20,6631531155,49.82,0.18,8.31
2026-01-02,8422,21,6617881243,23.55,3.05,5.04
2026-01-02,2382,22,6418480280,15.55,4.69,5.0
2026-01-02,3711,23,6227577620,31.89,2.05,3.55
2026-01-02,3706,24,6226527423,20.43,2.2,1.77
2026-01-02,1303,25,5853333897,,1.23,1.37
2026-01-02,2383,26,5679597855,41.92,1.04,12.8
2026-01-02,2059,27,5592403720,38.89,0.93,13.47
2026-01-02,0050,28,5396295605,,,
2026-01-02,2345,29,4764707735,28.43,0.96,12.9
2026-01-02,3653,30,4737372240,75.91,0.56,19.65
2026-01-02,3037,31,4726739953,104.78,0.68,3.63
2026-01-02,3189,32,4356529904,101.3,0.64,2.23
2026-01-02,3006,33,4161592927,,0.77,3.8
2026-01-02,2301,34,4159909142,26.51,2.7,4.53
2026-01-02,6442,35,4116048410,70.7,0.62,25.53
2026-01-02,8131,36,4109477211,84.43,2.17,2.72
2026-01-02,7769,37,4060828750,67.76,0.66,29.5
2026-01-02,8028,38,3955369064,44.4,1.18,6.87
2026-01-02,2404,39,3853684275,21.56,2.92,11.56
2026-01-02,8021,40,3804617796,92.89,0.64,5.96
2026-01-02,6239,41,3665679590,26.1,3.81,2.49
2026-01-02,6805,42,3649867275,58.9,0.52,17.0
2026-01-02,3008,43,3639917355,14.85,3.77,1.9
2026-01-02,3665,44,3600745270,38.01,0.7,7.07
2026-01-02,2451,45,3574639307,31.82,3.0,4.45
2026-01-02,8210,46,3529696523,39.18,0.79,12.14
2026-01-02,6531,47,3383824707,75.04,1.52,6.54
2026-01-02,6139,48,3355916772,24.55,2.46,8.32
2026-01-02,6257,49,3291482540,20.86,3.45,2.77
2026-01-02,1519,50,3118686184,54.59,1.34,26.82
2026-01-02,2603,51,2942700563,4.6,16.84,0.77
2026-01-02,6282,52,2687773123,,1.14,1.73
2026-01-02,8112,53,2669659233,44.68,4.38,2.49
2026-01-02,8996,54,2634722045,86.21,0.71,13.84
2026-01-02,2313,55,2621696157,18.92,2.54,2.55
2026-01-02,6515,56,2528851325,67.44,0.86,17.68
2026-01-02,2357,57,2465699962,11.85,6.13,1.6
2026-01-02,2409,58,2448490473,17.03,2.38,0.64
2026-01-02,3090,59,2390181271,21.39,3.89,3.36
2026-01-02,2376,60,2386051613,14.34,3.86,3.13
2026-01-02,1605,61,2384743227,91.39,1.52,0.94
2026-01-02,3167,62,2348086502,37.1,0.43,6.65
2026-01-02,4989,63,2210447802,,0.0,5.02
2026-01-02,2492,64,2174871575,25.72,1.93,1.27
2026-01-02,2884,65,2090586766,17.58,3.81,2.12
2026-01-02,3034,66,2059027394,12.79,7.63,3.51
2026-01-02,0056,67,2051211325,,,
2026-01-02,2885,68,1974026154,14.91,4.67,1.61
2026-01-02,2882,69,1946348037,14.83,4.65,1.37
2026-01-02,2891,70,1903681715,13.8,4.53,2.08
2026-01-02,1560,71,1882252454,53.41,0.98,7.91
2026-01-02,2360,72,1881966442,31.76,1.13,11.44
2026-01-02,5871,73,1874867339,10.08,6.06,1.12
2026-01-02,8039,74,1862338876,64.64,2.8,2.21
2026-01-02,0052,75,1789438944,,,
2026-01-02,2467,76,1787085074,53.47,1.85,7.69
2026-01-02,2379,77,1728897113,16.13,5.23,5.27
2026-01-02,6409,78,1728505060,22.46,4.24,10.42
2026-01-02,6706,79,1689507817,,0.0,2.8
2026-01-02,2472,80,1666377100,16.21,2.64,2.41
2026-01-02,6443,81,1617378497,,0.0,2.43
2026-01-02,2801,82,1495489352,13.42,4.9,1.13
2026-01-02,8150,83,1461179814,147.27,2.53,1.46
2026-01-02,3044,84,1454153973,16.46,3.3,3.31
2026-01-02,2329,85,1444584795,34.29,1.79,3.55
2026-01-02,2303,86,1438509914,15.22,5.85,1.69
2026-01-02,3036,87,1386634678,14.85,4.27,1.96
2026-01-02,8271,88,1356952092,30.21,1.96,3.15
2026-01-02,8046,89,1353330375,165.73,0.42,3.45
2026-01-02,2441,90,1345530958,21.48,3.33,2.23
2026-01-02,6781,91,1293657410,34.95,0.96,7.28
2026-01-02,2881,92,1258863384,12.12,4.45,1.55
2026-01-02,3048,93,1233861144,38.4,0.0,2.68
2026-01-02,2474,94,1166753052,15.03,7.7,0.88
2026-01-02,5269,95,1140196035,17.84,2.59,2.66
2026-01-02,1102,96,1124200478,11.25,5.84,0.77
2026-01-02,2353,97,1109147780,19.13,6.44,1.08
2026-01-02,6446,98,1103147635,34.33,0.44,5.55
2026-01-02,6213,99,1092713427,32.54,1.55,2.14
2026-01-02,4958,100,1061740580,18.29,3.42,1.29
2026-01-02,6176,101,1040626593,10.73,8.66,1.68
2026-01-02,3535,102,1033460991,,0.52,7.73
2026-01-02,2356,103,1031845444,17.75,3.82,2.27
2026-01-02,2402,104,1001222645,25.2,3.1,2.92
2026-01-02,4722,105,973373075,107.51,0.75,6.22
2026-01-02,6191,106,959773507,19.18,2.72,2.29
2026-01-02,2887,107,936978511,20.61,4.41,1.14
2026-01-02,2375,108,909817912,25.04,1.56,1.11
2026-01-02,3135,109,893235150,134.85,1.48,3.98
2026-01-02,3045,110,880417613,23.33,4.17,3.97
2026-01-02,4977,111,879812675,25.0,1.6,2.99
2026-01-02,1717,112,846499164,27.78,2.86,1.87
2026-01-02,6691,113,807277881,25.0,3.16,10.18
2026-01-02,3563,114,795738017,32.06,1.16,5.56
2026-01-02,1802,115,793403006,,0.0,2.26
2026-01-02,3702,116,786797099,11.19,5.41,1.32
2026-01-02,1301,117,784647790,,1.3,0.84
2026-01-02,4938,118,777711081,14.35,6.53,0.96
2026-01-02,1504,119,767418663,36.65,2.61,2.25
2026-01-02,8110,120,759855906,51.92,0.32,2.85
2026-01-02,2486,121,744044118,480.5,0.52,4.41
2026-01-02,5234,122,741727800,53.88,1.31,11.81
2026-01-02,8033,123,741081379,155.91,0.0,11.76
2026-01-02,2385,124,739284963,10.28,8.58,2.05
2026-01-02,2609,125,729706527,7.15,13.39,0.61
2026-01-02,2374,126,713462439,42.81,2.27,3.32
2026-01-02,3019,127,700979727,20.95,2.79,2.87
2026-01-02,3533,128,695779865,17.57,3.22,4.22
2026-01-02,2618,129,691425302,7.57,6.58,1.5
2026-01-02,1101,130,683846695,,4.35,0.79
2026-01-02,1216,131,675943784,22.24,3.88,3.44
2026-01-02,3030,132,670610979,19.6,2.6,5.13
2026-01-02,2002,133,656631683,,1.76,0.99
2026-01-02,2399,134,647765190,,0.0,2.26
2026-01-02,1326,135,632949858,,1.62,0.65
2026-01-02,2615,136,628628002,6.52,4.4,0.87
2026-01-02,6209,137,626678975,245.93,0.0,3.99
2026-01-02,6415,138,621864874,28.06,1.29,2.05
2026-01-02,2324,139,620056648,20.4,4.55,1.06
2026-01-02,2027,140,617812227,13.9,3.07,1.19
2026-01-02,2912,141,600833689,20.64,4.06,5.84
2026-01-02,6196,142,592670767,20.96,2.14,3.98
2026-01-02,4927,143,586959189,,0.0,1.31
2026-01-02,3035,144,567631609,58.39,1.76,3.5
2026-01-02,3305,145,564014479,37.41,2.07,2.82
2026-01-02,9904,146,563282045,7.98,5.62,0.66
2026-01-02,2371,147,560105981,6.88,10.13,1.08
2026-01-02,6155,148,527396253,96.9,2.06,2.69
2026-01-02,3005,149,525551482,14.6,5.1,3.03
2026-01-02,1727,150,503002579,452.5,1.1,2.71
2026-04-01,2330,1,85667372522,28.0,1.19,8.88
2026-04-01,2313,2,27505839927,48.28,1.05,6.62
2026-04-01,2408,3,25460998092,99.06,0.71,3.84
2026-04-01,2344,4,19253182752,105.8,0.54,3.88
2026-04-01,2308,5,18509028346,63.74,0.79,14.29
2026-04-01,2454,6,17578588190,22.2,3.65,5.84
2026-04-01,8046,7,10000038295,190.7,0.35,8.04
2026-04-01,0050,8,9824716760,,,
2026-04-01,2317,9,8867580113,14.53,3.65,1.55
2026-04-01,2383,10,8584813555,69.96,0.87,20.31
2026-04-01,3017,11,8527625450,43.13,1.0,18.55
2026-04-01,3481,12,8324559551,835.0,3.99,0.9
2026-04-01,1303,13,8295302606,138.07,1.02,1.75
2026-04-01,6770,14,8189291339,,0.0,2.83
2026-04-01,2367,15,8076876343,107.97,0.27,4.09
2026-04-01,3715,16,7887682095,68.18,0.6,4.72
2026-04-01,2345,17,7001411990,35.22,0.9,16.12
2026-04-01,2368,18,6997637375,49.76,1.06,14.28
2026-04-01,2360,19,6959600005,58.33,1.21,21.38
2026-04-01,3711,20,6642583373,38.86,1.83,4.55
2026-04-01,2455,21,6568048808,89.02,1.01,14.79
2026-04-01,4958,22,5840482552,34.57,1.57,1.89
2026-04-01,3653,23,5661398790,109.84,0.56,25.38
2026-04-01,2449,24,5596972972,31.13,0.53,6.8
2026-04-01,3533,25,5457417830,30.24,1.65,6.19
2026-04-01,2382,26,5422987211,14.94,5.37,4.6
2026-04-01,6442,27,5259413850,88.84,0.58,23.09
2026-04-01,3665,28,5157420475,41.36,0.79,7.99
2026-04-01,6669,29,4799810230,12.43,4.82,5.1
2026-04-01,3661,30,4621089680,39.64,1.26,5.44
2026-04-01,3443,31,4543682285,83.72,0.85,24.44
2026-04-01,8996,32,4523431188,100.67,0.5,20.01
2026-04-01,6285,33,4498111515,28.12,2.42,2.51
2026-04-01,6257,34,4380809154,25.28,2.69,3.43
2026-04-01,7769,35,4374603385,56.11,1.69,11.95
2026-04-01,4906,36,4345114907,,1.26,1.49
2026-04-01,6213,37,4302947065,39.18,1.84,2.79
2026-04-01,2355,38,4072545545,33.0,1.89,1.22
2026-04-01,3037,39,3866123805,113.08,0.41,7.5
2026-04-01,2303,40,3583114640,17.34,4.53,1.9
2026-04-01,3167,41,3538580090,50.0,0.99,10.47
2026-04-01,6919,42,3430597661,,0.0,15.66
2026-04-01,2409,43,3249585255,17.53,2.51,0.79
2026-04-01,2891,44,3222675502,13.43,4.28,2.09
2026-04-01,8021,45,3125421701,90.51,0.81,7.31
2026-04-01,2327,46,3066795195,21.89,2.39,3.03
2026-04-01,2467,47,3039301431,73.12,1.38,9.28
2026-04-01,1802,48,2993530580,,0.0,3.29
2026-04-01,1528,49,2897074938,,0.38,2.32
2026-04-01,3563,50,2805624700,49.05,1.81,8.73
2026-04-01,1519,51,2780612869,58.04,1.48,24.24
2026-04-01,2059,52,2742827170,33.47,1.48,11.75
2026-04-01,3231,53,2668050161,14.73,4.33,2.27
2026-04-01,3189,54,2363791275,95.13,0.53,4.63
2026-04-01,3036,55,2326915306,23.24,2.67,2.68
2026-04-01,8210,56,2252546312,31.65,1.56,10.35
2026-04-01,8028,57,2167327326,41.09,1.58,6.09
2026-04-01,2887,58,2058657210,16.94,3.74,1.31
2026-04-01,3450,59,2002868190,49.4,0.4,7.12
2026-04-01,2337,60,1993750482,,0.0,5.35
2026-04-01,6805,61,1946634605,62.1,0.65,18.35
2026-04-01,0052,62,1923849642,,,
2026-04-01,1326,63,1875470258,,1.32,0.77
2026-04-01,0056,64,1870694981,,,
2026-04-01,2489,65,1805038162,25.69,3.59,1.52
2026-04-01,2404,66,1799880310,17.34,4.8,8.44
2026-04-01,6515,67,1785184790,157.04,0.69,40.76
2026-04-01,2357,68,1751172967,9.45,7.41,1.57
2026-04-01,4967,69,1637692508,16.31,4.69,3.73
2026-04-01,3030,70,1623847162,24.45,2.73,6.31
2026-04-01,2885,71,1600057878,17.19,4.67,1.84
2026-04-01,2882,72,1598560020,10.88,4.87,1.26
2026-04-01,2603,73,1542042303,6.46,7.82,0.79
2026-04-01,6830,74,1529815315,,0.19,8.75
2026-04-01,2301,75,1500329149,22.15,3.39,3.73
2026-04-01,3583,76,1466596173,33.65,1.29,6.16
2026-04-01,6415,77,1453601374,44.21,0.9,2.94
2026-04-01,3702,78,1435485624,14.93,3.56,1.82
2026-04-01,2412,79,1422175984,26.85,3.88,2.69
2026-04-01,6139,80,1419394002,17.29,4.38,6.35
2026-04-01,6531,81,1355840528,59.51,1.52,6.11
2026-04-01,3034,82,1344587860,14.57,5.87,3.52
2026-04-01,4919,83,1322940263,,0.42,3.02
2026-04-01,6239,84,1319881131,26.03,2.31,2.56
2026-04-01,1582,85,1261900710,31.3,2.78,2.15
2026-04-01,3044,86,1249746695,18.25,3.58,3.45
2026-04-01,1309,87,1249261524,,0.64,1.63
2026-04-01,2481,88,1248944433,28.4,2.03,2.31
2026-04-01,6443,89,1244888406,,0.0,5.8
2026-04-01,2379,90,1232101533,16.93,5.16,4.78
2026-04-01,2881,91,1180851586,11.33,4.84,1.39
2026-04-01,8039,92,1135627621,54.41,1.8,2.68
2026-04-01,6505,93,1118358449,53.56,2.15,1.49
2026-04-01,5243,94,1095734233,20.2,2.47,1.82
2026-04-01,7822,95,1068434285,110.36,0.45,63.06
2026-04-01,1301,96,1023554155,,1.07,0.82
2026-04-01,2027,97,1020185208,13.01,4.06,1.16
2026-04-01,1304,98,1017998259,,0.87,1.06
2026-04-01,6446,99,1015061092,46.73,0.41,7.37
2026-04-01,2049,100,997347897,54.18,0.86,2.21
2026-04-01,2886,101,973951190,16.5,4.11,1.47
2026-04-01,3596,102,954044778,13.25,5.39,2.17
2026-04-01,6944,103,938589523,26.2,2.47,7.74
2026-04-01,2472,104,934921696,15.23,2.63,2.41
2026-04-01,3005,105,929588717,11.63,6.95,2.33
2026-04-01,2324,106,927798033,19.89,4.01,0.91
2026-04-01,1560,107,916396385,48.92,1.11,8.17
2026-04-01,2615,108,907053675,7.12,3.76,0.81
2026-04-01,1476,109,903305560,16.47,4.53,3.06
2026-04-01,2419,110,897257327,,0.0,2.38
2026-04-01,1513,111,863736139,17.97,4.14,3.46
2026-04-01,4977,112,852766995,41.29,1.23,3.63
2026-04-01,2605,113,848255128,28.28,2.44,1.37
2026-04-01,8112,114,834910732,15.79,4.96,2.22
2026-04-01,2890,115,833205430,17.32,4.1,1.8
2026-04-01,3376,116,826926357,120.25,3.06,2.23
2026-04-01,3008,117,825837860,13.67,3.65,1.54
2026-04-01,6409,118,822655769,19.38,4.76,7.14
2026-04-01,4960,119,819669355,,0.0,1.69
2026-04-01,1477,120,816297220,15.56,6.58,4.0
2026-04-01,4989,121,804375344,,0.0,6.19
2026-04-01,6451,122,801931055,1173.08,0.12,4.96
2026-04-01,2883,123,785844005,12.22,4.8,1.12
2026-04-01,2002,124,784384471,,0.77,1.01
2026-04-01,1590,125,775746610,24.4,2.79,3.9
2026-04-01,2369,126,754074714,,0.99,2.36
2026-04-01,3026,127,742008940,21.58,4.08,2.32
2026-04-01,6781,128,738258700,26.13,1.91,5.07
2026-04-01,1101,129,736560028,,3.38,0.79
2026-04-01,6282,130,730247016,251.39,1.77,1.71
2026-04-01,3023,131,726756870,19.93,3.85,3.84
2026-04-01,1402,132,718303264,18.6,4.6,0.63
2026-04-01,6831,133,692248855,91.46,0.74,9.75
2026-04-01,2376,134,682957123,12.75,4.31,2.63
2026-04-01,1216,135,681332078,20.84,4.17,3.01
2026-04-01,2492,136,680868367,24.89,2.03,1.1
2026-04-01,4949,137,679851789,35.74,2.06,2.76
2026-04-01,6414,138,667478030,12.46,5.1,1.44
2026-04-01,8110,139,654238907,20.78,0.39,2.13
2026-04-01,2485,140,651244232,,0.0,5.06
2026-04-01,3714,141,644082236,,1.83,0.88
2026-04-01,2395,142,643837550,27.06,3.38,5.22
2026-04-01,6789,143,638480450,79.5,0.94,5.49
2026-04-01,3305,144,631709350,35.0,2.19,2.58
2026-04-01,2884,145,620384235,15.24,4.33,1.92
2026-04-01,4938,146,608400701,14.56,5.12,1.01
2026-04-01,7721,147,607902606,147.88,1.3,3.29
2026-04-01,5871,148,606297145,10.24,5.5,1.11
2026-04-01,2892,149,600339424,15.21,4.22,1.4
2026-04-01,2609,150,592843106,10.76,3.8,0.56
2026-07-01,2330,1,93600076825,33.68,0.88,11.03
2026-07-01,2327,2,84178023525,89.76,0.53,14.05
2026-07-01,2344,3,45690769245,56.38,0.26,7.33
2026-07-01,2454,4,43956801560,69.08,1.23,17.73
2026-07-01,2408,5,43520129073,37.69,0.32,6.76
2026-07-01,2303,6,41495531853,42.46,1.54,5.23
2026-07-01,3481,7,40982879343,612.73,1.48,2.37
2026-07-01,3037,8,35847226820,152.94,0.19,14.57
2026-07-01,3189,9,35018399433,250.14,0.17,10.84
2026-07-01,4958,10,32463873197,85.05,0.57,5.13
2026-07-01,8046,11,25742039075,248.94,0.17,16.26
2026-07-01,2409,12,23436940682,95.78,1.31,1.55
2026-07-01,6770,13,20077012345,41.98,0.0,3.26
2026-07-01,2337,14,19135241370,,0.0,5.61
2026-07-01,2308,15,17529889380,73.38,0.58,17.26
2026-07-01,2317,16,16492926865,17.61,2.89,1.95
2026-07-01,3711,17,15595089792,65.27,0.94,8.8
2026-07-01,3017,18,14509902815,43.05,0.8,22.77
2026-07-01,6669,19,14158093790,16.88,3.26,6.68
2026-07-01,2449,20,12556078428,44.91,0.45,7.44
2026-07-01,8150,21,12320120500,90.68,1.15,3.04
2026-07-01,6271,22,12263611140,42.66,1.04,2.27
2026-07-01,2345,23,12098866390,50.3,0.56,22.76
2026-07-01,3008,24,12062422910,27.03,1.85,3.07
2026-07-01,3443,25,11464470595,151.77,0.4,46.36
2026-07-01,2472,26,11144956820,49.13,0.82,7.28
2026-07-01,1802,27,10765004503,546.92,0.0,4.16
2026-07-01,2881,28,9810803223,16.85,3.47,1.88
2026-07-01,6239,29,9798764474,39.94,1.34,4.25
2026-07-01,2357,30,8770628861,11.74,6.39,1.7
2026-07-01,1303,31,8391316069,79.22,0.44,3.78
2026-07-01,0050,32,8327320323,,,
2026-07-01,8021,33,7945700172,160.74,0.36,15.12
2026-07-01,3661,34,7920048835,65.22,0.77,8.41
2026-07-01,2379,35,7891990211,29.84,3.02,9.45
2026-07-01,2882,36,7658242386,14.42,3.68,1.9
2026-07-01,7769,37,7331501310,86.85,0.93,19.96
2026-07-01,6213,38,7299554991,88.02,0.83,6.2
2026-07-01,6531,39,6697418281,97.66,0.73,13.25
2026-07-01,2375,40,6625469571,70.67,0.52,2.52
2026-07-01,2464,41,6402570495,,0.26,7.8
2026-07-01,3706,42,6218972469,17.42,4.38,1.82
2026-07-01,2363,43,6191761966,43.24,0.82,1.86
2026-07-01,2360,44,6127475640,71.59,0.86,34.67
2026-07-01,2313,45,6053364788,38.8,1.27,5.6
2026-07-01,3231,46,5949197491,16.0,3.45,2.67
2026-07-01,2404,47,5685237000,24.16,3.08,17.07
2026-07-01,3702,48,5603369985,13.43,3.45,2.05
2026-07-01,2383,49,5450002915,120.07,0.45,41.37
2026-07-01,2368,50,5383220970,55.08,0.8,17.89
2026-07-01,2382,51,5173827518,18.7,4.19,6.91
2026-07-01,3016,52,5081601220,297.56,0.41,7.19
2026-07-01,2886,53,5011873131,18.76,3.79,1.7
2026-07-01,8033,54,4768588467,277.61,0.0,14.72
2026-07-01,6257,55,4743946373,36.62,1.73,5.42
2026-07-01,2377,56,4742966485,15.2,2.89,2.24
2026-07-01,2406,57,4588622667,,0.0,3.86
2026-07-01,2892,58,4525452100,17.03,3.92,1.6
2026-07-01,6139,59,4488387357,25.31,2.52,9.81
2026-07-01,3665,60,4314795415,40.57,0.75,8.41
2026-07-01,2890,61,4298536552,19.14,3.25,2.18
2026-07-01,2059,62,4254172895,67.47,0.67,23.14
2026-07-01,6672,63,3947892335,52.53,1.15,5.59
2026-07-01,2301,64,3838786219,32.28,2.28,5.65
2026-07-01,1718,65,3838681384,51.67,0.0,0.74
2026-07-01,3036,66,3823145004,14.96,3.7,2.37
2026-07-01,8261,67,3702568039,50.94,1.68,5.78
2026-07-01,6446,68,3683688415,85.27,0.19,14.68
2026-07-01,2891,69,3481859179,17.01,3.54,2.52
2026-07-01,2801,70,3339454443,14.91,4.4,1.24
2026-07-01,6442,71,3334403940,59.41,0.75,17.4
2026-07-01,2634,72,3285784302,70.25,1.39,2.92
2026-07-01,3149,73,3053269398,,0.0,8.58
2026-07-01,1519,74,3051394691,52.03,1.59,29.03
2026-07-01,2887,75,3036610758,16.35,3.3,1.46
2026-07-01,1102,76,3032581046,11.78,6.55,0.7
2026-07-01,6278,77,3019626846,23.63,2.69,2.69
2026-07-01,6285,78,2989756786,36.73,1.73,3.44
2026-07-01,3034,79,2937437215,22.05,4.28,4.55
2026-07-01,3044,80,2906718378,24.59,2.51,4.56
2026-07-01,3042,81,2897669921,39.31,2.33,4.63
2026-07-01,2458,82,2878063848,19.99,3.9,5.37
2026-07-01,2412,83,2855971042,28.13,3.67,2.77
2026-07-01,2884,84,2788952832,14.95,4.26,1.87
2026-07-01,3583,85,2749834386,61.36,0.66,9.52
2026-07-01,2467,86,2741958672,85.9,0.85,12.12
2026-07-01,5269,87,2728657650,18.04,3.06,2.95
2026-07-01,6451,88,2671991521,,0.04,7.94
2026-07-01,0056,89,2665406076,,,
2026-07-01,6409,90,2662158665,32.37,3.27,9.59
2026-07-01,6116,91,2630070778,,0.0,1.55
2026-07-01,2356,92,2624808356,25.44,2.99,3.27
2026-07-01,2492,93,2605348964,115.52,0.41,5.47
2026-07-01,2618,94,2597348009,8.33,4.56,1.75
2026-07-01,3030,95,2586410180,30.61,1.98,7.98
2026-07-01,3653,96,2570642550,94.05,0.65,23.55
2026-07-01,2883,97,2541340180,15.9,3.53,1.42
2026-07-01,2312,98,2534486001,33.46,1.72,2.33
2026-07-01,2451,99,2479053938,8.1,4.7,4.12
2026-07-01,1301,100,2427128772,,0.92,0.89
2026-07-01,3045,101,2403127865,23.94,4.02,3.93
2026-07-01,6515,102,2386375220,182.17,0.56,49.31
2026-07-01,3006,103,2277774747,25.33,0.47,4.64
2026-07-01,2610,104,2272218409,8.81,3.59,1.34
2026-07-01,6719,105,2229901022,41.36,1.55,2.19
2026-07-01,8028,106,2225090265,69.03,0.87,10.31
2026-07-01,3005,107,2149260582,13.07,6.38,2.84
2026-07-01,3533,108,2134693745,30.35,1.62,5.78
2026-07-01,2376,109,2101112502,15.76,3.56,3.5
2026-07-01,2027,110,2083250163,12.13,3.61,1.23
2026-07-01,6831,111,2073457797,183.54,0.33,22.78
2026-07-01,2603,112,1993494693,8.11,8.63,0.69
2026-07-01,1326,113,1977017238,375.33,1.07,0.88
2026-07-01,4919,114,1891956665,,0.0,5.35
2026-07-01,8039,115,1891865733,61.39,1.37,3.62
2026-07-01,4916,116,1818126084,20.05,0.44,3.8
2026-07-01,6196,117,1771629420,36.37,1.13,7.2
2026-07-01,3035,118,1767048422,112.77,0.85,4.05
2026-07-01,3715,119,1758249996,177.32,0.63,4.54
2026-07-01,2049,120,1730969946,75.93,0.57,3.28
2026-07-01,8112,121,1729009524,10.81,4.24,2.56
2026-07-01,2352,122,1712130661,52.18,3.09,1.74
2026-07-01,2474,123,1684359157,19.44,5.06,0.8
2026-07-01,2481,124,1680389592,61.75,0.93,5.13
2026-07-01,0052,125,1677315382,,,
2026-07-01,6191,126,1664540975,16.12,2.51,1.87
2026-07-01,6282,127,1654381373,116.4,1.37,2.21
2026-07-01,3406,128,1651461790,19.42,2.65,2.77
2026-07-01,3413,129,1650965885,17.63,3.31,2.31
2026-07-01,3026,130,1620975006,115.85,0.65,15.39
2026-07-01,2324,131,1582286776,26.02,3.18,1.15
2026-07-01,9904,132,1573298087,6.89,5.2,0.49
2026-07-01,4904,133,1565732257,26.27,3.68,3.89
2026-07-01,8016,134,1520343417,21.29,3.39,3.48
2026-07-01,6155,135,1518657466,176.0,0.91,4.82
2026-07-01,6781,136,1470005955,30.16,1.62,5.57
2026-07-01,2351,137,1445087534,90.93,0.54,5.17
2026-07-01,4967,138,1406939851,6.41,3.99,3.0
2026-07-01,5434,139,1390281809,22.61,2.53,5.37
2026-07-01,6789,140,1374500625,115.05,0.56,9.0
2026-07-01,2484,141,1317771935,107.84,0.88,3.1
2026-07-01,2395,142,1304950803,39.02,2.23,8.8
2026-07-01,2486,143,1301990836,452.94,0.22,10.25
2026-07-01,2885,144,1301769475,20.31,3.33,2.45
2026-07-01,3717,145,1250064060,361.88,0.69,1.79
2026-07-01,2353,146,1248194095,24.32,4.05,1.33
2026-07-01,8210,147,1218503575,38.39,1.08,12.87
2026-07-01,2645,148,1213013540,31.15,2.45,6.04
2026-07-01,3605,149,1205798807,24.74,1.96,1.76
2026-07-01,6805,150,1202946530,43.39,0.74,15.7
